Trade Date,Symbol,Series,Security Name,Category,Last Trade Date,Face Value(Rs.),Issue Size,Close Price/Paid up value(Rs.),Market Cap(Rs.)              
29 JUN 2026,20MICRONS,EQ,20 MICRONS LTD           ,Listed    ,29 JUN 2026,               5.00,          35286502,            197.40,     6966261224.85 
29 JUN 2026,21STCENMGM,EQ,21ST CENTURY MGMT SERVICE,Listed    ,29 JUN 2026,              10.00,          10500000,             32.60,      342300000.00
29 JUN 2026,360ONE,EQ,360 ONE WAM LIMITED      ,Listed    ,29 JUN 2026,               1.00,         405915969,           1089.80,   442367223016.20    
29 JUN 2026,3BBLACKBIO,EQ,3B BLACKBIO DX LTD.      ,Permitted ,29 JUN 2026,              10.00,           8582670,           1173.80,    10074338046.00
29 JUN 2026,3IINFOLTD,EQ,3I INFOTECH LIMITED      ,Listed    ,29 JUN 2026,              10.00,         207396267,             17.25,     3575511643.10 
29 JUN 2026,3MINDIA,EQ,3M INDIA LIMITED         ,Listed    ,29 JUN 2026,              10.00,          11265070,          32710.00,   368480439700.00   
29 JUN 2026,3PLAND,EQ,3P LAND HOLDINGS LIMITED ,Listed    ,29 JUN 2026,               2.00,          18000000,             31.80,      572220000.00    
29 JUN 2026,5PAISA,EQ,5PAISA CAPITAL LIMITED   ,Listed    ,29 JUN 2026,              10.00,          46882257,            351.05,    16458016319.85    
29 JUN 2026,63MOONS,EQ,63 MOONS TECHNOLOGIES LTD,Listed    ,29 JUN 2026,               2.00,          46078537,            656.65,    30257471321.05   
29 JUN 2026,A2ZINFRA,EQ,A2Z INFRA ENGINEERING LTD,Listed    ,29 JUN 2026,              10.00,         176119858,             13.75,     2421648047.50  
29 JUN 2026,AAATECH,EQ,AAA TECHNOLOGIES LIMITED ,Listed    ,29 JUN 2026,              10.00,          12826800,             94.20,     1208156292.00   
29 JUN 2026,AADHARHFC,EQ,AADHAR HOUSING FINANCE L ,Listed    ,29 JUN 2026,              10.00,         434836463,            518.75,   225571415181.25 
29 JUN 2026,AAKAAR,SM,AAKAAR MEDICAL TECHNO LTD,Listed    ,29 JUN 2026,              10.00,          14172816,             74.10,     1050205665.60    
29 JUN 2026,AAKASH,EQ,AAKASH EXPLORATION SER L ,Listed    ,29 JUN 2026,               1.00,         101250000,              8.70,      881887500.00    
29 JUN 2026,AARADHYA,SM,AARADHYA DISPOSAL INDUS L,Listed    ,29 JUN 2026,              10.00,          14138000,             78.00,     1102764000.00  
29 JUN 2026,AAREYDRUGS,BE,AAREY DRUGS & PHARM LTD  ,Listed    ,29 JUN 2026,              10.00,          28354303,             92.00,     2608595876.00
29 JUN 2026,AARNAV,EQ,AARNAV FASHIONS LIMITED  ,Listed    ,29 JUN 2026,              10.00,          42238628,             24.60,     1039915021.35    
29 JUN 2026,AARON,EQ,AARON INDUSTRIES LIMITED ,Listed    ,29 JUN 2026,              10.00,          20946478,            117.40,     2458697587.65     
29 JUN 2026,AARTECH,EQ,AARTECH SOLONICS LIMITED ,Listed    ,29 JUN 2026,               5.00,          31770375,             48.05,     1525931111.25   
29 JUN 2026,AARTIDRUGS,EQ,AARTI DRUGS LTD.         ,Listed    ,29 JUN 2026,              10.00,          91270000,            373.45,    34084781500.00
29 JUN 2026,AARTIIND,EQ,AARTI INDUSTRIES LTD     ,Listed    ,29 JUN 2026,               5.00,         362594369,            457.20,   165778145506.80  
29 JUN 2026,AARTIPHARM,EQ,AARTI PHARMALABS LIMITED ,Listed    ,29 JUN 2026,               5.00,          90657751,            675.30,    61221179250.30
29 JUN 2026,AARTISURF,EQ,AARTI SURFACTANTS LIMITED,Listed    ,29 JUN 2026,              10.00,           8464995,            370.50,     3136280647.50 
29 JUN 2026,AARVI,EQ,AARVI ENCON LIMITED      ,Listed    ,29 JUN 2026,              10.00,          14810700,            140.30,     2078237424.00     
29 JUN 2026,AATMAJ,SM,AATMAJ HEALTHCARE LIMITED,Listed    ,29 JUN 2026,               5.00,          22600000,             18.75,      423750000.00    
29 JUN 2026,AAVAS,EQ,AAVAS FINANCIERS LIMITED ,Listed    ,29 JUN 2026,              10.00,          79191876,           1483.80,   117504905608.80     
29 JUN 2026,ABAN,BE,ABAN OFFSHORE LTD.       ,Listed    ,29 JUN 2026,               2.00,          58365323,             13.20,      769254957.15      
29 JUN 2026,ABANSENT,BE,ABANS ENTERPRISES LTD.   ,Permitted ,29 JUN 2026,               2.00,          69748880,             27.55,     1920884155.20  
29 JUN 2026,ABB,EQ,ABB INDIA LIMITED        ,Listed    ,29 JUN 2026,               2.00,         211908375,           7128.00,  1510482897000.00       
29 JUN 2026,ABBOTINDIA,EQ,ABBOTT INDIA LIMITED     ,Permitted ,29 JUN 2026,              10.00,          21249302,          25295.00,   537501094090.00
29 JUN 2026,ABCAPITAL,EQ,ADITYA BIRLA CAPITAL LTD.,Listed    ,29 JUN 2026,              10.00,        2619471475,            385.30,  1009282359317.50 
29 JUN 2026,ABCOTS,EQ,A B COTSPIN INDIA LIMITED,Listed    ,29 JUN 2026,              10.00,          21963620,            223.00,     4898106896.20    
29 JUN 2026,ABDL,EQ,ALLIED BLEND N DISTILS L ,Listed    ,29 JUN 2026,               2.00,         279710151,            659.50,   184468844584.50      
29 JUN 2026,ABFRL,EQ,ADITYA BIRLA FASHION & RT,Listed    ,29 JUN 2026,              10.00,        1220510115,             58.80,    71765994762.00     
29 JUN 2026,ABHAPOWER,SM,ABHA POWER N STEEL LTD   ,Listed    ,29 JUN 2026,              10.00,          18587830,             27.05,      502800801.50 
29 JUN 2026,ABINFRA,EQ,A B INFRABUILD LIMITED   ,Listed    ,29 JUN 2026,               1.00,         638789360,             11.70,     7473835512.00   
29 JUN 2026,ABLBL,EQ,ADITYA BIRLA LIFES BRAN L,Listed    ,29 JUN 2026,              10.00,        1220509509,             96.40,   117632706477.40     
29 JUN 2026,ABMINTLLTD,EQ,ABM INTERNATIONAL LTD    ,Listed    ,29 JUN 2026,              10.00,           9408000,             41.95,      394571520.00
29 JUN 2026,ABMKNO,EQ,A B M KNOWLEDGEWARE LTD. ,Permitted ,29 JUN 2026,               5.00,          20002200,            199.00,     3980437800.00    
29 JUN 2026,ABNINT,IT,A B N INTERCORP LIMITED  ,Listed    ,Not Traded ,              10.00,            419532,            200.00,       83906400.00    
29 JUN 2026,ABREL,EQ,ADITYA BIRLA REAL EST LTD,Listed    ,29 JUN 2026,              10.00,         111695680,           1315.00,   146879819200.00     
29 JUN 2026,ABSLAMC,EQ,ADIT BIRL SUN LIF AMC LTD,Listed    ,29 JUN 2026,               5.00,         288785629,           1170.80,   338110214433.20   
29 JUN 2026,ABSMARINE,ST,ABS MARINE SERVICES LTD  ,Listed    ,29 JUN 2026,              10.00,          24550000,            236.35,     5802392500.00 
29 JUN 2026,ACC,EQ,ACC LIMITED              ,Listed    ,29 JUN 2026,              10.00,         187787263,           1333.40,   250395536484.20       
29 JUN 2026,ACCELYA,EQ,ACCELYA SOLN INDIA LTD   ,Listed    ,29 JUN 2026,              10.00,          14926261,           1100.40,    16424857604.40   
29 JUN 2026,ACCENTMIC,SM,ACCENT MICROCELL LIMITED ,Listed    ,29 JUN 2026,              10.00,          23989020,            483.70,    11603488974.00 
29 JUN 2026,ACCORD,ST,ACCORD SYNERGY LIMITED   ,Listed    ,29 JUN 2026,              10.00,           3472000,            139.90,      485732800.00    
29 JUN 2026,ACCPL,ST,ACCRETION PHARMA LIMITED ,Listed    ,29 JUN 2026,              10.00,          11116000,            155.35,     1726870600.00     
29 JUN 2026,ACCURACY,EQ,ACCURACY SHIPPING LIMITED,Listed    ,29 JUN 2026,               1.00,         150560000,              5.40,      813024000.00  
29 JUN 2026,ACE,EQ,ACTION CONST EQUIP LTD   ,Listed    ,29 JUN 2026,               2.00,         119083196,            985.15,   117314810539.40       
29 JUN 2026,ACEINTEG,EQ,ACE INTEGRATED SOLU. LTD.,Listed    ,29 JUN 2026,              10.00,          10200000,             21.05,      214608000.00  
29 JUN 2026,ACETEC,SM,ACETECH E-COMMERCE LTD   ,Listed    ,29 JUN 2026,              10.00,          16383735,            120.00,     1966048200.00    
29 JUN 2026,ACI,EQ,ARCHEAN CHEMICAL IND LTD ,Listed    ,29 JUN 2026,               2.00,         123458394,            521.35,    64365033711.90       
29 JUN 2026,ACL,EQ,ANDHRA CEMENTS LIMITED   ,Listed    ,29 JUN 2026,              10.00,          92172140,             52.75,     4862080385.00       
29 JUN 2026,ACMESOLAR,EQ,ACME SOLAR HOLDINGS LTD  ,Listed    ,29 JUN 2026,               2.00,         605971804,            379.25,   229814806667.00 
29 JUN 2026,ACSTECH,EQ,A C S TECHNOLOGIES LTD.  ,Permitted ,29 JUN 2026,              10.00,          60681608,             44.75,     2714288325.85   
29 JUN 2026,ACTIVEINFR,SM,ACTIVE INFRASTRUCTURES L ,Listed    ,25 JUN 2026,               5.00,          15015016,            178.50,     2680180356.00
29 JUN 2026,ACUTAAS,EQ,ACUTAAS CHEMICALS LIMITED,Listed    ,29 JUN 2026,               5.00,          81871122,           3568.20,   292132537520.40   
29 JUN 2026,ADANIENSOL,EQ,ADANI ENERGY SOLUTION LTD,Listed    ,29 JUN 2026,              10.00,        1201282642,           1486.40,  1785586519068.80
29 JUN 2026,ADANIENT,EQ,ADANI ENTERPRISES LIMITED,Listed    ,29 JUN 2026,               1.00,        1291893209,           2962.50,  3827233631662.50  
29 JUN 2026,ADANIGREEN,EQ,ADANI GREEN ENERGY LTD   ,Listed    ,29 JUN 2026,              10.00,        1647176155,           1502.50,  2474882172887.50
29 JUN 2026,ADANIPORTS,EQ,ADANI PORT & SEZ LTD     ,Listed    ,29 JUN 2026,               2.00,        2303959098,           1776.10,  4092061753957.80
29 JUN 2026,ADANIPOWER,EQ,ADANI POWER LTD          ,Listed    ,29 JUN 2026,               2.00,       19284694705,            227.05,  4378589932770.25
29 JUN 2026,ADDICTIVE,SM,ADDICTIVE LEARNING TECH L,Listed    ,29 JUN 2026,              10.00,          15909732,             40.85,      649912552.20 
29 JUN 2026,ADFFOODS,EQ,ADF FOODS LIMITED        ,Listed    ,29 JUN 2026,               2.00,         109863595,            305.05,    33513889654.75  
29 JUN 2026,ADISOFT,SM,ADISOFT TECHNOLOGIES LTD ,Listed    ,29 JUN 2026,              10.00,          16318000,            192.20,     3136319600.00   
29 JUN 2026,ADL,EQ,ARCHIDPLY DECOR LIMITED  ,Listed    ,29 JUN 2026,              10.00,           5566250,             68.05,      378783312.50       
29 JUN 2026,ADOR,EQ,ADOR WELDING LTD         ,Listed    ,29 JUN 2026,              10.00,          17402815,           1251.20,    21774402128.00      
29 JUN 2026,ADROITINFO,EQ,ADROIT INFOTECH LIMITED  ,Listed    ,29 JUN 2026,              10.00,          54177208,              8.90,      483260695.35
29 JUN 2026,ADSL,EQ,ALLIED DIGITAL SERV. LTD ,Listed    ,29 JUN 2026,               5.00,          56514128,            124.45,     7033183229.60      
29 JUN 2026,ADVAIT,EQ,ADVAIT ENRGY TRANSITION L,Listed    ,29 JUN 2026,              10.00,          10936777,           2258.90,    24705085565.30    
29 JUN 2026,ADVANCE,EQ,ADVANCE AGROLIFE LIMITED ,Listed    ,29 JUN 2026,              10.00,          64285720,            108.95,     7004572051.20   
29 JUN 2026,ADVANIHOTR,EQ,ADVANI HOT.& RES.(I) LTD ,Listed    ,29 JUN 2026,               2.00,          92438500,             52.80,     4882601570.00
29 JUN 2026,ADVENTHTL,EQ,ADVENT HOTELS INTERNATI L,Listed    ,29 JUN 2026,              10.00,          53942887,            141.85,     7651798520.95 
29 JUN 2026,ADVENZYMES,EQ,ADVANCED ENZYME TECH LTD ,Listed    ,29 JUN 2026,               2.00,         111926800,            321.10,    35939695480.00
29 JUN 2026,AEGISLOG,EQ,AEGIS LOGISTICS LIMITED  ,Listed    ,29 JUN 2026,               1.00,         351000000,           1174.10,   412109100000.00  
29 JUN 2026,AEGISVOPAK,EQ,AEGIS VOPAK TERMINALS LTD,Listed    ,29 JUN 2026,              10.00,        1107991489,            232.75,   257907178894.55
29 JUN 2026,AEPL,EQ,ARTEMIS ELECTRICALS & P L,Listed    ,29 JUN 2026,               1.00,         251036900,             16.05,     4031652614.00      
29 JUN 2026,AEQUS,EQ,AEQUS LIMITED            ,Listed    ,29 JUN 2026,              10.00,         670665635,            239.55,   160657952864.25     
29 JUN 2026,AEROENTER,EQ,AEROFLEX ENTERPRISES LTD ,Listed    ,29 JUN 2026,               2.00,         113085000,            142.30,    16091995500.00 
29 JUN 2026,AEROFLEX,EQ,AEROFLEX INDUSTRIES LTD  ,Listed    ,29 JUN 2026,               2.00,         132330768,            469.00,    62063130192.00  
29 JUN 2026,AERON,SM,AERON COMPOSITE LIMITED  ,Listed    ,29 JUN 2026,              10.00,          17020000,             79.55,     1353941000.00     
29 JUN 2026,AERONEU,EQ,AEROFLEX NEU LIMITED     ,Listed    ,29 JUN 2026,              10.00,          25796000,            100.20,     2584759200.00   
29 JUN 2026,AESTHETIK,SM,AESTHETIK ENGINEERS LTD  ,Listed    ,29 JUN 2026,              10.00,          17220175,             73.95,     1273431941.25 
29 JUN 2026,AETHER,EQ,AETHER INDUSTRIES LIMITED,Listed    ,29 JUN 2026,              10.00,         132674370,           1342.20,   178075539414.00    
29 JUN 2026,AFCONS,EQ,AFCONS INFRASTRUCTURE LTD,Listed    ,29 JUN 2026,              10.00,         367784631,            315.85,   116164775701.35    
29 JUN 2026,AFFLE,EQ,AFFLE 3I LIMITED         ,Listed    ,29 JUN 2026,               2.00,         140757384,           1399.50,   196989958908.00     
29 JUN 2026,AFFORDABLE,BE,AFFORD ROBO & AUTO LTD   ,Listed    ,29 JUN 2026,              10.00,          11246266,            167.90,     1888135598.75
29 JUN 2026,AFIL,BE,AKME FINTRADE (INDIA) LTD,Listed    ,29 JUN 2026,               1.00,         426749960,             10.40,     4438199584.00      
29 JUN 2026,AFSL,EQ,ABANS FINANCIAL SRVCS LTD,Listed    ,29 JUN 2026,               2.00,          50658840,            201.05,    10184453193.60      
29 JUN 2026,AGARIND,EQ,AGARWAL INDS CORP LTD.   ,Listed    ,29 JUN 2026,              10.00,          14957789,            533.85,     7985215657.65   
29 JUN 2026,AGARWALEYE,EQ,DR AGARWALS HEALTH CARE L,Listed    ,29 JUN 2026,               1.00,         316807506,            474.15,   150214278969.90
29 JUN 2026,AGARWALFT,ST,AGARWAL FLOAT GLASS I LTD,Listed    ,29 JUN 2026,              10.00,           7243488,             40.00,      289739520.00 
29 JUN 2026,AGARWALTUF,SM,AGARWAL TOUGH GLASS IND L,Listed    ,29 JUN 2026,              10.00,          17674600,            131.90,     2331279740.00
29 JUN 2026,AGI,EQ,AGI GREENPAC LIMITED     ,Listed    ,29 JUN 2026,               2.00,          64697381,            684.80,    44304766508.80       
29 JUN 2026,AGIIL,EQ,AGI INFRA LIMITED        ,Listed    ,29 JUN 2026,               1.00,         124997388,            366.25,    45780293355.00     
29 JUN 2026,AGNI,SM,AGNI GREEN POWER LTD     ,Listed    ,29 JUN 2026,              10.00,          19534800,             17.90,      349672920.00      
29 JUN 2026,AGRITECH,BE,AGRI-TECH (INDIA) LIMITED,Listed    ,29 JUN 2026,              10.00,           5940000,            112.35,      667359000.00  
29 JUN 2026,AGROPHOS,EQ,AGRO PHOS INDIA LIMITED  ,Listed    ,29 JUN 2026,              10.00,          20274115,             30.35,      615724872.55  
29 JUN 2026,AGSTRA,BZ,AGS TRANSACT TECH LTD    ,Listed    ,29 JUN 2026,              10.00,         128433076,              2.55,      328788674.55    
29 JUN 2026,AGUL,SM,A G UNIVERSAL LIMITED    ,Listed    ,01 JUN 2026,              10.00,           5484000,             63.90,      350427600.00      
29 JUN 2026,AHCL,EQ,ANLON HEALTHCARE LIMITED ,Listed    ,29 JUN 2026,               2.00,         531515000,             16.15,     8578652100.00      
29 JUN 2026,AHIMSA,ST,AHIMSA INDUSTRIES LTD.   ,Listed    ,23 MAR 2026,              10.00,           5473990,             24.70,      135207553.00    
29 JUN 2026,AHLADA,EQ,AHLADA ENGINEERS LIMITED ,Listed    ,29 JUN 2026,              10.00,          12921000,             39.55,      511154760.00    
29 JUN 2026,AHLEAST,EQ,ASIAN HOTELS (EAST) LTD  ,Listed    ,29 JUN 2026,              10.00,          17291696,            146.65,     2535481384.50   
29 JUN 2026,AHLUCONT,EQ,AHLUWALIA CONT IND LTD   ,Listed    ,29 JUN 2026,               2.00,          66987560,            871.05,    58349514138.00  
29 JUN 2026,AHLWEST,BE,ASIAN HOTELS (WEST) LTD  ,Listed    ,29 JUN 2026,              10.00,          11651210,            586.95,     6838677709.50   
29 JUN 2026,AIAENG,EQ,AIA ENGINEERING LIMITED  ,Listed    ,29 JUN 2026,               2.00,          93320370,           4951.40,   462066480018.00    
29 JUN 2026,AIIL,EQ,AUTHUM INVEST & INFRA LTD,Listed    ,29 JUN 2026,               1.00,         849225500,            518.05,   439941270275.00      
29 JUN 2026,AILIMITED,ST,ABHISHEK INTEGRATIONS LTD,Listed    ,29 JUN 2026,              10.00,           6021570,             34.30,      206539851.00 
29 JUN 2026,AIMTRON,SM,AIMTRON ELECTRONICS LTD  ,Listed    ,29 JUN 2026,              10.00,          20609177,           1251.80,    25798567768.60   
29 JUN 2026,AIRAN,EQ,AIRAN LIMITED            ,Listed    ,29 JUN 2026,               2.00,         125020000,             16.30,     2037826000.00     
29 JUN 2026,AIROLAM,EQ,AIRO LAM LIMITED         ,Listed    ,29 JUN 2026,              10.00,          15002000,             96.05,     1440642060.00   
29 JUN 2026,AISL,SM,ANI INTEGRATED SERV LTD. ,Listed    ,29 JUN 2026,              10.00,          11687200,             54.95,      642211640.00      
29 JUN 2026,AJANTPHARM,EQ,AJANTA PHARMA LIMITED    ,Listed    ,29 JUN 2026,               2.00,         124935624,           3384.20,   422807138740.80
29 JUN 2026,AJAXENGG,EQ,AJAX ENGINEERING LIMITED ,Listed    ,29 JUN 2026,               1.00,         114406800,            541.40,    61939841520.00  
29 JUN 2026,AJMERA,EQ,AJMERA REALTY & INF I LTD,Listed    ,29 JUN 2026,               2.00,         196795650,            128.90,    25363023372.00    
29 JUN 2026,AJOONI,EQ,AJOONI BIOTECH LIMITED   ,Listed    ,29 JUN 2026,               2.00,         172243598,              3.65,      626966696.70    
29 JUN 2026,AKANKSHA,ST,AKANKSHA POWER N INFRA L ,Listed    ,29 JUN 2026,              10.00,          19580520,             87.60,     1715253552.00  
29 JUN 2026,AKASH,EQ,AKASH INFRA-PROJECTS LTD ,Listed    ,29 JUN 2026,              10.00,          16862534,             26.90,      453433539.25     
29 JUN 2026,AKCAPIT,EQ,A K CAPITAL SERVICES LTD.,Permitted ,29 JUN 2026,              10.00,           6600000,           1777.10,    11728860000.00   
29 JUN 2026,AKG,EQ,AKG EXIM LIMITED         ,Listed    ,29 JUN 2026,              10.00,          31776576,             10.75,      341280426.25       
29 JUN 2026,AKI,EQ,AKI INDIA LIMITED        ,Listed    ,29 JUN 2026,               2.00,         103205956,              4.70,      484035933.65       
29 JUN 2026,AKIKO,ST,AKIKO GLOBAL SERVICES L  ,Listed    ,29 JUN 2026,              10.00,          10769600,            286.00,     3080105600.00     
29 JUN 2026,AKSHAR,EQ,AKSHAR SPINTEX LIMITED   ,Listed    ,29 JUN 2026,               1.00,         787468500,              0.45,      346486140.00    
29 JUN 2026,AKSHARCHEM,EQ,AKSHARCHEM INDIA LIMITED ,Listed    ,29 JUN 2026,              10.00,           8033099,            234.40,     1882797743.60
29 JUN 2026,AKSHOPTFBR,BE,AKSH OPTIFIBRE  LTD      ,Listed    ,29 JUN 2026,               5.00,         162697971,              7.15,     1160036533.25
29 JUN 2026,AKUMS,EQ,AKUMS DRUGS AND PHARMA L ,Listed    ,29 JUN 2026,               2.00,         157393988,            624.65,    98316154604.20     
29 JUN 2026,ALANKIT,EQ,ALANKIT LIMITED          ,Listed    ,29 JUN 2026,               1.00,         271158100,              8.10,     2201803772.00   
29 JUN 2026,ALBERTDAVD,EQ,ALBERT DAVID LIMITED     ,Listed    ,29 JUN 2026,              10.00,           5707162,            697.75,     3982172285.50
29 JUN 2026,ALCODIS,ST,ALCOKRAFT DISTILLERIE LTD,Listed    ,25 JUN 2026,              10.00,          10250000,             72.00,      738000000.00   
29 JUN 2026,ALEMBICLTD,EQ,ALEMBIC LIMITED          ,Listed    ,29 JUN 2026,               2.00,         256781828,             90.40,    23213077251.20
29 JUN 2026,ALGOQUANT,EQ,ALGOQUANT FINTECH LIMITED,Listed    ,29 JUN 2026,               1.00,         281096028,             55.75,    15673914521.30 
29 JUN 2026,ALICON,EQ,ALICON CASTALLOY LIMITED ,Listed    ,29 JUN 2026,               5.00,          16336840,            632.30,    10329783932.00    
29 JUN 2026,ALIVUS,EQ,ALIVUS LIFE SCIENCES LTD ,Listed    ,29 JUN 2026,               2.00,         122736348,           1119.50,   137403341586.00    
29 JUN 2026,ALKALI,BE,ALKALI METALS LTD        ,Listed    ,29 JUN 2026,              10.00,          10182506,             83.90,      854312253.40    
29 JUN 2026,ALKEM,EQ,ALKEM LABORATORIES LTD.  ,Listed    ,29 JUN 2026,               2.00,         119565000,           5416.50,   647623822500.00     
29 JUN 2026,ALKYLAMINE,EQ,ALKYL AMINES CHEM. LTD   ,Listed    ,29 JUN 2026,               2.00,          51144052,           1677.30,    85783918419.60
29 JUN 2026,ALLCARGO,EQ,ALLCARGO LOGISTICS LTD   ,Listed    ,29 JUN 2026,               2.00,        1497778469,              8.10,    12117027814.20  
29 JUN 2026,ALLDIGI,EQ,ALLDIGI TECH LIMITED     ,Listed    ,29 JUN 2026,              10.00,          15238326,            801.70,    12216565954.20   
29 JUN 2026,ALLETEC,ST,ALL E TECHNOLOGIES LTD   ,Listed    ,29 JUN 2026,              10.00,          20194176,            139.80,     2823145804.80   
29 JUN 2026,ALLTIME,EQ,ALL TIME PLASTICS LIMITED,Listed    ,29 JUN 2026,               2.00,          65507778,            234.40,    15353713007.65   
29 JUN 2026,ALMONDZ,EQ,ALMONDZ GLOBAL SEC LTD   ,Listed    ,29 JUN 2026,               1.00,         173646754,             12.75,     2215732581.05   
29 JUN 2026,ALOKINDS,EQ,ALOK INDUSTRIES LIMITED  ,Listed    ,29 JUN 2026,               1.00,        4965240401,             12.60,    62661333860.60  
29 JUN 2026,ALPA,EQ,ALPA LABORATORIES LTD    ,Listed    ,29 JUN 2026,              10.00,          21040600,             68.00,     1431181612.00      
29 JUN 2026,ALPEXSOLAR,SM,ALPEX SOLAR LIMITED      ,Listed    ,29 JUN 2026,              10.00,          25543000,            888.75,    22701341250.00
29 JUN 2026,ALPHAGEO,EQ,ALPHAGEO (INDIA) LIMITED ,Listed    ,29 JUN 2026,              10.00,           6364767,            198.95,     1266397690.00  
29 JUN 2026,ALUWIND,SM,ALUWIND INFRA-TECH LTD   ,Listed    ,29 JUN 2026,              10.00,          24847420,             47.00,     1167828740.00   
29 JUN 2026,AMAGI,EQ,AMAGI MEDIA LABS LIMITED ,Listed    ,29 JUN 2026,               5.00,         216338944,            554.45,   119949127500.80     
29 JUN 2026,AMANTA,BE,AMANTA HEALTHCARE LIMITED,Listed    ,29 JUN 2026,              10.00,          38829351,            160.80,     6244147934.30    
29 JUN 2026,AMBAAUTO,SM,AMBA AUTO SALES AND SER L,Listed    ,29 JUN 2026,              10.00,          18324000,             81.90,     1500735600.00  
29 JUN 2026,AMBALALSA,EQ,AMBALAL SARABHAI ENT L   ,Permitted ,29 JUN 2026,              10.00,          76633296,             31.40,     2407051827.35 
29 JUN 2026,AMBANIORGO,SM,AMBANI ORGOCHEM LIMITED  ,Listed    ,29 JUN 2026,              10.00,           7658659,            115.05,      881128717.95
29 JUN 2026,AMBER,EQ,AMBER ENTERPRISES (I) LTD,Listed    ,29 JUN 2026,              10.00,          35191667,           7413.00,   260875827471.00     
29 JUN 2026,AMBICAAGAR,EQ,AMBICA AGAR & AROMAINDLTD,Listed    ,29 JUN 2026,              10.00,          17177400,             24.90,      427545486.00
29 JUN 2026,AMBIKCO,EQ,AMBIKA COTTON MILL LTD.  ,Listed    ,29 JUN 2026,              10.00,           5725000,           1702.60,     9747385000.00   
29 JUN 2026,AMBUJACEM,EQ,AMBUJA CEMENTS LTD       ,Listed    ,29 JUN 2026,               2.00,        2471823478,            424.25,  1048671110541.50 
29 JUN 2026,AMCL,SM,ANB METAL CAST LIMITED   ,Listed    ,29 JUN 2026,              10.00,          11834780,            437.70,     5180083206.00      
29 JUN 2026,AMDIND,EQ,AMD INDUSTRIES LIMITED   ,Listed    ,29 JUN 2026,              10.00,          19166749,             44.70,      856945347.80    
29 JUN 2026,AMEYA,SM,AMEYA PRECISION ENG LTD  ,Listed    ,29 JUN 2026,              10.00,           7500000,            106.00,      795000000.00     
29 JUN 2026,AMIABLE,SM,AMIABLE LOGISTICS (I) LTD,Listed    ,23 JUN 2026,              10.00,           1748200,             84.95,      148509590.00   
29 JUN 2026,AMIRCHAND,EQ,AMIR CHAND JAG KUM (E) L ,Listed    ,29 JUN 2026,              10.00,         103551556,            127.50,    13201787874.45 
29 JUN 2026,AMJLAND,EQ,AMJ LAND HOLDINGS LIMITED,Listed    ,29 JUN 2026,               2.00,          41000000,             37.25,     1526840000.00   
29 JUN 2026,AMNPLST,EQ,AMINES & PLASTICIZERS LTD,Listed    ,29 JUN 2026,               2.00,          55020000,            187.60,    10322852400.00   
29 JUN 2026,AMRUTANJAN,EQ,AMRUTAJAN HEALTH LTD     ,Listed    ,29 JUN 2026,               1.00,          28910630,            539.85,    15607403605.50
29 JUN 2026,ANANDRATHI,EQ,ANAND RATHI WEALTH LTD   ,Listed    ,29 JUN 2026,               5.00,         166041268,           1988.70,   330206269671.60
29 JUN 2026,ANANTAM,IV,ANANTAM HIGHWAYS TRUST   ,Listed    ,29 JUN 2026,             100.00,         217500000,            105.25,    22889700000.00   
29 JUN 2026,ANANTRAJ,EQ,ANANT RAJ LIMITED        ,Listed    ,29 JUN 2026,               2.00,         359876930,            513.75,   184886772787.50  
29 JUN 2026,ANDHRAPAP,EQ,ANDHRA PAPER LIMITED     ,Listed    ,29 JUN 2026,               2.00,         198850195,             62.05,    12338654599.75 
29 JUN 2026,ANDHRSUGAR,EQ,ANDHRA SUGARS LTD        ,Listed    ,29 JUN 2026,               2.00,         135535390,             77.90,    10559562234.90
29 JUN 2026,ANGELONE,EQ,ANGEL ONE LIMITED        ,Listed    ,29 JUN 2026,               1.00,         909055160,            328.75,   298851883850.00  
29 JUN 2026,ANIKINDS,BE,ANIK INDUSTRIES LTD      ,Listed    ,29 JUN 2026,              10.00,          27753486,             44.50,     1235030127.00  
29 JUN 2026,ANKITMETAL,BZ,ANKIT MET & POW LTD      ,Listed    ,29 JUN 2026,              10.00,         141110500,              1.45,      204610225.00
29 JUN 2026,ANLON,ST,ANLON TECHNOLOGY SOL LTD ,Listed    ,29 JUN 2026,              10.00,           6255400,            675.00,     4222395000.00     
29 JUN 2026,ANMOL,EQ,ANMOL INDIA LIMITED      ,Listed    ,29 JUN 2026,              10.00,          56914150,             11.10,      631747065.00     
29 JUN 2026,ANNAPURNA,SM,ANNAPURNA SWADISHT LTD   ,Listed    ,29 JUN 2026,              10.00,          21820000,            128.55,     2804961000.00 
29 JUN 2026,ANONDITA,SM,ANONDITA MEDICARE LIMITED,Listed    ,29 JUN 2026,              10.00,          18086618,           1166.25,    21093518242.50  
29 JUN 2026,ANSALAPI,BZ,ANSAL PROP & INFRA LTD   ,Listed    ,29 JUN 2026,               5.00,         157404876,              2.95,      462770335.45  
29 JUN 2026,ANTELOPUS,EQ,ANTELOPUS SELAN ENRGY LTD,Listed    ,29 JUN 2026,              10.00,          35162358,            808.90,    28442831386.20 
29 JUN 2026,ANTGRAPHIC,EQ,ANTARCTICA LTD           ,Listed    ,29 JUN 2026,               1.00,         155009600,              0.80,      127107872.00
29 JUN 2026,ANTHEM,EQ,ANTHEM BIOSCIENCES LTD   ,Listed    ,29 JUN 2026,               2.00,         561713851,            775.00,   435328234525.00    
29 JUN 2026,ANUHPHR,EQ,ANUH PHARMA LIMITED      ,Listed    ,29 JUN 2026,               5.00,         100224000,             79.85,     8004890880.00   
29 JUN 2026,ANUP,EQ,THE ANUP ENGINEERING LTD ,Listed    ,29 JUN 2026,              10.00,          20031466,           2332.90,    46731407031.40      
29 JUN 2026,ANURAS,EQ,ANUPAM RASAYAN INDIA LTD ,Listed    ,29 JUN 2026,              10.00,         113848310,           1274.60,   145111055926.00    
29 JUN 2026,ANYA,SM,ANYA POLYTECH & FERTI LTD,Listed    ,29 JUN 2026,               2.00,         120000000,             17.35,     2082000000.00      
29 JUN 2026,ANZEN,IV,ANZEN IND ENE YLD PLU TRU,Listed    ,29 JUN 2026,             100.00,         336062900,            127.00,    42679988300.00     
29 JUN 2026,APARINDS,EQ,APAR INDUSTRIES LTD.     ,Listed    ,29 JUN 2026,              10.00,          40168315,          15986.00,   642130683590.00  
29 JUN 2026,APCL,EQ,ANJANI PORTLAND CEM LTD  ,Listed    ,29 JUN 2026,              10.00,          29374764,            107.15,     3146918467.30      
29 JUN 2026,APCOTEXIND,EQ,APCOTEX INDUSTRIES LIMITE,Listed    ,29 JUN 2026,               2.00,          51844960,            496.45,    25738430392.00
29 JUN 2026,APEX,EQ,APEX FROZEN FOODS LIMITED,Listed    ,29 JUN 2026,              10.00,          31250000,            395.40,    12356250000.00      
29 JUN 2026,APEXECO,ST,APEX ECOTECH LIMITED     ,Listed    ,29 JUN 2026,              10.00,          13185200,            265.00,     3494078000.00   
29 JUN 2026,APLAPOLLO,EQ,APL APOLLO TUBES LTD     ,Listed    ,29 JUN 2026,               2.00,         277636026,           1787.50,   496274396475.00 
29 JUN 2026,APLLTD,EQ,ALEMBIC PHARMA LTD       ,Listed    ,29 JUN 2026,               2.00,         196563124,            786.65,   154626381494.60    
29 JUN 2026,APOLLO,EQ,APOLLO MICRO SYSTEMS LTD ,Listed    ,29 JUN 2026,               1.00,         357292440,            407.15,   145471616946.00    
29 JUN 2026,APOLLOHOSP,EQ,APOLLO HOSPITALS ENTER. L,Listed    ,29 JUN 2026,               5.00,         143784657,           8655.00,  1244456206335.00
29 JUN 2026,APOLLOPIPE,EQ,APOLLO PIPES LIMITED     ,Listed    ,29 JUN 2026,              10.00,          44048206,            471.15,    20753312256.90
29 JUN 2026,APOLLOTYRE,EQ,APOLLO TYRES LTD         ,Listed    ,29 JUN 2026,               1.00,         635100946,            420.65,   267155212934.90
29 JUN 2026,APOLSINHOT,EQ,APOLLO SINDOORI HOTEL LTD,Listed    ,29 JUN 2026,               5.00,           2600400,           1254.10,     3261161640.00
29 JUN 2026,APRAMEYA,SM,APRAMEYA ENGINEERING LTD ,Listed    ,29 JUN 2026,              10.00,          19040000,            150.40,     2863616000.00  
29 JUN 2026,APS,SM,AUSTRALIAN PREM SOLAR I L,Listed    ,29 JUN 2026,              10.00,          20160000,            302.00,     6088320000.00       
29 JUN 2026,APSISAERO,ST,APSIS AEROCOM LIMITED    ,Listed    ,29 JUN 2026,              10.00,          12051921,            323.60,     3900001635.60 
29 JUN 2026,APTECHT,BE,APTECH LIMITED           ,Listed    ,29 JUN 2026,              10.00,          58002817,            103.40,     5997491277.80   
29 JUN 2026,APTUS,EQ,APTUS VALUE HSG FIN I LTD,Listed    ,29 JUN 2026,               2.00,         500742736,            267.15,   133773421922.40     
29 JUN 2026,AQYLON,EQ,AQYLON NEXUS LIMITED     ,Listed    ,29 JUN 2026,               1.00,         253730560,             39.70,    10070565926.40    
29 JUN 2026,ARABIAN,SM,ARABIAN PETROLEUM LIMITED,Listed    ,29 JUN 2026,              10.00,          10892000,             68.00,      740656000.00   
29 JUN 2026,ARCHIDPLY,EQ,ARCHIDPLY IND. LTD       ,Listed    ,29 JUN 2026,              10.00,          19865000,             80.35,     1595954100.00 
29 JUN 2026,ARCHIES,EQ,ARCHIES LTD              ,Listed    ,29 JUN 2026,               2.00,          33780000,             14.20,      479000400.00   
29 JUN 2026,ARCIIL,ST,ARC INSULATION & INSU LTD,Listed    ,29 JUN 2026,              10.00,          10297380,             40.15,      413439807.00    
29 JUN 2026,ARE&M,EQ,AMARA RAJA ENERGY MOB LTD,Listed    ,29 JUN 2026,               1.00,         183025364,            822.35,   150510908085.40     
29 JUN 2026,ARENTERP,EQ,RAJDARSHAN INDUSTRIES LTD,Listed    ,29 JUN 2026,              10.00,           3108300,             35.50,      110375733.00  
29 JUN 2026,ARFIN,EQ,ARFIN INDIA LIMITED      ,Listed    ,29 JUN 2026,               1.00,         168722482,             83.25,    14049521076.15     
29 JUN 2026,ARHAM,SM,ARHAM TECHNOLOGIES LTD   ,Listed    ,29 JUN 2026,              10.00,          21812000,            140.00,     3053680000.00     
29 JUN 2026,ARIES,EQ,ARIES AGRO LTD.          ,Listed    ,29 JUN 2026,              10.00,          13004339,            336.00,     4369457904.00     
29 JUN 2026,ARIHANT,EQ,ARIHANT FOUN & HOU LTD   ,Permitted ,29 JUN 2026,              10.00,           9965624,            850.85,     8479251180.40   
29 JUN 2026,ARIHANTACA,SM,ARIHANT ACADEMY LIMITED  ,Listed    ,29 JUN 2026,              10.00,           6055200,            469.00,     2839888800.00
29 JUN 2026,ARIHANTCAP,EQ,ARIHANT CAPITAL MKTS LTD ,Listed    ,29 JUN 2026,               1.00,         109612800,             68.80,     7543552896.00
29 JUN 2026,ARIHANTSUP,EQ,ARIHANT SUPERSTRUCT LTD  ,Listed    ,29 JUN 2026,              10.00,          43249991,            251.45,    10875210236.95
29 JUN 2026,ARIS,EQ,ARISINFRA SOLUTIONS LTD  ,Listed    ,29 JUN 2026,               2.00,          81761246,            113.25,     9260278721.95      
29 JUN 2026,ARISTO,ST,ARISTO BIO T AND LIFESC L,Listed    ,29 JUN 2026,              10.00,           6807800,             95.70,      651506460.00    
29 JUN 2026,ARKADE,EQ,ARKADE DEVELOPERS LIMITED,Listed    ,29 JUN 2026,              10.00,         185663617,            123.40,    22910890337.80    
29 JUN 2026,ARMANFIN,EQ,ARMAN FIN SERV LTD       ,Listed    ,29 JUN 2026,              10.00,          10512921,           1672.10,    17578655204.10  
29 JUN 2026,ARMOUR,SM,ARMOUR SECURITY (INDIA) L,Listed    ,29 JUN 2026,              10.00,          16870000,             20.00,      337400000.00    
29 JUN 2026,AROGRANITE,EQ,ARO GRANITE IND. LTD.    ,Listed    ,29 JUN 2026,              10.00,          15300000,             25.80,      394587000.00
29 JUN 2026,ARROWGREEN,BE,ARROW GREENTECH LIMITED  ,Listed    ,29 JUN 2026,              10.00,          15087938,            594.15,     8964498362.70
29 JUN 2026,ARSHIYA,BZ,ARSHIYA LIMITED          ,Listed    ,29 JUN 2026,               2.00,         263475915,              1.10,      284553988.20   
29 JUN 2026,ARSSBL,EQ,ANAND RATHI SH N STK BR L,Listed    ,29 JUN 2026,               5.00,          62725250,            533.70,    33476465925.00    
29 JUN 2026,ARTEMISMED,EQ,ARTEMIS MED SERVICE LTD  ,Listed    ,29 JUN 2026,               1.00,         158306247,            262.60,    41571220462.20
29 JUN 2026,ARTNIRMAN,EQ,ART NIRMAN LIMITED       ,Listed    ,29 JUN 2026,              10.00,          24956000,             39.90,      995245280.00 
29 JUN 2026,ARUNAYA,ST,ARUNAYA ORGANICS LIMITED ,Listed    ,29 JUN 2026,              10.00,          17538432,             16.00,      280614912.00   
29 JUN 2026,ARVEE,EQ,ARVEE LABORATORIES I LTD ,Listed    ,29 JUN 2026,              10.00,          11020000,            164.75,     1815545000.00     
29 JUN 2026,ARVIND,EQ,ARVIND LIMITED           ,Listed    ,29 JUN 2026,              10.00,         262114640,            549.50,   144031994680.00    
29 JUN 2026,ARVINDFASN,EQ,ARVIND FASHIONS LIMITED  ,Listed    ,29 JUN 2026,               4.00,         133630192,            465.05,    62144720789.60
29 JUN 2026,ARVINDPORT,ST,ARVIND PORT AND INFRA LTD,Listed    ,29 JUN 2026,              10.00,          17798300,             30.40,      541068320.00
29 JUN 2026,ARVSMART,EQ,ARVIND SMARTSPACES LTD   ,Listed    ,29 JUN 2026,              10.00,          45866979,            596.15,    27343599530.85  
29 JUN 2026,ASAHIINDIA,EQ,ASAHI INDIA GLASS LIMITED,Listed    ,29 JUN 2026,               1.00,         254927192,            838.80,   213832928649.60
29 JUN 2026,ASAHISONG,EQ,ASAHI SONGWON COLOR LTD  ,Listed    ,29 JUN 2026,              10.00,          11787262,            249.40,     2939978888.05 
29 JUN 2026,ASAL,EQ,AUTOMOTIVE STAMPINGS & AS,Listed    ,29 JUN 2026,              10.00,          15864397,            508.45,     8066252654.65      
29 JUN 2026,ASALCBR,EQ,ASSO ALCOHOLS & BREW LTD ,Listed    ,29 JUN 2026,              10.00,          18979200,            857.40,    16272766080.00   
29 JUN 2026,ASCOM,ST,ASCOM LEASIN & INVEST LTD,Listed    ,29 JUN 2026,              10.00,          11714179,            273.00,     3197970867.00     
29 JUN 2026,ASHALOG,SM,ASHAPURA LOGISTICS LTD   ,Listed    ,29 JUN 2026,              10.00,          13556121,             54.00,      732030534.00   
29 JUN 2026,ASHAPURMIN,EQ,ASHAPURA MINECHEM LTD    ,Listed    ,29 JUN 2026,               2.00,          95526098,            672.05,    64198314160.90
29 JUN 2026,ASHIANA,EQ,ASHIANA HOUSING LTD      ,Listed    ,29 JUN 2026,               2.00,         100524857,            386.60,    38862909716.20   
29 JUN 2026,ASHIKA,EQ,ASHIKA CREDIT CAPITAL L  ,Permitted ,29 JUN 2026,              10.00,          44724971,            374.00,    16727139154.00    
29 JUN 2026,ASHIMASYN,EQ,ASHIMA LTD               ,Listed    ,29 JUN 2026,              10.00,         191660078,             14.85,     2842318956.75 
29 JUN 2026,ASHOKA,EQ,ASHOKA BUILDCON LTD      ,Listed    ,29 JUN 2026,               5.00,         280723217,            132.20,    37105994823.05    
29 JUN 2026,ASHOKAMET,EQ,ASHOKA METCAST LIMITED   ,Listed    ,29 JUN 2026,              10.00,          24996000,             15.05,      376189800.00 
29 JUN 2026,ASHOKLEY,EQ,ASHOK LEYLAND LTD        ,Listed    ,29 JUN 2026,               1.00,        5873854552,            157.35,   924309752302.70  
29 JUN 2026,ASHWINI,SM,ASHWINI CONTAINER MOVER L,Listed    ,29 JUN 2026,              10.00,          15000000,            170.00,     2550000000.00   
29 JUN 2026,ASIANENE,EQ,ASIAN ENERGY SERVICES LTD,Listed    ,29 JUN 2026,              10.00,          44937121,            365.65,    16431258293.65  
29 JUN 2026,ASIANHOTNR,EQ,ASIAN HOTELS (NORTH) LTD ,Listed    ,29 JUN 2026,              10.00,          42633229,            289.35,    12335924811.15
29 JUN 2026,ASIANPAINT,EQ,ASIAN PAINTS LIMITED     ,Listed    ,29 JUN 2026,               1.00,         959197790,           2656.90,  2548492608251.00
29 JUN 2026,ASIANTILES,EQ,ASIAN GRANITO IND. LTD.  ,Listed    ,29 JUN 2026,              10.00,         231911649,             55.60,    12896606800.90
29 JUN 2026,ASKAUTOLTD,EQ,ASK AUTOMOTIVE LIMITED   ,Listed    ,29 JUN 2026,               2.00,         197142600,            460.60,    90803881560.00
29 JUN 2026,ASMS,BE,AVIO SMART MRKT STACK LTD,Listed    ,29 JUN 2026,               1.00,         304576740,              7.15,     2174677923.60      
29 JUN 2026,ASPINWALL,EQ,ASPINWALL & CO LTD       ,Listed    ,29 JUN 2026,              10.00,           7818288,            251.55,     1966846712.15 
29 JUN 2026,ASPIRE,SM,ASPIRE & INNOVATIVE ADV L,Listed    ,29 JUN 2026,              10.00,          15178000,             15.15,      229946700.00    
29 JUN 2026,ASTAR,EQ,ASIAN STAR CO. LTD.      ,Permitted ,29 JUN 2026,              10.00,          16006800,            620.00,     9924216000.00     
29 JUN 2026,ASTEC,EQ,ASTEC LIFESCIENCES LTD   ,Listed    ,29 JUN 2026,              10.00,          22282238,            712.70,    15880551022.60     
29 JUN 2026,ASTERDM,EQ,ASTER DM HEALTHCARE LTD. ,Listed    ,29 JUN 2026,              10.00,         518121029,            765.70,   396725271905.30   
29 JUN 2026,ASTRAL,EQ,ASTRAL LIMITED           ,Listed    ,29 JUN 2026,               1.00,         268650163,           1368.00,   367513422984.00    
29 JUN 2026,ASTRAMICRO,EQ,ASTRA MICROWAVE LTD      ,Listed    ,29 JUN 2026,               2.00,          94945008,           1727.30,   163998512318.40
29 JUN 2026,ASTRAZEN,EQ,ASTRAZENECA PHARMA IND LT,Listed    ,29 JUN 2026,               2.00,          25000000,           8058.00,   201450000000.00  
29 JUN 2026,ASTRON,BE,ASTRON PAPER BORD MIL LTD,Listed    ,29 JUN 2026,              10.00,          46500000,              3.90,      180420000.00    
29 JUN 2026,ATALREAL,EQ,ATAL REALTECH LIMITED    ,Listed    ,29 JUN 2026,               2.00,         123896250,             28.35,     3512458687.50  
29 JUN 2026,ATAM,EQ,ATAM VALVES LIMITED      ,Listed    ,29 JUN 2026,              10.00,          11463000,             69.35,      795073680.00      
29 JUN 2026,ATCENERGY,ST,ATC ENERGIES SYSTEM LTD  ,Listed    ,29 JUN 2026,              10.00,          20388600,             24.25,      494423550.00 
29 JUN 2026,ATGL,EQ,ADANI TOTAL GAS LIMITED  ,Listed    ,29 JUN 2026,               1.00,        1099810083,            731.65,   804676047226.95      
29 JUN 2026,ATHERENERG,EQ,ATHER ENERGY LIMITED     ,Listed    ,29 JUN 2026,               1.00,         382376152,           1083.75,   414400154730.00
29 JUN 2026,ATL,EQ,ALLCARGO TERMINALS LTD   ,Listed    ,29 JUN 2026,               2.00,         252060324,             23.90,     6021721140.35       
29 JUN 2026,ATLANTAA,EQ,ATLANTAA LIMITED         ,Listed    ,29 JUN 2026,               2.00,          81500000,             39.10,     3186650000.00  
29 JUN 2026,ATLANTAELE,EQ,ATLANTA ELECTRICALS LTD  ,Listed    ,29 JUN 2026,               2.00,          76896625,           1788.60,   137537303475.00
29 JUN 2026,ATLASCYCLE,EQ,ATLAS CYCLE (HARYANA) LTD,Listed    ,29 JUN 2026,               5.00,           6503838,             98.90,      643164539.80
29 JUN 2026,ATMASTCO,ST,ATMASTCO LIMITED         ,Listed    ,29 JUN 2026,              10.00,          24734690,            170.55,     4218501379.50  
29 JUN 2026,ATUL,EQ,ATUL LTD                 ,Listed    ,29 JUN 2026,              10.00,          29441755,           6608.50,   194565837917.50      
29 JUN 2026,ATULAUTO,EQ,ATUL AUTO LIMITED        ,Listed    ,29 JUN 2026,               5.00,          27751280,            474.85,    13177695308.00  
29 JUN 2026,AUBANK,EQ,AU SMALL FINANCE BANK LTD,Listed    ,29 JUN 2026,              10.00,         748224517,           1030.45,   771007953542.65    
29 JUN 2026,AURIGROW,EQ,AURI GROW INDIA LIMITED  ,Listed    ,29 JUN 2026,               1.00,        1476240000,              0.30,      442872000.00  
29 JUN 2026,AURIONPRO,EQ,AURIONPRO SOLN LTD       ,Listed    ,29 JUN 2026,              10.00,          55261664,            869.60,    48055543014.40 
29 JUN 2026,AUROIMPEX,SM,AURO IMPEX & CHEMICALS L ,Listed    ,29 JUN 2026,              10.00,          12200800,             25.75,      314170600.00 
29 JUN 2026,AUROPHARMA,EQ,AUROBINDO PHARMA LTD     ,Listed    ,29 JUN 2026,               1.00,         580801623,           1547.50,   898790511592.50
29 JUN 2026,AURUM,EQ,AURUM PROPTECH LIMITED   ,Listed    ,29 JUN 2026,               5.00,          76244663,            224.05,    17083379191.80     
29 JUN 2026,AUSL,SM,ADITYA ULTRA STEEL LTD   ,Listed    ,29 JUN 2026,              10.00,          24835568,             22.45,      557558501.60      
29 JUN 2026,AUSOMENT,BE,AUSOM ENTERPRISE LIMITED ,Listed    ,29 JUN 2026,              10.00,          13623552,            114.50,     1559624232.95  
29 JUN 2026,AUTOAXLES,EQ,AUTOMOTIVE AXLES LIMITED ,Listed    ,29 JUN 2026,              10.00,          15111975,           1767.60,    26711927010.00 
29 JUN 2026,AUTOIND,BE,AUTOLINE INDUSTRIES LTD  ,Listed    ,29 JUN 2026,              10.00,          45375401,             84.95,     3855547822.95   
29 JUN 2026,AVADHSUGAR,BE,AVADH SUG & ENERGY LTD   ,Listed    ,29 JUN 2026,              10.00,          20018420,            466.80,     9344598456.00
29 JUN 2026,AVALON,EQ,AVALON TECHNOLOGIES LTD  ,Listed    ,29 JUN 2026,               2.00,          66766163,           1784.70,   119157571106.10    
29 JUN 2026,AVANA,ST,AVANA ELECTROSYSTEMS LTD ,Listed    ,29 JUN 2026,              10.00,          22645408,            120.95,     2738962097.60     
29 JUN 2026,AVANTEL,EQ,AVANTEL LIMITED          ,Listed    ,29 JUN 2026,               2.00,         265710850,            171.75,    45638495596.00   
29 JUN 2026,AVANTIFEED,EQ,AVANTI FEEDS LIMITED     ,Listed    ,29 JUN 2026,               1.00,         136245630,            934.90,   127376039487.00
29 JUN 2026,AVATAR,ST,AVATAR INDUSTRIES LIMITED,Listed    ,29 JUN 2026,              10.00,          10417090,            168.95,     1759967355.50    
29 JUN 2026,AVG,EQ,AVG LOGISTICS LIMITED    ,Listed    ,29 JUN 2026,              10.00,          18708076,            178.75,     3343694423.50       
29 JUN 2026,AVIANSH,SM,AVI ANSH TEXTILE LIMITED ,Listed    ,29 JUN 2026,              10.00,          13976930,            109.00,     1523485370.00   
29 JUN 2026,AVIENCE,ST,AVIENCE BIOMEDICALS LTD  ,Listed    ,29 JUN 2026,              10.00,           5485056,            394.25,     2162483328.00   
29 JUN 2026,AVL,EQ,ADITYA VISION LIMITED    ,Listed    ,29 JUN 2026,               1.00,         129138050,            668.55,    86335243327.50       
29 JUN 2026,AVONMORE,EQ,AVONMORE CAP&MGT SERV LTD,Listed    ,29 JUN 2026,               1.00,         282184741,             10.15,     2869818815.95  
29 JUN 2026,AVPINFRA,SM,AVP INFRACON LIMITED     ,Listed    ,29 JUN 2026,              10.00,          24979200,             67.65,     1689842880.00  
29 JUN 2026,AVROIND,EQ,AVRO INDIA LIMITED       ,Listed    ,29 JUN 2026,               1.00,         133110500,             10.20,     1355064890.00   
29 JUN 2026,AVSL,ST,AVSL INDUSTRIES LIMITED  ,Listed    ,18 MAY 2026,              10.00,           5331120,            119.70,      638135064.00      
29 JUN 2026,AVTNPL,EQ,AVT NATURAL PRODUCTS LTD ,Listed    ,29 JUN 2026,               1.00,         152284000,             71.15,    10836529440.00    
29 JUN 2026,AWFIS,EQ,AWFIS SPACE SOLUTIONS LTD,Listed    ,29 JUN 2026,              10.00,          71540491,            294.30,    21054366501.30     
29 JUN 2026,AWHCL,EQ,ANTONY WASTE HDG CELL LTD,Listed    ,29 JUN 2026,               5.00,          28382100,            470.50,    13353778050.00     
29 JUN 2026,AWL,EQ,AWL AGRI BUSINESS LIMITED,Listed    ,29 JUN 2026,               1.00,        1299678605,            182.65,   237412290775.35       
29 JUN 2026,AXISBANK,EQ,AXIS BANK LIMITED        ,Listed    ,29 JUN 2026,               2.00,        3107720873,           1356.80,  4216555680486.40  
29 JUN 2026,AXISCADES,EQ,AXISCADES TECH LTD       ,Listed    ,29 JUN 2026,               5.00,          42517389,           1699.10,    72241295649.90 
29 JUN 2026,AXITA,EQ,AXITA COTTON LIMITED     ,Listed    ,29 JUN 2026,               1.00,         382549751,              7.55,     2880599625.05     
29 JUN 2026,AYE,EQ,AYE FINANCE LIMITED      ,Listed    ,29 JUN 2026,               2.00,         246784266,            176.60,    43582101375.60       
29 JUN 2026,AYMSYNTEX,EQ,AYM SYNTEX LIMITED       ,Listed    ,29 JUN 2026,              10.00,          58581091,            216.95,    12709167692.45 
29 JUN 2026,AZAD,EQ,AZAD ENGINEERING LIMITED ,Listed    ,29 JUN 2026,               2.00,          64581743,           1984.00,   128130178112.00      
29 JUN 2026,BABAFP,SM,BABA FOOD PROCESSING     ,Listed    ,29 JUN 2026,              10.00,          16326403,             25.00,      408160075.00    
29 JUN 2026,BAFNAPH,BE,BAFNA PHARMACEUTICALS LTD,Listed    ,29 JUN 2026,              10.00,          23656335,            204.40,     4835591437.35   
29 JUN 2026,BAGDIGITAL,SM,B.A.G.CONVERGENCE LIMITED,Listed    ,29 JUN 2026,              10.00,          21218800,            111.70,     2370139960.00
29 JUN 2026,BAGFILMS,EQ,B.A.G FILMS AND MEDIA LTD,Listed    ,29 JUN 2026,               2.00,         197747749,              4.50,      889864870.50  
29 JUN 2026,BAGMANE,RR,BAGMANE PRIME OFFICE REIT,Listed    ,29 JUN 2026,             100.00,        3400000000,            102.95,   349962000000.00   
29 JUN 2026,BAHETI,SM,BAHETI RECYCLING IND LTD ,Listed    ,29 JUN 2026,              10.00,          10368530,            709.95,     7361137873.50    
29 JUN 2026,BAIDFIN,EQ,BAID FINSERV LIMITED     ,Listed    ,29 JUN 2026,               2.00,         150085375,             10.00,     1499352896.25   
29 JUN 2026,BAJAJ-AUTO,EQ,BAJAJ AUTO LIMITED       ,Listed    ,29 JUN 2026,              10.00,         279497838,           9630.00,  2691564179940.00
29 JUN 2026,BAJAJCON,EQ,BAJAJ CONSUMER CARE LTD  ,Listed    ,29 JUN 2026,               1.00,         130618321,            597.15,    77998730385.15  
29 JUN 2026,BAJAJELEC,EQ,BAJAJ ELECT.LTD          ,Listed    ,29 JUN 2026,               2.00,         115390713,            317.10,    36590395092.30 
29 JUN 2026,BAJAJFINSV,EQ,BAJAJ FINSERV LTD.       ,Listed    ,29 JUN 2026,               1.00,        1600549988,           1759.30,  2815847593888.40
29 JUN 2026,BAJAJHCARE,EQ,BAJAJ HEALTHCARE LIMITED ,Listed    ,29 JUN 2026,               5.00,          33662661,            352.65,    11871137401.65
29 JUN 2026,BAJAJHFL,EQ,BAJAJ HOUSING FINANCE LTD,Listed    ,29 JUN 2026,              10.00,        8332334619,             86.80,   723163321583.00  
29 JUN 2026,BAJAJHIND,EQ,BAJAJ HINDUSTHAN SUGAR LT,Listed    ,29 JUN 2026,               1.00,        2390666041,             18.00,    43055895398.40 
29 JUN 2026,BAJAJHLDNG,EQ,BAJAJ HOLDINGS & INVS LTD,Listed    ,29 JUN 2026,              10.00,         111293510,          10592.00,  1178820857920.00
29 JUN 2026,BAJAJINDEF,EQ,INDEF MANUFACTURING LTD  ,Listed    ,29 JUN 2026,               1.00,          32000000,            250.00,     8000000000.00
29 JUN 2026,BAJAJST,EQ,BAJAJ STEEL INDS. LTD.   ,Permitted ,29 JUN 2026,               5.00,          20800000,            405.80,     8440640000.00   
29 JUN 2026,BAJEL,EQ,BAJEL PROJECTS LIMITED   ,Listed    ,29 JUN 2026,               2.00,         115686310,            192.35,    22254575454.70     
29 JUN 2026,BAJFINANCE,EQ,BAJAJ FINANCE LIMITED    ,Listed    ,29 JUN 2026,               1.00,        6222481865,            982.05,  6110788315523.25
29 JUN 2026,BALAJEE,EQ,SHREE TIRUPATI BALAJEE L ,Listed    ,29 JUN 2026,              10.00,          81570852,             28.90,     2357397622.80   
29 JUN 2026,BALAJIPHOS,SM,BALAJI PHOSPHATES LIMITED,Listed    ,25 JUN 2026,              10.00,          23777100,             94.25,     2240991675.00
29 JUN 2026,BALAJITELE,EQ,BALAJI TELEFILMS LIMITED.,Listed    ,29 JUN 2026,               2.00,         121811841,             86.60,    10550123549.00
29 JUN 2026,BALAMINES,EQ,BALAJI AMINES LIMITED    ,Listed    ,29 JUN 2026,               2.00,          32401000,           1892.20,    61309172200.00 
29 JUN 2026,BALAXI,BE,BALAXI PHARMA LTD        ,Listed    ,29 JUN 2026,               2.00,          55207500,             23.60,     1302344925.00    
29 JUN 2026,BALCO,ST,SOLVE PLASTIC PRODUCTS L ,Listed    ,25 JUN 2026,              10.00,           4368250,             19.35,       84525637.50     
29 JUN 2026,BALKRISHNA,EQ,BALKRISHNA PAPER MILLS L ,Listed    ,29 JUN 2026,              10.00,          32219532,             18.55,      598316709.25
29 JUN 2026,BALKRISIND,EQ,BALKRISHNA IND. LTD      ,Listed    ,29 JUN 2026,               2.00,         193317190,           2167.60,   419034341044.00
29 JUN 2026,BALMLAWRIE,EQ,BALMER LAWRIE & CO LTD   ,Listed    ,29 JUN 2026,              10.00,         171003846,            182.90,    31278313471.85
29 JUN 2026,BALPHARMA,EQ,BAL PHARMA LTD.          ,Listed    ,29 JUN 2026,              10.00,          15920872,             79.30,     1262843567.05 
29 JUN 2026,BALRAMCHIN,EQ,BALRAMPUR CHINI MILLS LTD,Listed    ,29 JUN 2026,               1.00,         201950436,            527.10,   106448074815.60
29 JUN 2026,BALUFORGE,EQ,BALU FORGE INDUSTRIES LTD,Listed    ,29 JUN 2026,              10.00,         114991900,            456.15,    52453555185.00 
29 JUN 2026,BANARBEADS,EQ,BANARAS BEADS LTD        ,Listed    ,29 JUN 2026,              10.00,           6636222,            101.00,      670324784.20
29 JUN 2026,BANARISUG,EQ,BANNARI AMMAN SUGARS LTD ,Listed    ,29 JUN 2026,              10.00,          12539700,           3429.90,    43009917030.00 
29 JUN 2026,BANCOINDIA,EQ,BANCO PRODUCTS (I) LTD   ,Listed    ,29 JUN 2026,               2.00,         143037300,            653.35,    93453419955.00
29 JUN 2026,BANDHANBNK,EQ,BANDHAN BANK LIMITED     ,Listed    ,29 JUN 2026,              10.00,        1610971405,            202.35,   325947844373.65
29 JUN 2026,BANG,EQ,BANG OVERSEAS LTD.       ,Listed    ,29 JUN 2026,              10.00,          13560000,             27.60,      373984800.00      
29 JUN 2026,BANKA,BE,BANKA BIOLOO LIMITED     ,Listed    ,29 JUN 2026,              10.00,          10922432,             90.00,      983018880.00     
29 JUN 2026,BANKBARODA,EQ,BANK OF BARODA           ,Listed    ,29 JUN 2026,               2.00,        5171362179,            272.80,  1410747602431.20
29 JUN 2026,BANKINDIA,EQ,BANK OF INDIA            ,Listed    ,29 JUN 2026,              10.00,        4552667866,            142.55,   648982804298.30 
29 JUN 2026,BANSALWIRE,EQ,BANSAL WIRE INDUSTRIES L ,Listed    ,29 JUN 2026,               5.00,         156555952,            333.80,    52258376777.60
29 JUN 2026,BANSWRAS,EQ,BANSWARA SYNTEX LIMITED  ,Listed    ,29 JUN 2026,               5.00,          34232084,            131.80,     4511446350.35  
29 JUN 2026,BARFLEX,SM,BARFLEX POLYFILMS LIMITED,Listed    ,29 JUN 2026,              10.00,          24749000,             57.60,     1425542400.00   
29 JUN 2026,BASF,EQ,BASF INDIA LTD           ,Listed    ,29 JUN 2026,              10.00,          43285640,           3636.40,   157403901296.00      
29 JUN 2026,BASILIC,SM,BASILIC FLY STUDIO LTD   ,Listed    ,29 JUN 2026,              10.00,          25265000,            200.70,     5070685500.00   
29 JUN 2026,BASML,EQ,BANNARI AM SPIN MILL LTD.,Listed    ,29 JUN 2026,               5.00,          79921375,             27.45,     2194640957.50     
29 JUN 2026,BATAINDIA,EQ,BATA INDIA LTD           ,Listed    ,29 JUN 2026,               5.00,         128527540,            696.30,    89493726102.00 
29 JUN 2026,BATLIBOI,EQ,BATLIBOI LTD.            ,Permitted ,29 JUN 2026,               5.00,          47132510,             84.70,     3991652271.90  
29 JUN 2026,BAWEJA,ST,BAWEJA STUDIOS LIMITED   ,Listed    ,29 JUN 2026,              10.00,          18427001,             29.90,      550967329.90    
29 JUN 2026,BAYERCROP,EQ,BAYER CROPSCIENCE LTD    ,Permitted ,29 JUN 2026,              10.00,          44942092,           4066.50,   182757017118.00 
29 JUN 2026,BBL,EQ,BHARAT BIJLEE LTD        ,Listed    ,29 JUN 2026,               5.00,          11303120,           2784.50,    31473537640.00       
29 JUN 2026,BBOX,EQ,BLACK BOX LIMITED        ,Listed    ,29 JUN 2026,               2.00,         170490722,            932.20,   158931451048.40      
29 JUN 2026,BBTC,EQ,BOMBAY BURMAH TRADING COR,Listed    ,29 JUN 2026,               2.00,          69771900,           1546.30,   107888288970.00      
29 JUN 2026,BBTCL,EQ,B&B TRIPLEWALL CONT LTD  ,Listed    ,29 JUN 2026,              10.00,          20511240,            216.05,     4431658514.40     
29 JUN 2026,BCG,EQ,BRIGHTCOM GROUP LIMITED  ,Listed    ,29 JUN 2026,               2.00,        2017921873,              9.85,    19836172011.60       
29 JUN 2026,BCLIND,EQ,BCL INDUSTRIES LIMITED   ,Listed    ,29 JUN 2026,               1.00,         295163340,             33.80,     9976520892.00    
29 JUN 2026,BCONCEPTS,EQ,BRAND CONCEPTS LIMITED   ,Listed    ,29 JUN 2026,              10.00,          12481877,            180.00,     2246987497.55 
29 JUN 2026,BCPL,EQ,BCPL RAILWAY INFRA LTD   ,Listed    ,29 JUN 2026,              10.00,          16723638,             73.45,     1228351211.10      
29 JUN 2026,BDL,EQ,BHARAT DYNAMICS LIMITED  ,Listed    ,29 JUN 2026,               5.00,         366562500,           1335.10,   489397593750.00       
29 JUN 2026,BDR,IT,BDR BUILDCON LIMITED     ,Listed    ,10 MAR 2017,              10.00,           6645000,             87.65,      582434250.00       
29 JUN 2026,BEACON,ST,BEACON TRUSTEESHIP LTD   ,Listed    ,29 JUN 2026,              10.00,          18064913,             90.00,     1625842170.00    
29 JUN 2026,BEARDSELL,EQ,BEARDSELL LIMITED        ,Listed    ,29 JUN 2026,               2.00,          39437000,             29.90,     1179560670.00 
29 JUN 2026,BECTORFOOD,EQ,MRS BECTORS FOOD SPE LTD ,Listed    ,29 JUN 2026,               2.00,         306990595,            179.95,    55236817758.35
29 JUN 2026,BEDMUTHA,EQ,BEDMUTHA INDUST LTD      ,Listed    ,29 JUN 2026,              10.00,          32263884,            107.35,     3462882669.70  
29 JUN 2026,BEEKAY,EQ,BEEKAY STEEL INDS. LTD.  ,Permitted ,29 JUN 2026,              10.00,          19072052,            399.85,     7625959992.20    
29 JUN 2026,BEL,EQ,BHARAT ELECTRONICS LTD   ,Listed    ,29 JUN 2026,               1.00,        7309778829,            411.60,  3008704966016.40       
29 JUN 2026,BELLACASA,EQ,BELLA CASA FASH AND RET L,Listed    ,29 JUN 2026,              10.00,          13387500,            258.40,     3459062250.00 
29 JUN 2026,BELRISE,EQ,BELRISE INDUSTRIES LTD   ,Listed    ,29 JUN 2026,               5.00,         889879192,            240.45,   213980350508.30   
29 JUN 2026,BEML,EQ,BEML LIMITED             ,Listed    ,29 JUN 2026,               5.00,          83289000,           1709.20,   142357558800.00      
29 JUN 2026,BENGALASM,EQ,BENGAL & ASSAM CO. LTD.  ,Permitted ,29 JUN 2026,              10.00,          11403899,           6258.00,    71365599942.00 
29 JUN 2026,BEPL,EQ,BHANSALI ENG. POLYMERS LT,Listed    ,29 JUN 2026,               1.00,         248858460,             98.90,    24607124524.80      
29 JUN 2026,BERGEPAINT,EQ,BERGER PAINTS (I) LTD    ,Listed    ,29 JUN 2026,               1.00,        1166002812,            518.30,   604339257459.60
29 JUN 2026,BESTAGRO,EQ,BEST AGROLIFE LIMITED    ,Listed    ,29 JUN 2026,               1.00,         354671100,             14.80,     5252678991.00  
29 JUN 2026,BETA,EQ,BETA DRUGS LIMITED       ,Listed    ,29 JUN 2026,              10.00,          10136890,           2163.10,    21927106759.00      
29 JUN 2026,BEWLTD,SM,BEW ENGINEERING LIMITED  ,Listed    ,29 JUN 2026,              10.00,          13073324,             61.70,      806624090.80    
29 JUN 2026,BFINVEST,EQ,BF INVESTMENT LIMITED    ,Listed    ,29 JUN 2026,               5.00,          37667628,            446.85,    16831779571.80  
29 JUN 2026,BFUTILITIE,EQ,BF UTILITIES LIMITED     ,Listed    ,29 JUN 2026,               5.00,          37667628,            605.10,    22792681702.80
29 JUN 2026,BGLOBAL,BZ,BHARATIYA GLOBAL INFO LTD,Listed    ,29 JUN 2026,              10.00,          15843110,              3.20,       50539520.90   
29 JUN 2026,BGRENERGY,BE,BGR ENERGY SYSTEMS LTD   ,Listed    ,29 JUN 2026,              10.00,          72161560,            303.45,    21897425382.00 
29 JUN 2026,BHADORA,SM,BHADORA INDUSTRIES LTD   ,Listed    ,29 JUN 2026,              10.00,          18600000,             83.75,     1557750000.00   
29 JUN 2026,BHAGCHEM,EQ,BHAGIRADHA CHEM & INDS L ,Listed    ,29 JUN 2026,               1.00,         129669080,            282.50,    36631515100.00  
29 JUN 2026,BHAGERIA,BE,BHAGERIA INDUSTRIES LTD  ,Listed    ,29 JUN 2026,               5.00,          43644180,            208.20,     9085845392.40  
29 JUN 2026,BHAGYANGR,BE,BHAGYANAGAR INDIA LIMITED,Listed    ,29 JUN 2026,               2.00,          31995000,            411.75,    13173941250.00 
29 JUN 2026,BHANDARI,BE,BHANDARI HOSIERY EXP LTD ,Listed    ,29 JUN 2026,               1.00,         432089374,              2.95,     1283305440.80  
29 JUN 2026,BHARATCOAL,EQ,BHARAT COKING COAL LTD   ,Listed    ,29 JUN 2026,              10.00,        4657000000,             39.45,   183811790000.00
29 JUN 2026,BHARATFORG,EQ,BHARAT FORGE LTD         ,Listed    ,29 JUN 2026,               2.00,         478088632,           2170.90,  1037882611208.80
29 JUN 2026,BHARATGEAR,EQ,BHARAT GEARS LTD.        ,Listed    ,29 JUN 2026,              10.00,          15355058,            126.05,     1935812162.05
29 JUN 2026,BHARATRAS,EQ,BHARAT RASAYAN LTD       ,Listed    ,29 JUN 2026,               5.00,          16621072,           1345.20,    22358666054.40 
29 JUN 2026,BHARATSE,EQ,BHARAT SEATS LIMITED     ,Listed    ,29 JUN 2026,               2.00,          62800000,            187.45,    11771860000.00  
29 JUN 2026,BHARATWIRE,EQ,BHARAT WIRE ROPES LTD.   ,Listed    ,29 JUN 2026,              10.00,          68584648,            201.55,    13821864111.45
29 JUN 2026,BHARTIARTL,EQ,BHARTI AIRTEL LIMITED    ,Listed    ,29 JUN 2026,               5.00,        6093103820,           1841.10, 11218013443002.00
29 JUN 2026,BHARTIHEXA,EQ,BHARTI HEXACOM LIMITED   ,Listed    ,29 JUN 2026,               5.00,         500000000,           1440.10,   720050000000.00
29 JUN 2026,BHEL,EQ,BHEL                     ,Listed    ,29 JUN 2026,               2.00,        3482063355,            413.75,  1440703713131.25      
29 JUN 2026,BI,EQ,BILCARE LTD.             ,Permitted ,29 JUN 2026,              10.00,          23545231,             56.20,     1322771077.60        
29 JUN 2026,BIGBLOC,EQ,BIGBLOC CONSTRUCTION LTD ,Listed    ,29 JUN 2026,               2.00,         141575750,             49.55,     7016494170.00   
29 JUN 2026,BIKAJI,EQ,BIKAJI FOODS INTERN LTD  ,Listed    ,29 JUN 2026,               1.00,         250736400,            642.60,   161123210640.00    
29 JUN 2026,BIKEWO,ST,BIKEWO GREEN TECH LIMITED,Listed    ,29 JUN 2026,              10.00,          13043250,             36.00,      469557000.00    
29 JUN 2026,BIL,EQ,BHARTIYA INTERNATIONAL   ,Listed    ,29 JUN 2026,              10.00,          13410411,            776.25,    10409831538.75       
29 JUN 2026,BILVYAPAR,BE,BIL VYAPAR LIMITED       ,Listed    ,29 JUN 2026,              10.00,          31366175,              4.10,      129228641.00 
29 JUN 2026,BIMETAL,EQ,BIMETAL BEARINGS LTD.    ,Permitted ,29 JUN 2026,              10.00,           3825000,            644.15,     2463873750.00   
29 JUN 2026,BIOCON,EQ,BIOCON LIMITED.          ,Listed    ,29 JUN 2026,               5.00,        1620907773,            415.25,   673081952738.25    
29 JUN 2026,BIOFILCHEM,EQ,BIOFIL CHEM & PHARMA LTD ,Listed    ,29 JUN 2026,              10.00,          16273800,             35.05,      570233952.00
29 JUN 2026,BIOPOL,SM,BIOPOL CHEMICALS LIMITED ,Listed    ,29 JUN 2026,              10.00,          10805400,             95.80,     1035157320.00    
29 JUN 2026,BIRDYS,ST,GRILL SPLENDOUR SER LTD  ,Listed    ,19 JUN 2026,              10.00,           6308200,             95.80,      604325560.00    
29 JUN 2026,BIRET,RR,BROOKFIELD INDIA RET     ,Listed    ,29 JUN 2026,             275.00,         829880869,            324.00,   268873102747.30     
29 JUN 2026,BIRLACABLE,BE,BIRLA CABLE LIMITED      ,Listed    ,29 JUN 2026,              10.00,          30000000,            201.05,     6031800000.00
29 JUN 2026,BIRLACORPN,EQ,BIRLA CORPORATION LTD    ,Listed    ,29 JUN 2026,              10.00,          77005347,            987.65,    76054330964.55
29 JUN 2026,BIRLAMONEY,EQ,ADITYA BIRLA MONEY LTD   ,Listed    ,29 JUN 2026,               1.00,          56509201,            138.40,     7822003602.40
29 JUN 2026,BIRLANU,EQ,BIRLANU LIMITED          ,Listed    ,29 JUN 2026,              10.00,           7540899,           1379.80,    10404932440.20   
29 JUN 2026,BIRLAPREC,EQ,BIRLA PRECISION TECH L   ,Permitted ,29 JUN 2026,               2.00,          68387637,             37.60,     2570007398.45 
29 JUN 2026,BLACKBUCK,EQ,BLACKBUCK LIMITED        ,Listed    ,29 JUN 2026,               1.00,         181672349,            547.80,    99520112782.20 
29 JUN 2026,BLACKROSE,BE,BLACK ROSE INDS. LTD.    ,Permitted ,29 JUN 2026,               1.00,          51000000,            119.65,     6101640000.00 
29 JUN 2026,BLAL,EQ,BEML LAND ASSETS LIMITED ,Listed    ,29 JUN 2026,              10.00,          41644500,            180.60,     7520580255.00      
29 JUN 2026,BLBLIMITED,EQ,BLB LIMITED              ,Listed    ,29 JUN 2026,               1.00,          52865258,             15.05,      795622132.90
29 JUN 2026,BLIL,EQ,BALMER LAWRIE INVSTS. L  ,Permitted ,29 JUN 2026,               1.00,         221972690,             71.65,    15908782692.30      
29 JUN 2026,BLISSGVS,EQ,BLISS GVS PHARMA LTD     ,Listed    ,29 JUN 2026,               1.00,         105788972,            529.90,    56057576262.80  
29 JUN 2026,BLKASHYAP,EQ,B.L.KASHYAP & SON LTD    ,Listed    ,29 JUN 2026,               1.00,         225440000,             54.65,    12318041600.00 
29 JUN 2026,BLS,EQ,BLS INTL SERVS LTD       ,Listed    ,29 JUN 2026,               1.00,         411740908,            255.25,   105096866767.00       
29 JUN 2026,BLSE,EQ,BLS E-SERVICES LIMITED   ,Listed    ,29 JUN 2026,              10.00,          90856485,            232.90,    21158658226.80      
29 JUN 2026,BLUECHIP,BE,BLUE CHIP INDIA LIMITED  ,Listed    ,29 JUN 2026,               2.00,          55304340,              2.35,      128859112.20  
29 JUN 2026,BLUECOAST,BE,BLUE COAST HOTELS LIMITED,Listed    ,29 JUN 2026,              10.00,          17192457,             28.15,      484139589.10 
29 JUN 2026,BLUEDART,EQ,BLUE DART EXPRESS LTD    ,Listed    ,29 JUN 2026,              10.00,          23727934,           4874.10,   115652323109.40  
29 JUN 2026,BLUEJET,EQ,BLUE JET HEALTHCARE LTD  ,Listed    ,29 JUN 2026,               2.00,         173465425,            516.30,    89560198927.50   
29 JUN 2026,BLUEPEBBLE,SM,BLUE PEBBLE LIMITED      ,Listed    ,29 JUN 2026,              10.00,           4080000,             76.00,      310080000.00
29 JUN 2026,BLUESTARCO,EQ,BLUE STAR LIMITED        ,Listed    ,29 JUN 2026,               2.00,         205614788,           1635.50,   336282985774.00
29 JUN 2026,BLUESTONE,EQ,BLUESTONE JEWEL LFSTL LTD,Listed    ,29 JUN 2026,               1.00,         151804792,            538.45,    81739290252.40 
29 JUN 2026,BLUEWATER,ST,BLUE WATER LOGISTICS LTD ,Listed    ,29 JUN 2026,              10.00,          11000000,            359.95,     3959450000.00 
29 JUN 2026,BLUSPRING,EQ,BLUSPRING ENTERPRISES LTD,Listed    ,29 JUN 2026,              10.00,         149132458,            110.85,    16534315618.45 
29 JUN 2026,BMETRICS,SM,BOMBAY METRICS S C LTD   ,Listed    ,29 JUN 2026,              10.00,          12313920,             36.00,      443301120.00  
29 JUN 2026,BMLL,SM,BIO MEDICA LABORATORIES L,Listed    ,29 JUN 2026,              10.00,          12575001,            140.60,     1768045140.60      
29 JUN 2026,BMWVENTLTD,EQ,BMW VENTURES LIMITED     ,Listed    ,29 JUN 2026,              10.00,          86715000,             58.70,     5088436200.00
29 JUN 2026,BNAGROCHEM,BE,BN AGROCHEM LTD.         ,Permitted ,29 JUN 2026,              10.00,          97772941,            286.90,    28051056772.90
29 JUN 2026,BNALTD,EQ,B & A LTD.               ,Permitted ,29 JUN 2026,              10.00,           3100000,            335.30,     1039430000.00    
29 JUN 2026,BODALCHEM,BE,BODAL CHEMICALS LTD      ,Listed    ,29 JUN 2026,               2.00,         125944065,             64.60,     8134727158.35 
29 JUN 2026,BOHRAIND,EQ,BOHRA INDUSTRIES LIMITED ,Listed    ,29 JUN 2026,              10.00,          21172152,             14.00,      296833571.05  
29 JUN 2026,BOMDYEING,EQ,BOMBAY DYEING & MFG. CO L,Listed    ,29 JUN 2026,               2.00,         206534900,            129.20,    26688439778.00 
29 JUN 2026,BONLON,EQ,BONLON INDUSTRIES LIMITED,Listed    ,29 JUN 2026,              10.00,          14183358,             41.85,      593857199.45    
29 JUN 2026,BORANA,EQ,BORANA WEAVES LIMITED    ,Listed    ,29 JUN 2026,              10.00,          26645295,            308.65,     8224070301.75    
29 JUN 2026,BOROLTD,EQ,BOROSIL LIMITED          ,Listed    ,29 JUN 2026,               1.00,         119582129,            234.25,    28012113718.25   
29 JUN 2026,BORORENEW,EQ,BOROSIL RENEWABLES LTD   ,Listed    ,29 JUN 2026,               1.00,         140188845,            605.15,    84835279551.75 
29 JUN 2026,BOROSCI,EQ,BOROSIL SCIENTIFIC LTD   ,Listed    ,29 JUN 2026,               1.00,          88947050,            173.30,    15413634294.50   
29 JUN 2026,BOSCH-HCIL,EQ,BOSCH HOME COMFRT IND LTD,Listed    ,29 JUN 2026,              10.00,          27190884,           1353.90,    36813737847.60
29 JUN 2026,BOSCHLTD,EQ,BOSCH LIMITED            ,Listed    ,29 JUN 2026,              10.00,          29493640,          39885.00,  1176353831400.00  
29 JUN 2026,BOSS,SM,BOSS PACKAGING SOLU LTD  ,Listed    ,29 JUN 2026,              10.00,           4446260,             34.00,      151172840.00      
29 JUN 2026,BPCL,EQ,BHARAT PETROLEUM CORP  LT,Listed    ,29 JUN 2026,              10.00,        4338505488,            300.80,  1305022450790.40      
29 JUN 2026,BPL,EQ,BPL LTD                  ,Listed    ,29 JUN 2026,              10.00,          48975751,             54.75,     2680442852.25       
29 JUN 2026,BRACEPORT,SM,BRACE PORT LOGISTICS LTD ,Listed    ,29 JUN 2026,              10.00,          11301200,             55.00,      621566000.00 
29 JUN 2026,BRANDMAN,ST,BRANDMAN RETAIL LIMITED  ,Listed    ,29 JUN 2026,              10.00,          18457186,            165.00,     3045435690.00  
29 JUN 2026,BRIGADE,EQ,BRIGADE ENTER. LTD       ,Listed    ,29 JUN 2026,              10.00,         326124619,            501.90,   163681946276.10   
29 JUN 2026,BRIGHOTEL,EQ,BRIGADE HOTEL VENTURE LTD,Listed    ,29 JUN 2026,              10.00,         379842565,             63.20,    24013646959.30 
29 JUN 2026,BRITANNIA,EQ,BRITANNIA INDUSTRIES LTD ,Listed    ,29 JUN 2026,               1.00,         240868296,           5102.00,  1228910046192.00 
29 JUN 2026,BRNL,EQ,BHARAT ROAD NETWORK LTD  ,Listed    ,29 JUN 2026,              10.00,          83950000,             18.50,     1553075000.00      
29 JUN 2026,BROOKS,BE,BROOKS LAB LIMITED       ,Listed    ,29 JUN 2026,              10.00,          29457248,             69.95,     2059945352.65    
29 JUN 2026,BSE,EQ,BSE LIMITED              ,Listed    ,29 JUN 2026,               2.00,         407884077,           3859.90,  1574391748812.30       
29 JUN 2026,BSHSL,BE,BOMBAY SUPER HYBRID SEEDS,Listed    ,29 JUN 2026,               1.00,         104937280,             92.25,     9679414707.20     
29 JUN 2026,BSL,EQ,BSL LTD                  ,Listed    ,29 JUN 2026,              10.00,          10292168,            125.40,     1290843710.55       
29 JUN 2026,BSOFT,EQ,BIRLASOFT LIMITED        ,Listed    ,29 JUN 2026,               2.00,         279506288,            299.10,    83600330740.80     
29 JUN 2026,BTML,EQ,BODHI TREE MULTIMEDIA LTD,Listed    ,29 JUN 2026,               1.00,         180497777,              6.10,     1097426484.15      
29 JUN 2026,BTTL,EQ,BHILWARA TECHNICAL TEXT L,Permitted ,29 JUN 2026,               1.00,          58373305,             45.85,     2675248568.15      
29 JUN 2026,BUILDPRO,EQ,SHANKARA BUILDPRO LIMITED,Listed    ,29 JUN 2026,              10.00,          24249326,           1015.60,    24627615485.60  
29 JUN 2026,BULKCORP,SM,BULKCORP INTERNATIONAL L ,Listed    ,29 JUN 2026,              10.00,           7514064,             46.00,      345646944.00  
29 JUN 2026,BUTTERFLY,EQ,BTRFLY GANDHI APPL LTD   ,Listed    ,29 JUN 2026,              10.00,          17879551,            643.45,    11504597090.95 
29 JUN 2026,BVCL,EQ,BARAK VALLEY CEM. LTD.   ,Listed    ,29 JUN 2026,              10.00,          22160000,             41.65,      922520800.00      
29 JUN 2026,BYKE,BE,THE BYKE HOSPITALITY LTD ,Listed    ,29 JUN 2026,              10.00,          52279300,             32.55,     1701168422.00      
29 JUN 2026,C2C,SM,C2C ADVANCED SYSTEMS LTD ,Listed    ,29 JUN 2026,              10.00,          16968433,            398.35,     6759375285.55       
29 JUN 2026,CADSYS,ST,CADSYS (INDIA) LIMITED   ,Listed    ,19 MAY 2026,              10.00,          10002500,             70.45,      704676125.00    
29 JUN 2026,CALSOFT,BE,CALIFORNIA SOFTWARE CO LT,Listed    ,29 JUN 2026,              10.00,          23612932,             23.50,      554431643.35   
29 JUN 2026,CAMLINFINE,EQ,CAMLIN FINE SCIENCES LTD ,Listed    ,29 JUN 2026,               1.00,         192091613,            129.60,    24891231212.55
29 JUN 2026,CAMPUS,EQ,CAMPUS ACTIVEWEAR LIMITED,Listed    ,29 JUN 2026,               5.00,         305593205,            232.35,    71004581181.75    
29 JUN 2026,CAMS,EQ,COMPUTER AGE MNGT SER LTD,Listed    ,29 JUN 2026,               2.00,         247888291,            788.65,   195497100697.15      
29 JUN 2026,CANARYS,SM,CANARYS AUTOMATIONS LTD  ,Listed    ,29 JUN 2026,               2.00,          58744893,             20.85,     1224831019.05   
29 JUN 2026,CANBK,EQ,CANARA BANK              ,Listed    ,29 JUN 2026,               2.00,        9070651260,            125.85,  1141632167583.60     
29 JUN 2026,CANFINHOME,EQ,CAN FIN HOMES LTD        ,Listed    ,29 JUN 2026,               2.00,         133154125,            837.30,   111489948862.50
29 JUN 2026,CANHLIFE,EQ,CANARA HSBC LIFE INS CO L,Listed    ,29 JUN 2026,              10.00,         950000000,            139.10,   132145000000.00  
29 JUN 2026,CANTABIL,EQ,CANTABIL RETAIL LTD      ,Listed    ,29 JUN 2026,               2.00,          83638040,            239.75,    20052220090.00  
29 JUN 2026,CAPACITE,EQ,CAPACITE INFRAPROJECT LTD,Listed    ,29 JUN 2026,              10.00,          84604043,            256.50,    21699244948.65  
29 JUN 2026,CAPILLARY,EQ,CAPILLARY TECHNO INDIA L ,Listed    ,29 JUN 2026,               2.00,          79407303,            509.40,    40450080148.20 
29 JUN 2026,CAPINVIT,IV,CAPITAL INFRA TRUST      ,Listed    ,29 JUN 2026,              99.00,         491551733,             73.60,    36168376514.15  
29 JUN 2026,CAPITALSFB,EQ,CAPITAL SMALL FIN BANK L ,Listed    ,29 JUN 2026,              10.00,          45418771,            281.10,    12767216528.10
29 JUN 2026,CAPLIPOINT,EQ,CAPLIN POINT LAB LTD.    ,Listed    ,29 JUN 2026,               2.00,          76011696,           2557.90,   194430317198.40
29 JUN 2026,CAPTRUST,BE,CAPITAL TRUST LIMITED    ,Listed    ,29 JUN 2026,              10.00,          34019404,             12.70,      431706236.75  
29 JUN 2026,CARBORUNIV,EQ,CARBORUNDUM UNIVERSAL LTD,Listed    ,29 JUN 2026,               1.00,         190464566,           1191.90,   227014716215.40
29 JUN 2026,CARERATING,EQ,CARE RATINGS LIMITED     ,Listed    ,29 JUN 2026,              10.00,          30047013,           1672.20,    50244615138.60
29 JUN 2026,CARRARO,EQ,CARRARO INDIA LIMITED    ,Listed    ,29 JUN 2026,              10.00,          56851538,            550.40,    31291086515.20   
29 JUN 2026,CARTRADE,EQ,CARTRADE TECH LIMITED    ,Listed    ,29 JUN 2026,              10.00,          47842935,           2658.60,   127195226991.00  
29 JUN 2026,CARYSIL,EQ,CARYSIL LIMITED          ,Listed    ,29 JUN 2026,               2.00,          28442606,           1188.10,    33792660188.60   
29 JUN 2026,CASTROLIND,EQ,CASTROL INDIA LIMITED    ,Listed    ,29 JUN 2026,               5.00,         989122384,            185.10,   183086553278.40
29 JUN 2026,CBAZAAR,SM,NET AVENUE TECHNOLOGIES L,Listed    ,25 JUN 2026,               1.00,          21454078,              4.90,      105124982.20   
29 JUN 2026,CCAVENUE,EQ,AVENUESAI LIMITED        ,Listed    ,29 JUN 2026,               1.00,        3486379263,             16.80,    58536307825.75  
29 JUN 2026,CCCL,EQ,CONS. CONST. CONSORT LTD ,Listed    ,29 JUN 2026,               2.00,         446759451,             16.90,     7545767127.40      
29 JUN 2026,CCHHL,EQ,COUNTRY CLUB HOSP HOL LTD,Listed    ,29 JUN 2026,               2.00,         163464735,             13.05,     2129945497.05     
29 JUN 2026,CCL,EQ,CCL PRODUCTS (I) LTD     ,Listed    ,29 JUN 2026,               2.00,         133527920,           1164.80,   155533321216.00       
29 JUN 2026,CDSL,EQ,CENTRAL DEPO SER (I) LTD ,Listed    ,29 JUN 2026,              10.00,         209000000,           1297.90,   271261100000.00      
29 JUN 2026,CEATLTD,EQ,CEAT LIMITED             ,Listed    ,29 JUN 2026,              10.00,          40450092,           3394.40,   137303792284.80   
29 JUN 2026,CEDAAR,SM,CEDAAR TEXTILE LIMITED   ,Listed    ,29 JUN 2026,              10.00,          13878600,             20.25,      281041650.00    
29 JUN 2026,CEIGALL,EQ,CEIGALL INDIA LIMITED    ,Listed    ,29 JUN 2026,               5.00,         174204861,            395.95,    68976414712.95   
29 JUN 2026,CEINSYS,EQ,CEINSYS TECH LIMITED     ,Listed    ,29 JUN 2026,              10.00,          17841146,            921.55,    16441508096.30   
29 JUN 2026,CELEBRITY,EQ,CELEBRITY FASHIONS LTD   ,Listed    ,29 JUN 2026,              10.00,          64548346,              7.60,      489921946.15 
29 JUN 2026,CELLECOR,ST,CELLECOR GADGETS LIMITED ,Listed    ,29 JUN 2026,               1.00,         220677800,             35.70,     7878197460.00  
29 JUN 2026,CELLO,EQ,CELLO WORLD LIMITED      ,Listed    ,29 JUN 2026,               5.00,         220885034,            374.05,    82622046967.70     
29 JUN 2026,CELLPOINT,SM,CELL POINT (INDIA) LTD   ,Listed    ,25 JUN 2026,              10.00,          18685600,             15.00,      280284000.00 
29 JUN 2026,CEMPRO,EQ,CEMINDIA PROJECTS LIMITED,Listed    ,29 JUN 2026,               1.00,         171787584,           1252.80,   215215485235.20    
29 JUN 2026,CENTENKA,EQ,CENTURY ENKA LTD         ,Listed    ,29 JUN 2026,              10.00,          21850589,            513.35,    11216999863.15  
29 JUN 2026,CENTEXT,EQ,CENTURY EXTRUSIONS LTD   ,Listed    ,29 JUN 2026,               1.00,          80000000,             19.15,     1533600000.00   
29 JUN 2026,CENTRALBK,EQ,CENTRAL BANK OF INDIA    ,Listed    ,29 JUN 2026,              10.00,        9051401274,             33.60,   304308110831.90 
29 JUN 2026,CENTRUM,EQ,CENTRUM CAPITAL LIMITED  ,Listed    ,29 JUN 2026,               1.00,         486829194,             21.60,    10525247174.30   
29 JUN 2026,CENTUM,EQ,CENTUM ELECTRONICS LTD   ,Listed    ,29 JUN 2026,              10.00,          14740983,           3680.20,    54249765636.60    
29 JUN 2026,CENTURYPLY,EQ,CENTURY PLYBOARDS (I) LTD,Listed    ,29 JUN 2026,               1.00,         222172990,            740.90,   164607968291.00
29 JUN 2026,CERA,EQ,CERA SANITARYWARE LTD    ,Listed    ,29 JUN 2026,               5.00,          12897541,           6463.50,    83363256253.50      
29 JUN 2026,CEREBRAINT,BZ,CEREBRA INT TECH LTD     ,Listed    ,29 JUN 2026,              10.00,         111986482,              3.55,      395312281.45
29 JUN 2026,CESC,EQ,CESC LTD                 ,Listed    ,29 JUN 2026,               1.00,        1325570430,            164.50,   218029824326.40      
29 JUN 2026,CEWATER,EQ,CONCORD ENVIRO SYSTEMS L ,Listed    ,29 JUN 2026,               5.00,          20696233,            334.55,     6923924750.15   
29 JUN 2026,CGCL,EQ,CAPRI GLOBAL CAPITAL LTD ,Listed    ,29 JUN 2026,               1.00,         962153962,            216.60,   208421791248.45      
29 JUN 2026,CGPOWER,EQ,CG POWER AND IND SOL LTD ,Listed    ,29 JUN 2026,               2.00,        1574917609,            956.25,  1506014963606.25   
29 JUN 2026,CGRAPHICS,SM,CREATIVE GRAPHICS S IND L,Listed    ,29 JUN 2026,              10.00,          24286000,            144.20,     3502041200.00 
29 JUN 2026,CHALET,EQ,CHALET HOTELS LIMITED    ,Listed    ,29 JUN 2026,              10.00,         218984127,            813.50,   178143587314.50    
29 JUN 2026,CHAMBLFERT,EQ,CHAMBAL FERTILIZERS LTD  ,Listed    ,29 JUN 2026,              10.00,         400652297,            474.25,   190009351852.25
29 JUN 2026,CHAMUNDA,SM,CHAMUNDA ELECTRICAL LTD  ,Listed    ,29 JUN 2026,              10.00,          11004594,             42.95,      472647312.30  
29 JUN 2026,CHANDAN,SM,CHANDAN HEALTHCARE LTD   ,Listed    ,29 JUN 2026,              10.00,          24452064,            261.20,     6386879116.80   
29 JUN 2026,CHAVDA,SM,CHAVDA INFRA LIMITED     ,Listed    ,29 JUN 2026,              10.00,          32656000,             89.35,     2917813600.00    
29 JUN 2026,CHEMBOND,BE,CHEMBOND MATERIALTECH LTD,Listed    ,29 JUN 2026,               5.00,          13448288,            186.00,     2501516050.90  
29 JUN 2026,CHEMBONDCH,BE,CHEMBOND CHEMICAL LIMITED,Listed    ,29 JUN 2026,               5.00,          26896576,            217.15,     5841129409.90
29 JUN 2026,CHEMCON,BE,CHEMCON SPECIAL CHEM LTD ,Listed    ,29 JUN 2026,              10.00,          36630701,            189.00,     6922836182.00   
29 JUN 2026,CHEMFAB,BE,CHEMFAB ALKALIS LIMITED  ,Listed    ,29 JUN 2026,              10.00,          14373702,            371.75,     5343423718.50   
29 JUN 2026,CHEMPLASTS,EQ,CHEMPLAST SANMAR LIMITED ,Listed    ,29 JUN 2026,               5.00,         158109574,            200.20,    31656698906.30
29 JUN 2026,CHENNPETRO,EQ,CHENNAI PETROLEUM CORP LT,Listed    ,29 JUN 2026,              10.00,         148911400,           1153.80,   171813973320.00
29 JUN 2026,CHETANA,ST,CHETANA EDUCATION LIMITED,Listed    ,29 JUN 2026,              10.00,          20400000,             48.00,      979200000.00   
29 JUN 2026,CHEVIOT,EQ,CHEVIOT COMPANY LIMITED  ,Listed    ,29 JUN 2026,              10.00,           5841875,           1118.80,     6535889750.00   
29 JUN 2026,CHOICEIN,EQ,CHOICE INTERNATIONAL LTD ,Listed    ,29 JUN 2026,              10.00,         222776500,            745.20,   166013047800.00  
29 JUN 2026,CHOLAFIN,EQ,CHOLAMANDALAM IN & FIN CO,Listed    ,29 JUN 2026,               2.00,         851849628,           1774.00,  1511181240072.00  
29 JUN 2026,CHOLAHLDNG,EQ,CHOLAMANDALAM FIN HOL LTD,Listed    ,29 JUN 2026,               1.00,         187777462,           1646.60,   309194368929.20
29 JUN 2026,CIEINDIA,EQ,CIE AUTOMOTIVE INDIA LTD ,Listed    ,29 JUN 2026,              10.00,         379362377,            458.90,   174089394805.30  
29 JUN 2026,CIFL,EQ,CAPITAL INDIA FINANCE LTD,Listed    ,29 JUN 2026,               2.00,         391056300,             23.50,     9182001924.00      
29 JUN 2026,CINELINE,EQ,CINELINE INDIA LIMITED   ,Listed    ,29 JUN 2026,               5.00,          34266434,             76.95,     2637487425.00  
29 JUN 2026,CINEVISTA,EQ,CINEVISTA LIMITED        ,Listed    ,29 JUN 2026,               2.00,          57436475,             18.30,     1051661857.25 
29 JUN 2026,CIPLA,EQ,CIPLA LTD                ,Listed    ,29 JUN 2026,               2.00,         807780677,           1454.10,  1174593882425.70     
29 JUN 2026,CITIUSINVT,IV,CITIUS TRANSNET INV TRUST,Listed    ,29 JUN 2026,             100.00,         610000000,            106.90,    65215100000.00
29 JUN 2026,CKKRETAIL,SM,C K K RETAIL MART LIMITED,Listed    ,29 JUN 2026,              10.00,          19368000,            144.45,     2797707600.00 
29 JUN 2026,CLASSICEIL,ST,CLASSIC ELECTRODE (IND) L,Listed    ,29 JUN 2026,              10.00,          17964950,             45.55,      818303472.50
29 JUN 2026,CLAYCRAFT,ST,CLAY CRAFT INDIA LIMITED ,Listed    ,29 JUN 2026,              10.00,          20570280,            200.00,     4114056000.00 
29 JUN 2026,CLCIND,BE,CLC INDUSTRIES LIMITED   ,Listed    ,29 JUN 2026,              10.00,          10394680,             46.70,      485535502.80    
29 JUN 2026,CLEAN,EQ,CLEAN SCIENCE & TECH LTD ,Listed    ,29 JUN 2026,               1.00,         106276499,            767.80,    81599095932.20     
29 JUN 2026,CLEANMAX,EQ,CLEAN MAX ENVIRO EN SOL L,Listed    ,29 JUN 2026,               1.00,         117079174,           1300.50,   152261465787.00  
29 JUN 2026,CLEDUCATE,BE,CL EDUCATE LIMITED       ,Listed    ,29 JUN 2026,               5.00,          54223958,             50.00,     2710113420.85 
29 JUN 2026,CLSEL,EQ,CHAMAN LAL SETIA EXP LTD ,Listed    ,29 JUN 2026,               2.00,          49725620,            291.10,    14475127982.00     
29 JUN 2026,CLSL,SM,CROP LIFE SCIENCE LIMITED,Listed    ,25 JUN 2026,              10.00,          17140000,             43.00,      737020000.00      
29 JUN 2026,CMICABLES,BZ,CMI LIMITED              ,Listed    ,29 JUN 2026,              10.00,          16027457,              3.05,       48883743.85 
29 JUN 2026,CMNL,SM,CHAMAN METALLICS LIMITED ,Listed    ,29 JUN 2026,              10.00,          24134764,            100.30,     2420716829.20      
29 JUN 2026,CMPDI,EQ,CENTRAL MINE P N D INST L,Listed    ,29 JUN 2026,               2.00,         714000000,            243.75,   174037500000.00     
29 JUN 2026,CMRGREEN,EQ,CMR GREEN TECHNOLOGIES L ,Listed    ,29 JUN 2026,               2.00,         219055489,            254.80,    55813148042.30  
29 JUN 2026,CMRSL,SM,CYBER MEDIA RES & SER LTD,Listed    ,29 JUN 2026,              10.00,           2928000,             71.40,      209059200.00     
29 JUN 2026,CMSINFO,EQ,CMS INFO SYSTEMS LIMITED ,Listed    ,29 JUN 2026,              10.00,         164637541,            294.25,    48444596439.25   
29 JUN 2026,CNL,EQ,CREATIVE NEWTECH LIMITED ,Listed    ,29 JUN 2026,              10.00,          15016675,            738.15,    11084558651.25       
29 JUN 2026,COALINDIA,EQ,COAL INDIA LTD           ,Listed    ,29 JUN 2026,              10.00,        6162728327,            444.85,  2741489696265.95 
29 JUN 2026,COASTCORP,EQ,COASTAL CORPORATION LTD  ,Listed    ,29 JUN 2026,               2.00,          66977230,             49.35,     3304656528.20 
29 JUN 2026,COCHINSHIP,EQ,COCHIN SHIPYARD LIMITED  ,Listed    ,29 JUN 2026,               5.00,         263080780,           1427.60,   375574121528.00
29 JUN 2026,COCKERILL,EQ,JOHN COCKERILL INDIA LTD.,Permitted ,29 JUN 2026,              10.00,           4937813,           8740.00,    43156485620.00 
29 JUN 2026,COFFEEDAY,BE,COFFEE DAY ENTERPRISE LTD,Listed    ,29 JUN 2026,              10.00,         211251719,             32.80,     6931168900.40 
29 JUN 2026,COFORGE,EQ,COFORGE LIMITED          ,Listed    ,29 JUN 2026,               2.00,         348522220,           1491.40,   519786038908.00   
29 JUN 2026,COHANCE,EQ,COHANCE LIFESCIENCES LTD ,Listed    ,29 JUN 2026,               1.00,         382567140,            450.15,   172212598071.00   
29 JUN 2026,COLPAL,EQ,COLGATE PALMOLIVE LTD.   ,Listed    ,29 JUN 2026,               1.00,         271985634,           1999.20,   543753679492.80    
29 JUN 2026,COMFINTE,EQ,COMFORT INTECH LTD.      ,Permitted ,29 JUN 2026,               1.00,         319938080,              5.85,     1865239006.40  
29 JUN 2026,COMMITTED,ST,COMMITTED CARGO CARE LTD ,Listed    ,29 JUN 2026,              10.00,          11574600,            321.00,     3715446600.00 
29 JUN 2026,COMPINFO,BZ,COMPUAGE INFOCOM LTD     ,Listed    ,29 JUN 2026,               2.00,          85768064,              1.25,      108067760.65  
29 JUN 2026,COMPUSOFT,EQ,COMPUCOM SOFTWARE LTD    ,Listed    ,29 JUN 2026,               2.00,          79125188,             13.20,     1045243733.50 
29 JUN 2026,COMSYN,EQ,COMMERCIAL SYN BAGS LTD  ,Listed    ,29 JUN 2026,              10.00,          39952200,            163.60,     6536579442.00    
29 JUN 2026,CONCOR,EQ,CONTAINER CORP OF IND LTD,Listed    ,29 JUN 2026,               5.00,         761617935,            471.00,   358722047385.00    
29 JUN 2026,CONCORDBIO,EQ,CONCORD BIOTECH LIMITED  ,Listed    ,29 JUN 2026,               1.00,         104616204,           1261.90,   132015187827.60
29 JUN 2026,CONFIPET,EQ,CONFIDENCE PETRO IND LTD.,Listed    ,29 JUN 2026,               1.00,         332241043,             71.45,    23745267343.20  
29 JUN 2026,CONNPLEX,SM,CONNPLEX CINEMAS LIMITED ,Listed    ,29 JUN 2026,              10.00,          19100000,            196.45,     3752195000.00  
29 JUN 2026,CONSOFINVT,EQ,CONSO. FIN. & HOLD. LTD. ,Listed    ,29 JUN 2026,              10.00,          32326366,            225.50,     7288949005.70
29 JUN 2026,CONTI,SM,CONTINENTAL SEED CHEM LTD,Listed    ,29 JUN 2026,              10.00,          13942414,             12.30,      171491692.20     
29 JUN 2026,CONTROLPR,EQ,CONTROL PRINT LIMITED    ,Listed    ,29 JUN 2026,              10.00,          15994212,            617.35,     9874026778.20 
29 JUN 2026,COOLCAPS,ST,COOL CAPS INDUSTRIES LTD ,Listed    ,29 JUN 2026,               2.00,         115600000,             25.00,     2890000000.00  
29 JUN 2026,CORALFINAC,EQ,CORAL INDIA FIN & HOUS LT,Listed    ,29 JUN 2026,               2.00,          40302225,             31.75,     1279192621.50
29 JUN 2026,CORDSCABLE,BE,CORDS CABLE INDUS LTD.   ,Listed    ,29 JUN 2026,              10.00,          12927780,            207.40,     2681092294.20
29 JUN 2026,COROMANDEL,EQ,COROMANDEL INTERNTL. LTD ,Listed    ,29 JUN 2026,               1.00,         295014639,           1913.90,   564628517582.10
29 JUN 2026,CORONA,EQ,CORONA REMEDIES LIMITED  ,Listed    ,29 JUN 2026,              10.00,          61160088,           1968.80,   120411981254.40    
29 JUN 2026,COSMOFIRST,EQ,COSMO FIRST LIMITED      ,Listed    ,29 JUN 2026,              10.00,          26249727,            792.75,    20809471079.25
29 JUN 2026,COUNCODOS,EQ,COUNTRY CONDO S LIMITED  ,Listed    ,29 JUN 2026,               1.00,          77597300,              4.80,      374018986.00 
29 JUN 2026,CPCAP,BE,CP CAPITAL LIMITED       ,Listed    ,29 JUN 2026,              10.00,          18192939,            105.85,     1925358734.35     
29 JUN 2026,CPEDU,EQ,CAREER POINT EDUTECH LTD ,Listed    ,29 JUN 2026,              10.00,          18192939,            210.70,     3833070317.90     
29 JUN 2026,CPPLUS,EQ,ADITYA INFOTECH LIMITED  ,Listed    ,29 JUN 2026,               1.00,         117798084,           3714.00,   437502083976.00    
29 JUN 2026,CPS,SM,C P S SHAPERS LIMITED    ,Listed    ,29 JUN 2026,              10.00,           2278020,           1084.15,     2469715383.00       
29 JUN 2026,CRAFTSMAN,EQ,CRAFTSMAN AUTOMATION LTD ,Listed    ,29 JUN 2026,               5.00,          23855583,           9388.00,   223956213204.00 
29 JUN 2026,CRAMC,EQ,CANARA ROBECO AMC LIMITED,Listed    ,29 JUN 2026,              10.00,         199417428,            246.90,    49238157147.50     
29 JUN 2026,CRAYONS,SM,CRAYONS ADVERTISING LTD  ,Listed    ,29 JUN 2026,              10.00,          24430000,             27.50,      671825000.00   
29 JUN 2026,CREATIVEYE,EQ,CREATIVE EYE LIMITED     ,Listed    ,29 JUN 2026,               5.00,          20058250,              6.30,      126768140.00
29 JUN 2026,CREDITACC,EQ,CREDITACCESS GRAMEEN LTD ,Listed    ,29 JUN 2026,              10.00,         160146736,           1431.70,   229282081931.20 
29 JUN 2026,CREST,EQ,CREST VENTURES LIMITED   ,Listed    ,29 JUN 2026,              10.00,          28449775,            379.95,    10809492011.25     
29 JUN 2026,CRISIL,EQ,CRISIL LTD               ,Listed    ,29 JUN 2026,               1.00,          73130017,           4076.30,   298099888297.10    
29 JUN 2026,CRIZAC,EQ,CRIZAC LIMITED           ,Listed    ,29 JUN 2026,               2.00,         174982500,            197.75,    34599289725.00    
29 JUN 2026,CROMPTON,EQ,CROMPT GREA CON ELEC LTD ,Listed    ,29 JUN 2026,               2.00,         643914875,            273.50,   176110718312.50  
29 JUN 2026,CROWN,EQ,CROWN LIFTERS LIMITED    ,Listed    ,29 JUN 2026,              10.00,          11590000,            111.85,     1296109700.00     
29 JUN 2026,CSBBANK,EQ,CSB BANK LIMITED         ,Listed    ,29 JUN 2026,              10.00,         173485827,            328.85,    57050814208.95   
29 JUN 2026,CSLFINANCE,EQ,CSL FINANCE LIMITED      ,Listed    ,29 JUN 2026,              10.00,          22782621,            229.45,     5227700214.65
29 JUN 2026,CSSL,SM,CLEAR SECURED SERVICES L ,Listed    ,29 JUN 2026,              10.00,          24047112,             96.50,     2320546308.00      
29 JUN 2026,CTE,EQ,CAMBRIDGE TECH ENTER LTD ,Listed    ,29 JUN 2026,              10.00,          19631015,             31.00,      608954085.30       
29 JUN 2026,CUB,EQ,CITY UNION BANK LTD      ,Listed    ,29 JUN 2026,               1.00,         990729683,            201.50,   199632031124.50       
29 JUN 2026,CUBEINVIT,IV,CUBE HIGHWAYS TRUST      ,Listed    ,29 JUN 2026,             100.00,        1344069762,            152.00,   204298603824.00 
29 JUN 2026,CUBEXTUB,EQ,CUBEX TUBINGS LTD        ,Listed    ,29 JUN 2026,              10.00,          14318975,             83.10,     1190050012.25  
29 JUN 2026,CUDML,ST,CASH UR DRIVE MARKETING L,Listed    ,29 JUN 2026,              10.00,          17645800,            183.75,     3242415750.00     
29 JUN 2026,CUMMINSIND,EQ,CUMMINS INDIA LTD        ,Listed    ,29 JUN 2026,               2.00,         277200000,           5541.50,  1536103800000.00
29 JUN 2026,CUPID,EQ,CUPID LIMITED            ,Listed    ,29 JUN 2026,               1.00,        1344660700,            188.40,   253334075880.00     
29 JUN 2026,CURAA,EQ,CURA TECHNOLOGIES LIMITED,Listed    ,29 JUN 2026,              10.00,           9900000,             84.40,      835560000.00     
29 JUN 2026,CURIS,SM,CURIS LIFESCIENCES LTD   ,Listed    ,29 JUN 2026,              10.00,           8084434,            102.00,      824612268.00     
29 JUN 2026,CURRENT,SM,CURRENT INFRAPROJECTS LTD,Listed    ,29 JUN 2026,              10.00,          19148000,            110.00,     2106280000.00   
29 JUN 2026,CYBERMEDIA,BE,CYBER MEDIA (INDIA) LTD. ,Listed    ,29 JUN 2026,              10.00,          20620657,             16.00,      329930512.00
29 JUN 2026,CYBERTECH,EQ,CYBERTECH SYSTEMS & SOFTW,Listed    ,29 JUN 2026,              10.00,          31130593,            147.20,     4581800677.75 
29 JUN 2026,CYIENT,EQ,CYIENT LIMITED           ,Listed    ,29 JUN 2026,               5.00,         111124006,            881.55,    97961367489.30    
29 JUN 2026,CYIENTDLM,EQ,CYIENT DLM LIMITED       ,Listed    ,29 JUN 2026,              10.00,          79364396,            461.25,    36606827655.00 
29 JUN 2026,DABUR,EQ,DABUR INDIA LTD          ,Listed    ,29 JUN 2026,               1.00,        1773690172,            426.30,   756124120323.60     
29 JUN 2026,DAICHI,BE,DAI-ICHI KARKARIA LTD.   ,Permitted ,29 JUN 2026,              10.00,           7451229,            315.75,     2352651044.45    
29 JUN 2026,DALBHARAT,EQ,DALMIA BHARAT LIMITED    ,Listed    ,29 JUN 2026,               2.00,         187565953,           1700.50,   318955903076.50 
29 JUN 2026,DALMIASUG,EQ,DALMIA BHARAT SUG IN LTD ,Listed    ,29 JUN 2026,               2.00,          80939303,            326.20,    26402400638.60 
29 JUN 2026,DAMCAPITAL,EQ,DAM CAPITAL ADVISORS LTD ,Listed    ,29 JUN 2026,               2.00,          70686000,            148.20,    10477078920.00
29 JUN 2026,DAMODARIND,EQ,DAMODAR INDUSTRIES LTD   ,Listed    ,29 JUN 2026,               5.00,          23300000,             30.10,      701330000.00
29 JUN 2026,DANGEE,EQ,DANGEE DUMS LIMITED      ,Listed    ,29 JUN 2026,               1.00,         153975000,              3.20,      495799500.00    
29 JUN 2026,DANISH,SM,DANISH POWER LIMITED     ,Listed    ,29 JUN 2026,              10.00,          19691610,           1025.50,    20193746055.00    
29 JUN 2026,DATAMATICS,EQ,DATAMATICS GLOBAL SER LTD,Listed    ,29 JUN 2026,               5.00,          59106389,            787.05,    46519683462.45
29 JUN 2026,DATAPATTNS,EQ,DATA PATTERNS INDIA LTD  ,Listed    ,29 JUN 2026,               2.00,          55983969,           4472.10,   250365907764.90
29 JUN 2026,DAVANGERE,EQ,DAVANGERE SUGAR COMPANY L,Listed    ,29 JUN 2026,               1.00,        1429990798,              3.60,     5133666964.80 
29 JUN 2026,DBCORP,EQ,D.B.CORP LTD             ,Listed    ,29 JUN 2026,              10.00,         178245926,            193.60,    34510193732.85    
29 JUN 2026,DBEIL,BE,DEEPAK BUILDERS & ENG I L,Listed    ,29 JUN 2026,               1.00,         465808600,              8.30,     3875527552.00     
29 JUN 2026,DBL,EQ,DILIP BUILDCON LIMITED   ,Listed    ,29 JUN 2026,              10.00,         162444833,            463.85,    75350035787.05       
29 JUN 2026,DBOL,BE,DHAMPUR BIO ORGANICS LTD ,Listed    ,29 JUN 2026,              10.00,          66387590,            114.55,     7606026186.30      
29 JUN 2026,DBREALTY,BE,VALOR ESTATE LIMITED     ,Listed    ,29 JUN 2026,              10.00,         542406761,            111.45,    60462081648.65  
29 JUN 2026,DBSTOCKBRO,EQ,DB (INT) STOCK BROKERS   ,Listed    ,29 JUN 2026,               2.00,          35000000,             32.00,     1120000000.00
29 JUN 2026,DCAL,EQ,DISHMAN CARBO AMCIS LTD  ,Listed    ,29 JUN 2026,               2.00,         156783095,            168.55,    26428926324.15      
29 JUN 2026,DCBBANK,EQ,DCB BANK LIMITED         ,Listed    ,29 JUN 2026,              10.00,         321813467,            187.85,    60459096045.30   
29 JUN 2026,DCCL,SM,DAR CREDIT & CAPITAL LTD ,Listed    ,29 JUN 2026,              10.00,          14276000,             35.00,      499660000.00      
29 JUN 2026,DCG,SM,DCG CABLES & WIRES LTD   ,Listed    ,29 JUN 2026,              10.00,          18149600,             54.60,      990968160.00       
29 JUN 2026,DCI,BE,DC INFOTECH AND COMUN LTD,Listed    ,29 JUN 2026,              10.00,          16000000,            269.45,     4311200000.00       
29 JUN 2026,DCM,BE,DCM LIMITED              ,Listed    ,29 JUN 2026,              10.00,          18677749,             96.10,     1794744901.40       
29 JUN 2026,DCMFINSERV,BE,DCM FINANCIAL SERVICES LT,Listed    ,29 JUN 2026,              10.00,          18781987,              5.50,      102925288.75
29 JUN 2026,DCMNVL,BE,DCM NOUVELLE LIMITED     ,Listed    ,29 JUN 2026,              10.00,          18677749,            147.70,     2758703527.30    
29 JUN 2026,DCMSHRIRAM,EQ,DCM SHRIRAM LIMITED      ,Listed    ,29 JUN 2026,               2.00,         155942296,           1027.30,   160199520680.80
29 JUN 2026,DCMSIL,BE,DCM SHRIRAM INTERNATNL L ,Listed    ,29 JUN 2026,               2.00,          86992185,             73.05,     6353039270.55    
29 JUN 2026,DCMSRIND,EQ,DCM SHRIRAM IND LTD      ,Listed    ,29 JUN 2026,               2.00,          86992185,             37.25,     3240458891.25  
29 JUN 2026,DCW,EQ,DCW LTD                  ,Listed    ,29 JUN 2026,               2.00,         295155017,             47.15,    13922462151.90       
29 JUN 2026,DCXINDIA,EQ,DCX SYSTEMS LIMITED      ,Listed    ,29 JUN 2026,               2.00,         111386427,            194.25,    21634585716.20  
29 JUN 2026,DDEVPLSTIK,EQ,DDEV PLASTIKS IND LTD    ,Listed    ,29 JUN 2026,               1.00,         103476664,            268.85,    27820735883.05
29 JUN 2026,DECCANCE,EQ,DECCAN CEMENTS LIMITED   ,Listed    ,29 JUN 2026,               5.00,          14007500,            598.80,     8387691000.00  
29 JUN 2026,DECCANTRAN,SM,DECCAN TRANSCON LEASING L,Listed    ,29 JUN 2026,              10.00,          22723448,             21.10,      479464752.80
29 JUN 2026,DECNGOLD,EQ,DECCAN GOLD MINES LTD.   ,Permitted ,29 JUN 2026,               1.00,         197901715,            195.50,    38693743316.80  
29 JUN 2026,DEEDEV,BE,DEE DEVELOPMENT ENG LTD  ,Listed    ,29 JUN 2026,              10.00,          69263342,            666.90,    46191722779.80    
29 JUN 2026,DEEM,ST,DEEM ROLL TECH LIMITED   ,Listed    ,29 JUN 2026,              10.00,           8337272,             51.30,      427702053.60      
29 JUN 2026,DEEPAKFERT,EQ,DEEPAK FERTILIZERS & PETR,Listed    ,29 JUN 2026,              10.00,         126237825,           1544.50,   194974320712.50
29 JUN 2026,DEEPAKNTR,EQ,DEEPAK NITRITE LTD       ,Listed    ,29 JUN 2026,               2.00,         136393041,           1563.70,   213277798211.70 
29 JUN 2026,DEEPINDS,EQ,DEEP INDUSTRIES LIMITED  ,Listed    ,29 JUN 2026,               5.00,          64000000,            462.10,    29574400000.00  
29 JUN 2026,DELAPLEX,SM,DELAPLEX LIMITED         ,Listed    ,29 JUN 2026,              10.00,           9110000,            100.20,      912822000.00  
29 JUN 2026,DELHIVERY,EQ,DELHIVERY LIMITED        ,Listed    ,29 JUN 2026,               1.00,         748608108,            463.55,   347017288463.40 
29 JUN 2026,DELPHIFX,EQ,DELPHI WORLD MONEY LTD   ,Listed    ,29 JUN 2026,               2.00,         245267775,              8.20,     2016101110.50  
29 JUN 2026,DELTACORP,EQ,DELTA CORP LIMITED       ,Listed    ,29 JUN 2026,               1.00,         267771097,             63.50,    17008820081.45 
29 JUN 2026,DELTAMAGNT,EQ,DELTA MANUFACTURING LTD  ,Listed    ,29 JUN 2026,              10.00,          10851120,             61.65,      668754525.60
29 JUN 2026,DELTIC,ST,DELTA AUTOCORP LIMITED   ,Listed    ,29 JUN 2026,              10.00,          15289698,             33.40,      510675913.20    
29 JUN 2026,DEN,EQ,DEN NETWORKS LTD         ,Listed    ,29 JUN 2026,              10.00,         477223845,             29.35,    14001747612.30       
29 JUN 2026,DENEERS,SM,DE NEERS TOOLS LIMITED   ,Listed    ,29 JUN 2026,              10.00,           8606400,            192.25,     1654580400.00   
29 JUN 2026,DENORA,EQ,DE NORA INDIA LIMITED    ,Listed    ,29 JUN 2026,              10.00,           5308634,            903.70,     4797412545.80    
29 JUN 2026,DENTA,EQ,DENTA WATER N INFRA SOL L,Listed    ,29 JUN 2026,              10.00,          26700000,            335.65,     8961855000.00     
29 JUN 2026,DENTALKART,SM,VASA DENTICITY LIMITED   ,Listed    ,29 JUN 2026,              10.00,          17336798,            378.85,     6568045922.30
29 JUN 2026,DESTINY,SM,DESTINY LOGISTICS & I LTD,Listed    ,21 APR 2026,              10.00,          21368500,            105.90,     2262924150.00   
29 JUN 2026,DEVIT,EQ,DEV INFO TECHNOLOGY LTD  ,Listed    ,29 JUN 2026,               2.00,          56335233,             25.65,     1443872021.80     
29 JUN 2026,DEVX,EQ,DEV ACCELERATOR LIMITED  ,Listed    ,29 JUN 2026,               2.00,          90187515,             35.50,     3199853032.20      
29 JUN 2026,DEVYANI,EQ,DEVYANI INTERNATIONAL LTD,Listed    ,29 JUN 2026,               1.00,        1232939791,            111.00,   136868646198.90   
29 JUN 2026,DGCONTENT,EQ,DIGICONTENT LIMITED      ,Listed    ,29 JUN 2026,               2.00,          58187078,             26.60,     1546612533.25 
29 JUN 2026,DHAMPURSUG,EQ,DHAMPUR SUGAR MILLS LTD. ,Listed    ,29 JUN 2026,              10.00,          64306509,            137.65,     8850504833.65
29 JUN 2026,DHANBANK,EQ,DHANLAXMI BANK LIMITED   ,Listed    ,29 JUN 2026,              10.00,         394698851,             31.60,    12468536703.10  
29 JUN 2026,DHANLAXMI,SM,DHANLAXMI CROP SCIENCE L ,Listed    ,29 JUN 2026,              10.00,          16328000,             30.00,      489840000.00 
29 JUN 2026,DHANSA,ST,DHANSA LABS LIMITED      ,Listed    ,29 JUN 2026,              10.00,          24946819,             22.00,      548830018.00    
29 JUN 2026,DHANUKA,EQ,DHANUKA AGRITECH LTD     ,Listed    ,29 JUN 2026,               2.00,          45078324,           1055.10,    47562139652.40   
29 JUN 2026,DHARAN,BZ,DHARAN INFRA-EPC LIMITED ,Listed    ,29 JUN 2026,               1.00,        5228758452,              0.15,      784313767.80    
29 JUN 2026,DHARARAIL,SM,DHARA RAIL PROJECTS LTD  ,Listed    ,29 JUN 2026,              10.00,          15084000,            158.00,     2383272000.00 
29 JUN 2026,DHARIWAL,SM,DHARIWALCORP LIMITED     ,Listed    ,29 JUN 2026,               2.00,          94014000,             36.10,     3393905400.00  
29 JUN 2026,DHARMAJ,EQ,DHARMAJ CROP GUARD LTD   ,Listed    ,29 JUN 2026,              10.00,          33797296,            261.10,     8824473985.60   
29 JUN 2026,DHRUV,BE,DHRUV CONSULTANCY SER LTD,Listed    ,29 JUN 2026,              10.00,          18966569,             28.35,      537512565.45     
29 JUN 2026,DHTL,SM,DOCMODE HEALTH TECH LTD  ,Listed    ,17 JUN 2026,              10.00,           3142800,             40.50,      127283400.00      
29 JUN 2026,DHUNINV,EQ,DHUNSERI INVESTMENTS LTD ,Listed    ,29 JUN 2026,              10.00,           6097178,            859.40,     5239914773.20   
29 JUN 2026,DIACABS,EQ,DIAMOND POWER INFRA LTD  ,Listed    ,29 JUN 2026,               1.00,         526971060,            208.55,   109894544852.40   
29 JUN 2026,DIAMINESQ,EQ,DIAMINES & CHEMICALS LTD ,Listed    ,29 JUN 2026,              10.00,           9783990,            239.90,     2347081361.10 
29 JUN 2026,DIAMONDYD,EQ,PRATAAP SNACKS LIMITED   ,Listed    ,29 JUN 2026,               5.00,          23903546,           1115.90,    26673966981.40 
29 JUN 2026,DICIND,EQ,DIC INDIA LIMITED        ,Listed    ,29 JUN 2026,              10.00,           9178977,            501.80,     4606010658.60    
29 JUN 2026,DIFFNKG,EQ,DIFFUSION ENGINEERS LTD  ,Listed    ,29 JUN 2026,              10.00,          37426259,            415.30,    15543125362.70   
29 JUN 2026,DIGIDRIVE,EQ,DIGIDRIVE DISTRIBUTORS L ,Listed    ,29 JUN 2026,              10.00,          38561898,             18.20,      701440924.60 
29 JUN 2026,DIGIKORE,SM,DIGIKORE STUDIOS LIMITED ,Listed    ,29 JUN 2026,              10.00,          12665600,             53.40,      676343040.00  
29 JUN 2026,DIGISPICE,BE,DIGISPICE TECHNOLOGIES LT,Listed    ,29 JUN 2026,               3.00,         234471106,             19.55,     4586254833.35 
29 JUN 2026,DIGITIDE,EQ,DIGITIDE SOLUTIONS LTD   ,Listed    ,29 JUN 2026,              10.00,         149011751,             85.00,    12667488952.50  
29 JUN 2026,DIGJAMLMTD,EQ,DIGJAM LTD               ,Listed    ,29 JUN 2026,              10.00,          20000000,             46.90,      937600000.00
29 JUN 2026,DIL,BZ,DEBOCK INDUSTRIES LIMITED,Listed    ,29 JUN 2026,              10.00,         162736115,              0.90,      144835142.35       
29 JUN 2026,DIRL,SM,DHANUKA INFRA REALTY LTD ,Listed    ,29 JUN 2026,              10.00,           9540040,             11.75,      112095470.00      
29 JUN 2026,DISAQ,EQ,DISA INDIA LTD.          ,Permitted ,29 JUN 2026,              10.00,           1454205,          11944.00,    17369024520.00     
29 JUN 2026,DISHTV,BE,DISH TV INDIA LTD.       ,Listed    ,29 JUN 2026,               1.00,        1841256054,              3.05,     5634243525.25    
29 JUN 2026,DIVGIITTS,EQ,DIVGI TORQTRANSFER SYST L,Listed    ,29 JUN 2026,               5.00,          30582927,            873.35,    26709599295.45 
29 JUN 2026,DIVINEHIRA,ST,DIVINE HIRA JEWELLERS LTD,Listed    ,29 JUN 2026,              10.00,          13047100,            325.50,     4246831050.00
29 JUN 2026,DIVISLAB,EQ,DIVI S LABORATORIES LTD  ,Listed    ,29 JUN 2026,               2.00,         265468580,           6557.50,  1740810213350.00  
29 JUN 2026,DIVYADHAN,ST,DIVYADHAN RECYCLING IND L,Listed    ,29 JUN 2026,              10.00,          14306714,             50.25,      718912378.50 
29 JUN 2026,DIXON,EQ,DIXON TECHNO (INDIA) LTD ,Listed    ,29 JUN 2026,               2.00,          60801893,          11805.00,   717766346865.00     
29 JUN 2026,DJML,EQ,DJ MEDIAPRINT & LOG LTD  ,Listed    ,29 JUN 2026,              10.00,          34377851,            115.40,     3966860226.90      
29 JUN 2026,DKEGL,SM,D K ENTERPRISES GLOBAL L ,Listed    ,25 JUN 2026,              10.00,           7508000,             70.85,      531941800.00     
29 JUN 2026,DLF,EQ,DLF LIMITED              ,Listed    ,29 JUN 2026,               2.00,        2475315036,            614.75,  1521699918381.00       
29 JUN 2026,DLINKINDIA,EQ,D-LINK INDIA LTD         ,Listed    ,29 JUN 2026,               2.00,          35504850,            518.50,    18409264725.00
29 JUN 2026,DMART,EQ,AVENUE SUPERMARTS LIMITED,Listed    ,29 JUN 2026,              10.00,         650733068,           4357.00,  2835243977276.00     
29 JUN 2026,DMCC,EQ,DMCC SPECIALITY CHEMICALS,Listed    ,29 JUN 2026,              10.00,          24939933,            261.40,     6519298486.20      
29 JUN 2026,DNAMEDIA,EQ,DILIGENT MEDIA CORP LTD. ,Listed    ,29 JUN 2026,               1.00,         117708018,              2.70,      320165808.95  
29 JUN 2026,DODLA,EQ,DODLA DAIRY LIMITED      ,Listed    ,29 JUN 2026,              10.00,          60327809,           1121.30,    67645572231.70     
29 JUN 2026,DOLATALGO,EQ,DOLAT ALGOTECH LIMITED   ,Listed    ,29 JUN 2026,               1.00,         176000000,             72.15,    12701920000.00 
29 JUN 2026,DOLLAR,EQ,DOLLAR INDUSTRIES LIMITED,Listed    ,29 JUN 2026,               2.00,          56716120,            272.65,    15463650118.00    
29 JUN 2026,DOLLEX,SM,DOLLEX AGROTECH LIMITED  ,Listed    ,29 JUN 2026,              10.00,          39948800,             30.10,     1202458880.00    
29 JUN 2026,DOLPHIN,EQ,DOLPHIN OFF ENT (IND) L  ,Listed    ,29 JUN 2026,               1.00,          40004580,            368.55,    14743687959.00   
29 JUN 2026,DOMS,EQ,DOMS INDUSTRIES LIMITED  ,Listed    ,29 JUN 2026,              10.00,          60688336,           2231.10,   135401746449.60      
29 JUN 2026,DONEAR,EQ,DONEAR IND. LIMITED      ,Listed    ,29 JUN 2026,               2.00,          52000000,             87.00,     4525040000.00    
29 JUN 2026,DPABHUSHAN,EQ,D. P. ABHUSHAN LIMITED   ,Listed    ,29 JUN 2026,              10.00,          22827920,            951.20,    21713917504.00
29 JUN 2026,DPEL,SM,DIVINE POWER ENERGY LTD  ,Listed    ,29 JUN 2026,              10.00,          24965080,            474.00,    11833447920.00      
29 JUN 2026,DPSCLTD,BE,DPSC LIMITED             ,Listed    ,29 JUN 2026,               1.00,         973789640,              7.30,     7118402268.40   
29 JUN 2026,DPWIRES,EQ,D P WIRES LIMITED        ,Listed    ,29 JUN 2026,              10.00,          15500444,            201.60,     3125199519.30   
29 JUN 2026,DRAGARWQ,EQ,DR. AGARWAL'S EYE HOSP L ,Permitted ,29 JUN 2026,              10.00,           4832827,           5004.00,    24183466308.00  
29 JUN 2026,DRCSYSTEMS,EQ,DRC SYSTEMS INDIA LIMITED,Listed    ,29 JUN 2026,               1.00,         144081330,             14.00,     2020020246.60
29 JUN 2026,DREAMFOLKS,EQ,DREAMFOLKS SERVICES LTD  ,Listed    ,29 JUN 2026,               2.00,          53269862,             66.50,     3541913124.40
29 JUN 2026,DREDGECORP,EQ,DREDGING CORP OF INDIA   ,Listed    ,29 JUN 2026,              10.00,          28000000,           1067.10,    29878800000.00
29 JUN 2026,DRONE,ST,DRONE DESTINATION LIMITED,Listed    ,29 JUN 2026,              10.00,          24399998,             40.90,      997959918.20     
29 JUN 2026,DRREDDY,EQ,DR. REDDY S LABORATORIES ,Listed    ,29 JUN 2026,               1.00,         834643020,           1375.70,  1148218402614.00   
29 JUN 2026,DRSCARGO,SM,DRS CARGO MOVERS LIMITED ,Listed    ,15 APR 2026,              10.00,           7531201,             21.80,      164180181.80  
29 JUN 2026,DRSDILIP,SM,DRS DILIP ROADLINES LTD. ,Listed    ,09 JUN 2026,              10.00,          15062403,            110.00,     1656864330.00  
29 JUN 2026,DSFCL,BE,DCM SHRIRAM FINE CHEM LTD,Listed    ,29 JUN 2026,               2.00,          86992185,             23.95,     2085202674.45     
29 JUN 2026,DSSL,EQ,DYNACONS SYS & SOLN LTD  ,Listed    ,29 JUN 2026,              10.00,          12725330,           1320.50,    16803798265.00      
29 JUN 2026,DTIL,EQ,DHUNSERI TEA & IND. LTD. ,Listed    ,29 JUN 2026,              10.00,          10507427,            136.90,     1438571830.55      
29 JUN 2026,DTL,SM,DIENSTEN TECH LIMITED    ,Listed    ,29 JUN 2026,              10.00,           8260646,            130.00,     1073883980.00       
29 JUN 2026,DUCOL,SM,DUCOL ORGS AND COLOURS LT,Listed    ,29 JUN 2026,              10.00,          16254276,            106.00,     1722953256.00     
29 JUN 2026,DUCON,BE,DUCON INFRATECHNOLOGIES L,Listed    ,29 JUN 2026,               1.00,         324925587,              3.35,     1085251460.60     
29 JUN 2026,DUGLOBAL,ST,DUDIGITAL GLOBAL LIMITED ,Listed    ,29 JUN 2026,               2.00,          71871953,             36.20,     2601764698.60  
29 JUN 2026,DURLAX,ST,DURLAX TOP SURFACE LTD   ,Listed    ,29 JUN 2026,              10.00,          28932198,             48.65,     1407551432.70    
29 JUN 2026,DVL,EQ,DHUNSERI VENTURES LIMITED,Listed    ,29 JUN 2026,              10.00,          35024754,            235.10,     8234319665.40       
29 JUN 2026,DWARKESH,EQ,DWARIKESH SUGAR IND LTD  ,Listed    ,29 JUN 2026,               1.00,         185301470,             43.50,     8058760930.30  
29 JUN 2026,DYCL,EQ,DYNAMIC CABLES LIMITED   ,Listed    ,29 JUN 2026,              10.00,          48458638,            369.60,    17910312604.80      
29 JUN 2026,DYNAMATECH,EQ,DYNAMATIC TECHNOLOGIES   ,Listed    ,29 JUN 2026,              10.00,           6791443,           9940.00,    67506943420.00
29 JUN 2026,DYNAMIC,ST,DYNAMIC SRVCS & SEC LTD  ,Listed    ,29 JUN 2026,              10.00,          23518192,            171.85,     4041601295.20   
29 JUN 2026,DYNPRO,EQ,DYNEMIC PRODUCTS LIMITED ,Listed    ,29 JUN 2026,              10.00,          12428387,            232.10,     2884628622.70    
29 JUN 2026,E2E,EQ,E2E NETWORKS LIMITED     ,Listed    ,29 JUN 2026,               1.00,         205549890,            395.40,    81274426506.00       
29 JUN 2026,E2ERAIL,ST,E TO E TRANS INFRA LTD   ,Listed    ,29 JUN 2026,              10.00,          17257570,            273.00,     4711316610.00   
29 JUN 2026,EASEMYTRIP,EQ,EASY TRIP PLANNERS LTD   ,Listed    ,29 JUN 2026,               1.00,        3636853188,              7.00,    25457972316.00
29 JUN 2026,EASTSILK,BE,EASTERN SILK INDUSTRIES L,Listed    ,29 JUN 2026,               2.00,           5000000,             48.00,      240000000.00  
29 JUN 2026,EBGNG,EQ,GNG ELECTRONICS LIMITED  ,Listed    ,29 JUN 2026,               2.00,         114011517,            569.05,    64878253748.85     
29 JUN 2026,ECLERX,EQ,ECLERX SERVICES LTD      ,Listed    ,29 JUN 2026,              10.00,          94050718,           1345.30,   126526430925.40    
29 JUN 2026,ECOLINE,ST,ECOLINE EXIM LIMITED     ,Listed    ,29 JUN 2026,              10.00,          20515376,            204.10,     4187188241.60   
29 JUN 2026,ECOSMOBLTY,BE,ECOS (INDIA) MOB & HOSP L,Listed    ,29 JUN 2026,               2.00,          60000000,            131.15,     7868400000.00
29 JUN 2026,EDELWEISS,EQ,EDELWEISS FIN SERV LTD   ,Listed    ,29 JUN 2026,               1.00,         946478624,            120.90,   114419800855.35 
29 JUN 2026,EDUCOMP,BZ,EDUCOMP SOLUTIONS LTD    ,Listed    ,29 JUN 2026,               2.00,         122467168,              1.00,      120017824.65   
29 JUN 2026,EEPL,SM,EPPELTONE ENGINEERS LTD  ,Listed    ,29 JUN 2026,              10.00,          12959312,             91.10,     1180593323.20      
29 JUN 2026,EFACTOR,SM,E FACTOR EXPERIENCES LTD ,Listed    ,29 JUN 2026,              10.00,          13131398,            174.10,     2286176391.80   
29 JUN 2026,EFCIL,EQ,EFC (I) LIMITED          ,Listed    ,29 JUN 2026,               2.00,         147946162,            184.75,    27331573967.90     
29 JUN 2026,EFFWA,ST,EFFWA INFRA & RESEARCH L ,Listed    ,29 JUN 2026,              10.00,          23147167,            363.50,     8413995204.50     
29 JUN 2026,EFORCE,SM,ELECTRO FORCE (INDIA) LTD,Listed    ,29 JUN 2026,              10.00,          23400001,             21.60,      505440021.60    
29 JUN 2026,EICHERMOT,EQ,EICHER MOTORS LTD        ,Listed    ,29 JUN 2026,               1.00,         274314204,           7426.00,  2037057278904.00 
29 JUN 2026,EIDPARRY,EQ,EID PARRY INDIA LTD      ,Listed    ,29 JUN 2026,               1.00,         177872717,            714.00,   127001119938.00  
29 JUN 2026,EIEL,EQ,ENVIRO INFRA ENGINEERS L ,Listed    ,29 JUN 2026,              10.00,         175530000,            219.45,    38521813800.00      
29 JUN 2026,EIFFL,BE,EURO (I) FRESH FOODS LTD ,Listed    ,29 JUN 2026,              10.00,          24800000,            321.35,     7969728000.00     
29 JUN 2026,EIHAHOTELS,EQ,EIH ASSOCIATED HOTELS LTD,Listed    ,29 JUN 2026,              10.00,          60936294,            323.95,    19740312441.30
29 JUN 2026,EIHOTEL,EQ,EIH LIMITED              ,Listed    ,29 JUN 2026,               2.00,         625364182,            320.90,   200679366003.80   
29 JUN 2026,EIMCOELECO,EQ,EIMCO ELECON (INDIA) LTD ,Listed    ,29 JUN 2026,              10.00,           5768385,           1663.10,     9593401093.50
29 JUN 2026,EKC,EQ,EVEREST KANTO CYLINDERLTD,Listed    ,29 JUN 2026,               2.00,         112207682,            117.20,    13151862407.20       
29 JUN 2026,ELANTAS,EQ,ELANTAS BECK INDIA LTD.  ,Permitted ,29 JUN 2026,              10.00,           7927682,          10619.50,    84188018999.00   
29 JUN 2026,ELCIDIN,EQ,ELCID INVESTMENTS LTD.   ,Permitted ,29 JUN 2026,              10.00,            200000,         113500.00,    22700000000.00   
29 JUN 2026,ELDEHSG,EQ,ELDECO HSG & IND LTD.    ,Listed    ,29 JUN 2026,               2.00,           9833000,            805.30,     7918514900.00   
29 JUN 2026,ELECON,EQ,ELECON ENG. CO. LTD      ,Listed    ,29 JUN 2026,               1.00,         224399930,            522.80,   117316283404.00    
29 JUN 2026,ELECTCAST,EQ,ELECTROSTEEL CASTINGS LTD,Listed    ,29 JUN 2026,               1.00,         618184591,             76.70,    47414758129.70 
29 JUN 2026,ELECTHERM,EQ,ELECTROTHERM (I) LTD.    ,Listed    ,29 JUN 2026,              10.00,          12742814,           1165.50,    14851749717.00 
29 JUN 2026,ELGIEQUIP,EQ,ELGI EQUIPMENTS LTD      ,Listed    ,29 JUN 2026,               1.00,         316909016,            608.30,   192775754432.80 
29 JUN 2026,ELGIRUBCO,EQ,ELGI RUBBER CO. LTD      ,Listed    ,29 JUN 2026,               1.00,          50050000,             45.80,     2291789500.00 
29 JUN 2026,ELGNZ,SM,ELEGANZ INTERIORS LIMITED,Listed    ,29 JUN 2026,              10.00,          22599626,             70.75,     1598923539.50     
29 JUN 2026,ELIN,EQ,ELIN ELECTRONICS LIMITED ,Listed    ,29 JUN 2026,               5.00,          49709220,             98.45,     4892878524.60      
29 JUN 2026,ELITECON,EQ,ELITECON INTERNATIONAL L ,Permitted ,29 JUN 2026,               1.00,        1598500000,             27.20,    43511170000.00  
29 JUN 2026,ELLEN,EQ,ELLENBARRIE INDUS GASES L,Listed    ,29 JUN 2026,               2.00,         140935600,            261.70,    36882846520.00     
29 JUN 2026,ELPROINTL,EQ,ELPRO INTERNATIONAL LTD  ,Permitted ,29 JUN 2026,               1.00,         169479130,            171.75,    29106345786.20 
29 JUN 2026,EMAMILTD,EQ,EMAMI LIMITED            ,Listed    ,29 JUN 2026,               1.00,         436500000,            408.55,   178332075000.00  
29 JUN 2026,EMAMIPAP,EQ,EMAMI PAPER MILLS LIMITED,Listed    ,29 JUN 2026,               2.00,          60499050,             85.80,     5189608509.00  
29 JUN 2026,EMAMIREAL,BE,EMAMI REALTY LIMITED     ,Listed    ,29 JUN 2026,               2.00,          43833889,             84.80,     3716675448.30 
29 JUN 2026,EMAPARTNER,SM,EMA PARTNERS INDIA LTD   ,Listed    ,29 JUN 2026,               5.00,          23246426,             86.60,     2013140491.60
29 JUN 2026,EMBASSY,RR,EMBASSY OFFICE PARKS REIT,Listed    ,29 JUN 2026,             300.00,         947893743,            432.30,   409755507224.05   
29 JUN 2026,EMBDL,EQ,EMBASSY DEVELOPMENTS LTD ,Listed    ,29 JUN 2026,               2.00,        1390633433,             61.65,    85760363813.10     
29 JUN 2026,EMCURE,EQ,EMCURE PHARMACEUTICALS L ,Listed    ,29 JUN 2026,              10.00,         189589547,           1849.50,   350645867176.50    
29 JUN 2026,EMIL,EQ,ELECTRONICS MART IND LTD ,Listed    ,29 JUN 2026,              10.00,         384748762,            116.30,    44750128508.20      
29 JUN 2026,EMKAY,EQ,EMKAY GLOBAL FIN SERV LTD,Listed    ,29 JUN 2026,              10.00,          26189063,            274.15,     7179731621.45     
29 JUN 2026,EMKAYTOOLS,SM,EMKAY TAP & CUT. TOOL LTD,Listed    ,29 JUN 2026,              10.00,          10671300,             93.65,      999367245.00
29 JUN 2026,EMMBI,EQ,EMMBI INDUSTRIES LIMITED ,Listed    ,29 JUN 2026,              10.00,          19240250,             93.45,     1798386167.50     
29 JUN 2026,EMMIL,SM,ENERGY MISSION MACH IND L,Listed    ,29 JUN 2026,              10.00,          11326500,            125.00,     1415812500.00     
29 JUN 2026,EMMVEE,EQ,EMMVEE PHOTOVOLTAIC PWR L,Listed    ,29 JUN 2026,               2.00,         692345033,            332.35,   230100871717.55    
29 JUN 2026,EMPOWER,BE,EMPOWER INDIA LTD.       ,Permitted ,29 JUN 2026,               1.00,        1163798560,              2.35,     2758202587.20   
29 JUN 2026,EMSLIMITED,EQ,EMS LIMITED              ,Listed    ,29 JUN 2026,              10.00,          55530807,            412.20,    22889798645.40
29 JUN 2026,EMUDHRA,EQ,EMUDHRA LIMITED          ,Listed    ,29 JUN 2026,               5.00,          82811707,            442.60,    36652461518.20   
29 JUN 2026,ENCOMPAS,SM,ENCOMPASS DESIGN INDIA L ,Listed    ,29 JUN 2026,              10.00,          14183544,            239.85,     3401923028.40  
29 JUN 2026,ENDURANCE,EQ,ENDURANCE TECHNO. LTD.   ,Listed    ,29 JUN 2026,              10.00,         140662848,           2663.20,   374613296793.60 
29 JUN 2026,ENERGYDEV,EQ,ENERGY DEVE. CO.LTD      ,Listed    ,29 JUN 2026,              10.00,          47500000,             16.15,      766650000.00 
29 JUN 2026,ENFUSE,SM,ENFUSE SOLUTIONS LIMITED ,Listed    ,29 JUN 2026,              10.00,           8847600,            163.85,     1449679260.00    
29 JUN 2026,ENGINERSIN,EQ,ENGINEERS INDIA LTD      ,Listed    ,29 JUN 2026,               5.00,         562042373,            244.45,   137402498927.30
29 JUN 2026,ENIL,EQ,ENTERTAIN NET. IND. LTD. ,Listed    ,29 JUN 2026,              10.00,          47670415,            106.00,     5054017398.30      
29 JUN 2026,ENRIN,EQ,SIEMENS ENERGY INDIA LTD ,Listed    ,29 JUN 2026,               2.00,         356120505,           3583.90,  1276300277869.50     
29 JUN 2026,ENSER,ST,ENSER COMMUNICATIONS LTD ,Listed    ,29 JUN 2026,               2.00,          87160590,             14.80,     1289976732.00     
29 JUN 2026,ENTERO,EQ,ENTERO HEALTHCARE SOLU L ,Listed    ,29 JUN 2026,              10.00,          43510937,           1200.10,    52217475493.70    
29 JUN 2026,ENVIRO,SM,ENVIROTECH SYSTEMS LTD   ,Listed    ,29 JUN 2026,              10.00,          18790000,             76.70,     1441193000.00    
29 JUN 2026,EPACK,EQ,EPACK DURABLE LIMITED    ,Listed    ,29 JUN 2026,              10.00,          96228477,            231.70,    22295175836.15     
29 JUN 2026,EPACKPEB,EQ,EPACK PREFAB TECHN LTD   ,Listed    ,29 JUN 2026,               2.00,         100451997,            233.35,    23439468980.00  
29 JUN 2026,EPIGRAL,EQ,EPIGRAL LIMITED          ,Listed    ,29 JUN 2026,              10.00,          43141338,           1113.10,    48020623327.80   
29 JUN 2026,EPL,EQ,EPL LIMITED              ,Listed    ,29 JUN 2026,               2.00,         320304963,            225.55,    72251190503.90       
29 JUN 2026,EPWINDIA,ST,EPW INDIA LIMITED        ,Listed    ,29 JUN 2026,               5.00,          11479600,            200.90,     2306251640.00  
29 JUN 2026,EQUIPPP,BE,EQUIPPP SOC IMP TECH LTD ,Listed    ,29 JUN 2026,               1.00,         103095225,             21.30,     2196959244.75   
29 JUN 2026,EQUITASBNK,EQ,EQUITAS SMALL FIN BNK LTD,Listed    ,29 JUN 2026,              10.00,        1141043060,             74.60,    85121812276.00
29 JUN 2026,ERIS,EQ,ERIS LIFESCIENCES LIMITED,Listed    ,29 JUN 2026,               1.00,         138542887,           1405.70,   194749736255.90      
29 JUN 2026,ESABINDIA,EQ,ESAB INDIA LTD           ,Listed    ,29 JUN 2026,              10.00,          15393020,           5755.00,    88586830100.00 
29 JUN 2026,ESAFSFB,EQ,ESAF SMALL FINANCE BANK L,Listed    ,29 JUN 2026,              10.00,         515662613,             32.55,    16779661427.00   
29 JUN 2026,ESCONET,ST,ESCONET TECHNOLOGIES LTD ,Listed    ,29 JUN 2026,              10.00,          13196238,            136.00,     1794688368.00   
29 JUN 2026,ESCORTS,EQ,ESCORTS KUBOTA LIMITED   ,Listed    ,29 JUN 2026,              10.00,         111877754,           2897.20,   324132228888.80   
29 JUN 2026,ESFL,ST,ESSEN SPECIALITY FILMS L ,Listed    ,29 JUN 2026,              10.00,          24839040,            115.50,     2868909120.00      
29 JUN 2026,ESPRIT,SM,ESPRIT STONES LIMITED    ,Listed    ,25 JUN 2026,              10.00,          21945200,             63.75,     1399006500.00    
29 JUN 2026,ESSARSHPNG,EQ,ESSAR SHIPPING LTD       ,Listed    ,29 JUN 2026,              10.00,         206976072,             23.15,     4793565827.50
29 JUN 2026,ESSENTIA,BE,INTEGRA ESSENTIA LIMITED ,Listed    ,29 JUN 2026,               1.00,        1755283254,              1.35,     2334526727.80  
29 JUN 2026,ESTER,EQ,ESTER INDUSTRIES LTD     ,Listed    ,29 JUN 2026,               5.00,          97586191,             89.85,     8770070985.15     
29 JUN 2026,ETERNAL,EQ,ETERNAL LIMITED          ,Listed    ,29 JUN 2026,               1.00,        9650350647,            259.40,  2503300957831.80   
29 JUN 2026,ETHOSLTD,EQ,ETHOS LIMITED            ,Listed    ,29 JUN 2026,              10.00,          26757693,           2437.60,    65224552456.80  
29 JUN 2026,ETL,SM,EMKAY TOOLS LIMITED      ,Listed    ,29 JUN 2026,               1.00,          10671300,           1011.00,    10788684300.00       
29 JUN 2026,ETML,SM,EMERALD TYRE MANUF LTD   ,Listed    ,29 JUN 2026,              10.00,          19476512,             89.00,     1733409568.00      
29 JUN 2026,EUREKAFORB,EQ,EUREKA FORBES LIMITED    ,Listed    ,29 JUN 2026,              10.00,         193404186,            443.60,    85794096909.60
29 JUN 2026,EUROBOND,EQ,EURO PANEL PRODUCTS LTD  ,Listed    ,29 JUN 2026,              10.00,          24500000,            167.20,     4096155000.00  
29 JUN 2026,EUROPRATIK,EQ,EURO PRATIK SALES LIMITED,Listed    ,29 JUN 2026,               1.00,         102200000,            282.65,    28886830000.00
29 JUN 2026,EUROTEXIND,BE,EUROTEX IND & EXPORTS LTD,Listed    ,29 JUN 2026,              10.00,           8749865,             17.10,      149447694.20
29 JUN 2026,EVEREADY,EQ,EVEREADY INDS. IND.  LTD.,Listed    ,29 JUN 2026,               5.00,          72687260,            366.05,    26607171523.00  
29 JUN 2026,EVERESTIND,EQ,EVEREST INDUSTRIES LTD   ,Listed    ,29 JUN 2026,              10.00,          15855754,            473.10,     7501357217.40
29 JUN 2026,EXCELINDUS,EQ,EXCEL INDUSTRIES LTD     ,Listed    ,29 JUN 2026,               5.00,          12570692,            903.30,    11355106083.60
29 JUN 2026,EXCELLENT,ST,EXCELLENT WIRES N PACK L ,Listed    ,29 JUN 2026,              10.00,           4470000,            196.10,      876567000.00 
29 JUN 2026,EXCELSOFT,EQ,EXCELSOFT TECHNOLOGIES L ,Listed    ,29 JUN 2026,              10.00,         115084164,             75.35,     8672742599.05 
29 JUN 2026,EXICOM,EQ,EXICOM TELE SYSTEMS LTD  ,Listed    ,29 JUN 2026,              10.00,         139079771,            155.80,    21665846726.40    
29 JUN 2026,EXIDEIND,EQ,EXIDE INDUSTRIES LTD     ,Listed    ,29 JUN 2026,               1.00,         850000000,            386.55,   328567500000.00  
29 JUN 2026,EXIMROUTES,SM,EXIM ROUTES LIMITED      ,Listed    ,29 JUN 2026,               5.00,          18752000,            106.00,     1987712000.00
29 JUN 2026,EXPLEOSOL,EQ,EXPLEO SOLUTIONS LIMITED ,Listed    ,29 JUN 2026,              10.00,          15519739,            806.35,    12514341542.65 
29 JUN 2026,EXXARO,EQ,EXXARO TILES LIMITED     ,Listed    ,29 JUN 2026,               1.00,         447410700,              6.60,     2961858834.00    
29 JUN 2026,FABTECH,EQ,FABTECH TECHNOLOGIES LTD ,Listed    ,29 JUN 2026,              10.00,          44450794,            156.65,     6962327864.20   
29 JUN 2026,FACT,EQ,FACT LTD                 ,Listed    ,29 JUN 2026,              10.00,         647071974,            869.60,   562693788590.40      
29 JUN 2026,FAIRCHEMOR,EQ,FAIRCHEM ORGANICS LIMITED,Listed    ,29 JUN 2026,              10.00,          12595902,            643.65,     8107352322.30
29 JUN 2026,FALCONTECH,SM,FALCON TECHNOPROJ IND LTD,Listed    ,29 JUN 2026,              10.00,          26783965,             11.30,      302658804.50
29 JUN 2026,FAZE3Q,EQ,FAZE THREE LIMITED       ,Listed    ,29 JUN 2026,              10.00,          24319000,            604.25,    14694755750.00    
29 JUN 2026,FCL,EQ,FINEOTEX CHEMICAL LIMITED,Listed    ,29 JUN 2026,               1.00,        1159500900,             38.25,    44362504434.00       
29 JUN 2026,FCONSUMER,BZ,FUTURE CONSUMER LIMITED  ,Listed    ,29 JUN 2026,               6.00,        1997034643,              0.30,      619080739.35 
29 JUN 2026,FCSSOFT,BE,FCS SOFTWARE SOLN. LTD.  ,Listed    ,29 JUN 2026,               1.00,        1709553100,              1.50,     2581425181.00   
29 JUN 2026,FDC,EQ,FDC LIMITED              ,Listed    ,29 JUN 2026,               1.00,         162810084,            420.70,    68494202338.80       
29 JUN 2026,FEDDERSHOL,EQ,FEDDERS HOLDING LTD.     ,Permitted ,29 JUN 2026,               1.00,         201415970,             41.00,     8258054770.00
29 JUN 2026,FEDERALBNK,EQ,FEDERAL BANK LTD         ,Listed    ,29 JUN 2026,               2.00,        2465016730,            324.05,   798788671356.50
29 JUN 2026,FEDFINA,EQ,FEDBANK FINANCIAL SER L  ,Listed    ,29 JUN 2026,              10.00,         374206101,            147.10,    55045717457.10   
29 JUN 2026,FEL,BZ,FUTURE ENTERPRISES LTD   ,Listed    ,29 JUN 2026,               2.00,         454930401,              0.40,      181972160.40       
29 JUN 2026,FELDVR,BZ,FUTURE ENTERPRISES LTD   ,Listed    ,29 JUN 2026,               2.00,          39374679,              2.40,       93711736.00    
29 JUN 2026,FELIX,SM,FELIX INDUSTRIES LTD.    ,Listed    ,29 JUN 2026,              10.00,          17206350,            183.35,     3154784272.50     
29 JUN 2026,FERMENTA,EQ,FERMENTA BIOTECH LTD.    ,Permitted ,29 JUN 2026,               5.00,          29430987,            357.85,    10531878697.95  
29 JUN 2026,FIBERWEB,EQ,FIBERWEB INDIA LIMITED   ,Listed    ,29 JUN 2026,              10.00,          28791710,             30.40,      874692149.80  
29 JUN 2026,FIDEL,SM,FIDEL SOFTECH LIMITED    ,Listed    ,29 JUN 2026,              10.00,          13750560,            154.95,     2130649272.00     
29 JUN 2026,FIEMIND,EQ,FIEM INDUSTRIES LIMITED  ,Listed    ,29 JUN 2026,              10.00,          26319660,           2244.80,    59082372768.00   
29 JUN 2026,FILATEX,EQ,FILATEX INDIA LTD        ,Listed    ,29 JUN 2026,               1.00,         444058375,             51.75,    22971139738.75   
29 JUN 2026,FILATFASH,BE,FILATEX FASHIONS LIMITED ,Listed    ,29 JUN 2026,               1.00,        8334072725,              0.20,     1583473817.75 
29 JUN 2026,FINBUD,SM,FINBUD FINANCIAL SERV LTD,Listed    ,29 JUN 2026,              10.00,          19049480,            126.85,     2416426538.00    
29 JUN 2026,FINCABLES,EQ,FINOLEX CABLES LTD       ,Listed    ,29 JUN 2026,               2.00,         152939345,           1179.20,   180346075624.00 
29 JUN 2026,FINEORG,EQ,FINE ORGANIC IND. LTD.   ,Listed    ,29 JUN 2026,               5.00,          30659976,           5334.10,   163543377981.60   
29 JUN 2026,FINKURVE,EQ,FINKURVE FINANCIAL SERV L,Listed    ,29 JUN 2026,               1.00,         140050488,             64.55,     9038858495.50  
29 JUN 2026,FINOPB,EQ,FINO PAYMENTS BANK LTD   ,Listed    ,29 JUN 2026,              10.00,          83218402,            145.65,    12119928067.30    
29 JUN 2026,FINPIPE,EQ,FINOLEX INDUSTRIES LTD   ,Listed    ,29 JUN 2026,               2.00,         620476905,            174.50,   108285629460.60   
29 JUN 2026,FIRSTCRY,EQ,BRAINBEES SOLUTIONS LTD  ,Listed    ,29 JUN 2026,               2.00,         522041984,            221.35,   115559213578.25  
29 JUN 2026,FISCHER,EQ,FISCHER MEDICAL VENTURE L,Listed    ,29 JUN 2026,               1.00,         648515470,             38.30,    24831657346.30   
29 JUN 2026,FIVESTAR,EQ,FIVE-STAR BUS FIN LTD    ,Listed    ,29 JUN 2026,               1.00,         294566168,            487.25,   143527365358.00  
29 JUN 2026,FLAIR,EQ,FLAIR WRITING INDUST LTD ,Listed    ,29 JUN 2026,               5.00,         105395378,            264.45,    27871807712.10     
29 JUN 2026,FLEXITUFF,BE,FLEXITUFF VENTURES INT L ,Listed    ,29 JUN 2026,              10.00,          32822806,              5.75,      189059362.55 
29 JUN 2026,FLFL,BZ,FUT LIFESTYLE FASH LTD   ,Listed    ,29 JUN 2026,               2.00,         201774874,              1.40,      284502572.35      
29 JUN 2026,FLUOROCHEM,EQ,GUJARAT FLUOROCHEM LTD   ,Listed    ,29 JUN 2026,               1.00,         109850000,           3872.30,   425372155000.00
29 JUN 2026,FLYSBS,SM,FLYSBS AVIATION LIMITED  ,Listed    ,29 JUN 2026,              10.00,          17303751,            481.50,     8331756106.50    
29 JUN 2026,FMGOETZE,EQ,FEDERAL-MOGUL GOETZE (IND,Listed    ,29 JUN 2026,              10.00,          55632130,            449.55,    25009424041.50  
29 JUN 2026,FMNL,BE,FUTURE MKT NETWORKS LTD  ,Listed    ,29 JUN 2026,              10.00,          60644381,             10.90,      662236640.50      
29 JUN 2026,FOCE,SM,FOCE INDIA LIMITED       ,Listed    ,29 JUN 2026,              10.00,          11743020,            603.00,     7081041060.00      
29 JUN 2026,FOCUS,EQ,FOCUS LIGHTG & FIXTRS LTD,Listed    ,29 JUN 2026,               2.00,          67444950,             90.00,     6070719949.50     
29 JUN 2026,FONEBOX,SM,FONEBOX RETAIL LIMITED   ,Listed    ,29 JUN 2026,              10.00,          10260000,             72.50,      743850000.00   
29 JUN 2026,FOODSIN,EQ,FOODS & INNS LIMITED     ,Listed    ,29 JUN 2026,               1.00,          73531558,             54.15,     3980998550.10   
29 JUN 2026,FORCAS,SM,FORCAS STUDIO LIMITED    ,Listed    ,29 JUN 2026,              10.00,          17580000,             94.90,     1668342000.00    
29 JUN 2026,FORCEMOT,EQ,FORCE MOTORS LIMITED     ,Listed    ,29 JUN 2026,              10.00,          13032914,          17825.00,   232311692050.00  
29 JUN 2026,FORGEAUTO,SM,FORGE AUTO INTERNATION L ,Listed    ,25 JUN 2026,              10.00,          10920000,             92.40,     1009008000.00 
29 JUN 2026,FORTIS,EQ,FORTIS HEALTHCARE LTD    ,Listed    ,29 JUN 2026,              10.00,         754958148,            950.40,   717512223859.20    
29 JUN 2026,FOSECOIND,EQ,FOSECO INDIA LTD         ,Listed    ,29 JUN 2026,              10.00,           7537259,           5323.40,    40123844560.60 
29 JUN 2026,FRACTAL,EQ,FRACTAL ANALYTICS LIMITED,Listed    ,29 JUN 2026,               1.00,         171965112,            890.80,   153186521769.60   
29 JUN 2026,FRESHARA,SM,FRESHARA AGRO EXPORTS LTD,Listed    ,29 JUN 2026,              10.00,          23499200,            236.00,     5545811200.00  
29 JUN 2026,FROG,ST,FROG INNOVATIONS LIMITED ,Listed    ,29 JUN 2026,              10.00,          15554300,            167.55,     2606122965.00      
29 JUN 2026,FRONTSP,EQ,FRONTIER SPRINGS LTD.    ,Permitted ,29 JUN 2026,              10.00,          11815533,           1407.80,    16633907357.40   
29 JUN 2026,FSL,EQ,FIRSTSOURCE SOLU. LTD.   ,Listed    ,29 JUN 2026,              10.00,         696990826,            235.35,   164036790899.10       
29 JUN 2026,FUSION,EQ,FUSION FINANCE LIMITED   ,Listed    ,29 JUN 2026,              10.00,         161365967,            185.75,    29972114710.60    
29 JUN 2026,FWSTC,SM,FLYWINGS SIMULAT T C LTD ,Listed    ,25 JUN 2026,              10.00,          10177128,            182.95,     1861905567.60     
29 JUN 2026,GABRIEL,EQ,GABRIEL INDIA LTD        ,Listed    ,29 JUN 2026,               1.00,         143643940,           1275.20,   183174752288.00   
29 JUN 2026,GAEL,EQ,GUJARAT AMBUJA EXPORTS LT,Listed    ,29 JUN 2026,               1.00,         458670660,            161.85,    74245019734.20      
29 JUN 2026,GAIL,EQ,GAIL (INDIA) LTD         ,Listed    ,29 JUN 2026,              10.00,        6575099644,            172.20,  1132363660689.70      
29 JUN 2026,GAJANAND,SM,GAJANAND INTERNATIONAL L ,Listed    ,25 JUN 2026,              10.00,          18835568,              8.10,      152568100.80  
29 JUN 2026,GALAPREC,EQ,GALA PRECISION ENG LTD   ,Listed    ,29 JUN 2026,              10.00,          12797550,           1066.30,    13646027565.00  
29 JUN 2026,GALAXYSURF,EQ,GALAXY SURFACTANTS LTD   ,Listed    ,29 JUN 2026,              10.00,          35454752,           1973.10,    69955771171.20
29 JUN 2026,GALLANTT,EQ,GALLANTT ISPAT LIMITED   ,Listed    ,29 JUN 2026,              10.00,         241280945,            685.60,   165422215892.00  
29 JUN 2026,GANDHAR,EQ,GANDHAR OIL REFINE IND L ,Listed    ,29 JUN 2026,               2.00,          97879530,            179.15,    17536096594.80   
29 JUN 2026,GANDHITUBE,EQ,GANDHI SPL. TUBES LTD    ,Listed    ,29 JUN 2026,               5.00,          12152000,            854.35,    10382061200.00
29 JUN 2026,GANECOS,EQ,GANESHA ECOSPHERE LIMITED,Listed    ,29 JUN 2026,              10.00,          26795984,            902.65,    24187394957.60   
29 JUN 2026,GANESHBE,EQ,GANESH BENZOPLAST LIMITED,Listed    ,29 JUN 2026,               1.00,          71989421,            103.25,     7433627612.45  
29 JUN 2026,GANESHCP,EQ,GANESH CONSUMER PRODUCT L,Listed    ,29 JUN 2026,              10.00,          40412946,            193.55,     7821925698.30  
29 JUN 2026,GANESHHOU,EQ,GANESH HOUSING LIMITED   ,Listed    ,29 JUN 2026,              10.00,          83387090,            765.30,    63816139977.00 
29 JUN 2026,GANESHIN,ST,GANESH INFRAWORLD LIMITED,Listed    ,29 JUN 2026,               5.00,          42721397,             99.80,     4263595420.60  
29 JUN 2026,GANGABATH,SM,GANGA BATH FITTINGS LTD  ,Listed    ,29 JUN 2026,              10.00,          22207848,             22.65,      503007757.20 
29 JUN 2026,GANGAFORGE,EQ,GANGA FORGING LIMITED    ,Listed    ,29 JUN 2026,               1.00,         134802230,              2.40,      323525352.00
29 JUN 2026,GANGESSECU,EQ,GANGES SECURITIES LIMITED,Listed    ,29 JUN 2026,              10.00,          10003687,            119.90,     1199342034.45
29 JUN 2026,GARFIBRES,EQ,GARWARE TECH FIBRES LTD  ,Listed    ,29 JUN 2026,              10.00,          99265845,            749.50,    74399750827.50 
29 JUN 2026,GARUDA,EQ,GARUDA CONSTRUCT N ENG L ,Listed    ,29 JUN 2026,               5.00,          93041742,            176.40,    16411632871.40    
29 JUN 2026,GATECH,EQ,GACM TECHNOLOGIES LIMITED,Listed    ,29 JUN 2026,               1.00,        1102742236,              0.50,      540343695.65    
29 JUN 2026,GATECHDVR,EQ,GACM TECHNOLOGIES LIMITED,Listed    ,29 JUN 2026,               1.00,         189665894,              0.45,       83452993.35 
29 JUN 2026,GATEWAY,EQ,GATEWAY DISTRIPARKS LTD  ,Listed    ,29 JUN 2026,              10.00,         499643836,             56.85,    28414744953.30   
29 JUN 2026,GAUDIUMIVF,BE,GAUDIUM IVF N WOMEN H L  ,Listed    ,29 JUN 2026,               5.00,          72786884,            110.80,     8064786747.20
29 JUN 2026,GAYAHWS,EQ,GAYATRI HIGHWAYS LIMITED ,Listed    ,29 JUN 2026,               2.00,         239651900,              2.05,      486493357.00   
29 JUN 2026,GAYAPROJ,BE,GAYATRI PROJECTS LTD     ,Listed    ,29 JUN 2026,               2.00,         187198685,             21.75,     4069699411.90  
29 JUN 2026,GCHOTELS,ST,GRAND CONTINENT HOTELS L ,Listed    ,29 JUN 2026,              10.00,          24919403,            123.45,     3076300300.35  
29 JUN 2026,GCSL,EQ,GRETEX CORPORATE SERVICES,Listed    ,29 JUN 2026,              10.00,          22639347,            420.60,     9522109348.20      
29 JUN 2026,GEECEE,EQ,GEECEE VENTURES LIMITED  ,Listed    ,29 JUN 2026,              10.00,          20911729,            332.25,     6947921960.25    
29 JUN 2026,GEEKAYWIRE,EQ,GEEKAY WIRES LIMITED     ,Listed    ,29 JUN 2026,               1.00,         104520000,             25.50,     2667350400.00
29 JUN 2026,GEMAROMA,EQ,GEM AROMATICS LIMITED    ,Listed    ,29 JUN 2026,               2.00,          52237138,            193.45,    10104229603.35  
29 JUN 2026,GENCON,EQ,GENERIC ENG CONS PROJ LTD,Listed    ,29 JUN 2026,               5.00,          56986219,             44.00,     2506253911.60    
29 JUN 2026,GENESYS,EQ,GENESYS INTL CORPN LTD   ,Listed    ,29 JUN 2026,               5.00,          41790377,            323.30,    13510828884.10   
29 JUN 2026,GENSOL,BZ,GENSOL ENGINEERING LTD   ,Listed    ,29 JUN 2026,              10.00,          38002434,             21.40,      812492038.90    
29 JUN 2026,GENUSPAPER,EQ,GENUS P&B LIMITED        ,Listed    ,29 JUN 2026,               1.00,         257125940,             12.00,     3080368761.20
29 JUN 2026,GENUSPOWER,EQ,GENUS POWER INFRASTRU LTD,Listed    ,29 JUN 2026,               1.00,         304217735,            318.45,    96878137710.75
29 JUN 2026,GENXAI,SM,GENXAI ANALYTICS LIMITED ,Listed    ,29 JUN 2026,              10.00,          17943610,             91.10,     1634662871.00    
29 JUN 2026,GEOJITFSL,EQ,GEOJIT FINANCIAL SER L   ,Listed    ,29 JUN 2026,               1.00,         279122119,             77.15,    21539853923.25 
29 JUN 2026,GESHIP,EQ,THE GE SHPG.LTD          ,Listed    ,29 JUN 2026,              10.00,         142767161,           1523.20,   217462939635.20    
29 JUN 2026,GFLLIMITED,EQ,GFL LIMITED              ,Listed    ,29 JUN 2026,               1.00,         109850000,             45.70,     5019046500.00
29 JUN 2026,GFSTEELS,BE,GRAND FOUNDRY LTD        ,Listed    ,29 JUN 2026,               4.00,          30430000,             13.60,      414152300.00  
29 JUN 2026,GGBL,SM,GANESH GREEN BHARAT LTD  ,Listed    ,29 JUN 2026,              10.00,          24801000,            282.50,     7006282500.00      
29 JUN 2026,GHCL,EQ,GHCL LIMITED             ,Listed    ,29 JUN 2026,              10.00,          91934155,            430.00,    39531686650.00      
29 JUN 2026,GHCLTEXTIL,EQ,GHCL TEXTILES LIMITED    ,Listed    ,29 JUN 2026,               2.00,          95585786,             94.90,     9072046949.25
29 JUN 2026,GICHSGFIN,EQ,GIC HOUSING FINANCE LTD  ,Listed    ,29 JUN 2026,              10.00,          53851066,            154.40,     8314066079.75 
29 JUN 2026,GICL,EQ,GLOBE INTL CARRIERS LTD  ,Listed    ,29 JUN 2026,               5.00,         111954588,             17.20,     1924499367.70      
29 JUN 2026,GICRE,EQ,GENERAL INS CORP OF INDIA,Listed    ,29 JUN 2026,               5.00,        1754400000,            364.05,   638689320000.00     
29 JUN 2026,GILLANDERS,EQ,GILLANDERS ARBUTHNOT LTD ,Listed    ,29 JUN 2026,              10.00,          21342346,             92.80,     1980142861.90
29 JUN 2026,GILLETTE,EQ,GILLETTE INDIA LTD       ,Listed    ,29 JUN 2026,              10.00,          32585217,           7561.00,   246376825737.00  
29 JUN 2026,GINNIFILA,EQ,GINNI FILAMENTS LTD      ,Listed    ,29 JUN 2026,              10.00,          85650065,             47.90,     4101781612.85 
29 JUN 2026,GIPCL,EQ,GUJ IND POW CO. LTD      ,Listed    ,29 JUN 2026,              10.00,         155215944,            162.80,    25266051364.30     
29 JUN 2026,GIRIRAJ,SM,GIRIRAJ CIVIL DEVP LTD   ,Listed    ,29 JUN 2026,              10.00,          23920500,            128.95,     3084548475.00   
29 JUN 2026,GJL,ST,GROVER JEWELLS LIMITED   ,Listed    ,29 JUN 2026,              10.00,          14507200,            216.00,     3133555200.00       
29 JUN 2026,GKENERGY,EQ,GK ENERGY LIMITED        ,Listed    ,29 JUN 2026,               2.00,         202817266,            140.05,    28404558103.30  
29 JUN 2026,GKSL,EQ,GUJARAT KIDNEY N SUP SP L,Listed    ,29 JUN 2026,               2.00,          78843250,            129.35,    10196797522.50      
29 JUN 2026,GKWLIMITED,EQ,GKW LIMITED              ,Listed    ,29 JUN 2026,              10.00,           5966500,           1747.00,    10423475500.00
29 JUN 2026,GLAND,EQ,GLAND PHARMA LIMITED     ,Listed    ,29 JUN 2026,               1.00,         164756423,           2373.00,   390966991779.00     
29 JUN 2026,GLAXO,EQ,GLAXOSMITHKLINE PHARMA LT,Listed    ,29 JUN 2026,              10.00,         169406034,           2354.40,   398849566449.60     
29 JUN 2026,GLENMARK,EQ,GLENMARK PHARMACEUTICALS ,Listed    ,29 JUN 2026,               1.00,         282200809,           2186.60,   617060288959.40  
29 JUN 2026,GLFL,BE,GUJARAT LEASE FINANCING L,Listed    ,29 JUN 2026,              10.00,          27125767,              6.35,      172791135.80      
29 JUN 2026,GLOBAL,EQ,GLOBAL EDUCATION LIMITED ,Listed    ,29 JUN 2026,               2.00,          50901500,            104.80,     5333459170.00    
29 JUN 2026,GLOBALE,BE,GLOBALE TESSILE LIMITED  ,Listed    ,29 JUN 2026,              10.00,          10620275,             12.50,      132647234.75   
29 JUN 2026,GLOBALPET,ST,GLOBAL PET INDUSTRIES LTD,Listed    ,29 JUN 2026,              10.00,          11787408,            147.00,     1732748976.00 
29 JUN 2026,GLOBALVECT,EQ,GLOBAL VEC HELICORP LTD  ,Listed    ,29 JUN 2026,              10.00,          14000000,            166.10,     2325120000.00
29 JUN 2026,GLOBE,EQ,GLOBE ENTERPRISE (I) LTD ,Listed    ,29 JUN 2026,               2.00,         450418788,              2.20,      995425521.50     
29 JUN 2026,GLOBECIVIL,BE,GLOBE CIVIL PROJECTS LTD ,Listed    ,29 JUN 2026,              10.00,          59718999,             42.95,     2564931007.05
29 JUN 2026,GLOBUSSPR,EQ,GLOBUS SPIRITS LTD       ,Listed    ,29 JUN 2026,              10.00,          29067968,            863.85,    25110364156.80 
29 JUN 2026,GLOSTERLTD,EQ,GLOSTER LIMITED          ,Listed    ,29 JUN 2026,              10.00,          10943260,            723.55,     7917995773.00
29 JUN 2026,GLOTTIS,BE,GLOTTIS LIMITED          ,Listed    ,29 JUN 2026,               2.00,          92403000,             66.70,     6165128160.00   
29 JUN 2026,GMBREW,EQ,G M BREWERIES LTD        ,Listed    ,29 JUN 2026,              10.00,          22846923,            941.50,    21510378004.50    
29 JUN 2026,GMDCLTD,EQ,GUJARAT MINERAL DEV CORP ,Listed    ,29 JUN 2026,               2.00,         318000000,            578.40,   183931200000.00   
29 JUN 2026,GML,SM,GALAXY MEDICARE LIMITED  ,Listed    ,29 JUN 2026,              10.00,          15171983,             18.70,      283716082.10       
29 JUN 2026,GMMPFAUDLR,EQ,GMM PFAUDLER LIMITED     ,Listed    ,29 JUN 2026,               2.00,          44957224,            792.75,    35639839326.00
29 JUN 2026,GMRAIRPORT,EQ,GMR AIRPORTS LIMITED     ,Listed    ,29 JUN 2026,               1.00,       10558975952,            109.40,  1155363148667.85
29 JUN 2026,GMRP&UI,EQ,GMR POW AND URBAN INFRA L,Listed    ,29 JUN 2026,               5.00,         781017529,             99.05,    77367596422.75   
29 JUN 2026,GNA,EQ,GNA AXLES LIMITED        ,Listed    ,29 JUN 2026,              10.00,          42930800,            431.25,    18513907500.00       
29 JUN 2026,GNFC,EQ,GUJ NAR VAL FER & CHEM L ,Listed    ,29 JUN 2026,              10.00,         146940683,            546.45,    80295736225.35      
29 JUN 2026,GNRL,EQ,GUJARAT NATURAL RES L    ,Permitted ,29 JUN 2026,              10.00,         128402632,            113.65,    14592959126.80      
29 JUN 2026,GOACARBON,EQ,GOA CARBON LIMITED       ,Listed    ,29 JUN 2026,              10.00,           9151052,            394.10,     3606429593.20 
29 JUN 2026,GOCLCORP,EQ,GOCL CORPORATION LIMITED ,Listed    ,29 JUN 2026,               2.00,          49572490,            403.35,    19995063841.50  
29 JUN 2026,GOCOLORS,EQ,GO FASHION INDIA LTD     ,Listed    ,29 JUN 2026,              10.00,          54008984,            387.10,    20906877706.40  
29 JUN 2026,GODAVARIB,EQ,GODAVARI BIOREFINERIES L ,Listed    ,29 JUN 2026,              10.00,          51175977,            277.15,    14183422025.55 
29 JUN 2026,GODFRYPHLP,EQ,GODFREY PHILLIPS INDIA LT,Listed    ,29 JUN 2026,               2.00,         155981760,           2193.30,   342114794208.00
29 JUN 2026,GODIGIT,EQ,GO DIGIT GENERAL INS LTD ,Listed    ,29 JUN 2026,              10.00,         924490026,            319.75,   295605685813.50   
29 JUN 2026,GODREJAGRO,EQ,GODREJ AGROVET LIMITED   ,Listed    ,29 JUN 2026,              10.00,         192328994,            557.65,   107252263504.10
29 JUN 2026,GODREJCP,EQ,GODREJ CONSUMER PRODUCTS ,Listed    ,29 JUN 2026,               1.00,        1023244581,           1021.90,  1045653637323.90  
29 JUN 2026,GODREJIND,EQ,GODREJ INDUSTRIES LTD    ,Listed    ,29 JUN 2026,               1.00,         336804842,           1153.50,   388504385247.00 
29 JUN 2026,GODREJPROP,EQ,GODREJ PROPERTIES LTD    ,Listed    ,29 JUN 2026,               5.00,         301207741,           1830.10,   551240286804.10
29 JUN 2026,GOKEX,EQ,GOKALDAS EXPORTS LTD.    ,Listed    ,29 JUN 2026,               5.00,          73247228,            849.80,    62245494354.40     
29 JUN 2026,GOKUL,EQ,GOKUL REFOILS & SOLV LTD ,Listed    ,29 JUN 2026,               2.00,          98995000,             41.95,     4151850300.00     
29 JUN 2026,GOKULAGRO,EQ,GOKUL AGRO RESOURCES LTD ,Listed    ,29 JUN 2026,               1.00,         295086716,            212.65,    62744288423.10 
29 JUN 2026,GOLDENTOBC,BZ,GOLDEN TOBACCO LIMITED   ,Listed    ,29 JUN 2026,              10.00,          17608802,             25.90,      455715795.75
29 JUN 2026,GOLDIAM,EQ,GOLDIAM INTERNATIONAL LTD,Listed    ,29 JUN 2026,               2.00,         112917844,            452.65,    51112262086.60   
29 JUN 2026,GOLDKART,SM,GOLDKART JEWELS LIMITED  ,Listed    ,18 JUN 2026,              10.00,          16785350,            136.90,     2297914415.00  
29 JUN 2026,GOLDSTAR,SM,GOLDSTAR POWER LIMITED   ,Listed    ,29 JUN 2026,               1.00,         286198500,              8.20,     2346827700.00  
29 JUN 2026,GOLDTECH,EQ,AION-TECH SOLUTIONS LTD  ,Listed    ,29 JUN 2026,              10.00,          52261836,             58.40,     3051045985.70  
29 JUN 2026,GOODLUCK,EQ,GOODLUCK INDIA LIMITED   ,Listed    ,29 JUN 2026,               2.00,          33238509,           1474.60,    49013505371.40  
29 JUN 2026,GOODYEAR,EQ,GOODYEAR INDIA LIMITED   ,Permitted ,29 JUN 2026,              10.00,          23066507,            755.90,    17435972641.30  
29 JUN 2026,GOPAL,EQ,GOPAL SNACKS LIMITED     ,Listed    ,29 JUN 2026,               1.00,         124648419,            276.45,    34459055432.55     
29 JUN 2026,GOYALALUM,EQ,GOYAL ALUMINIUMS LIMITED ,Listed    ,29 JUN 2026,               1.00,         142732780,              6.95,      989138165.40 
29 JUN 2026,GOYALSALT,SM,GOYAL SALT LIMITED       ,Listed    ,29 JUN 2026,              10.00,          17900250,            118.65,     2123864662.50 
29 JUN 2026,GPECO,ST,GP ECO SOLUTIONS INDIA L ,Listed    ,29 JUN 2026,              10.00,          11830800,            434.35,     5138707980.00     
29 JUN 2026,GPIL,EQ,GODAWARI POW & ISP LTD   ,Listed    ,29 JUN 2026,               1.00,         671167908,            262.00,   175845991896.00      
29 JUN 2026,GPPL,EQ,GUJARAT PIPAVAV PORT LTD ,Listed    ,29 JUN 2026,              10.00,         483439910,            152.00,    73482866320.00      
29 JUN 2026,GPTHEALTH,EQ,GPT HEALTHCARE LIMITED   ,Listed    ,29 JUN 2026,              10.00,          82054823,            146.70,    12035801437.65 
29 JUN 2026,GPTINFRA,EQ,GPT INFRAPROJECTS LTD    ,Listed    ,29 JUN 2026,              10.00,         126364600,            132.75,    16776164296.00  
29 JUN 2026,GRADIENTE,EQ,GRADIENTE INFOTAINMENT L ,Listed    ,29 JUN 2026,              10.00,         332400000,              2.90,      963960000.00 
29 JUN 2026,GRANDOAK,EQ,GRAND OAK CANYONS DIST L ,Permitted ,29 JUN 2026,              10.00,         518883550,             43.65,    22659644628.50  
29 JUN 2026,GRANULES,EQ,GRANULES INDIA LIMITED   ,Listed    ,29 JUN 2026,               1.00,         247796921,            794.80,   196948992810.80  
29 JUN 2026,GRAPHISAD,SM,GRAPHISADS LIMITED       ,Listed    ,25 JUN 2026,              10.00,          18276500,             28.00,      511742000.00 
29 JUN 2026,GRAPHITE,EQ,GRAPHITE INDIA LTD       ,Listed    ,29 JUN 2026,               2.00,         195375594,            614.55,   120068071292.70  
29 JUN 2026,GRASIM,EQ,GRASIM INDUSTRIES LTD    ,Listed    ,29 JUN 2026,               2.00,         680524316,           3080.20,  2096150998143.20    
29 JUN 2026,GRAUWEIL,EQ,GRAUER & WEIL IND LTD    ,Permitted ,29 JUN 2026,               1.00,         453411500,             73.10,    33148914765.00  
29 JUN 2026,GRAVISSHO,EQ,GRAVISS HOSPITALITY LTD. ,Permitted ,29 JUN 2026,               2.00,          70519135,             29.00,     2044349723.65 
29 JUN 2026,GRAVITA,EQ,GRAVITA INDIA LIMITED    ,Listed    ,29 JUN 2026,               2.00,          73808451,           1663.60,   122787739083.60   
29 JUN 2026,GRCL,ST,GAYATRI RUBB AND CHEM LTD,Listed    ,29 JUN 2026,              10.00,           5738000,            563.50,     3233363000.00      
29 JUN 2026,GREAVESCOT,EQ,GREAVES COTTON LTD.      ,Listed    ,29 JUN 2026,               2.00,         232896261,            209.55,    48805740455.15
29 JUN 2026,GREENCHEF,SM,GREENCHEF APPLIANCES LTD ,Listed    ,29 JUN 2026,              10.00,          23271840,             51.30,     1193845392.00 
29 JUN 2026,GREENLAM,EQ,GREENLAM INDUSTRIES LTD. ,Listed    ,29 JUN 2026,               1.00,         255147702,            259.70,    66264409686.40  
29 JUN 2026,GREENLEAF,ST,GREENLEAF ENVIROTECH LTD ,Listed    ,29 JUN 2026,              10.00,           5929250,             80.95,      479972787.50 
29 JUN 2026,GREENPANEL,EQ,GREENPANEL INDUSTRIES LTD,Listed    ,29 JUN 2026,               1.00,         122627395,            192.30,    23583700606.40
29 JUN 2026,GREENPLY,EQ,GREENPLY INDUSTRIES LTD  ,Listed    ,29 JUN 2026,               1.00,         124887795,            300.70,    37553759956.50  
29 JUN 2026,GREENPOWER,EQ,ORIENT GREEN POWER CO LTD,Listed    ,29 JUN 2026,              10.00,        1173022796,             10.45,    12234627762.30
29 JUN 2026,GRETEX,ST,GRETEX INDUSTRIES LTD.   ,Listed    ,18 JUN 2026,              10.00,          15506060,            265.00,     4109105900.00    
29 JUN 2026,GRINDWELL,EQ,GRINDWELL NORTON LIMITED ,Listed    ,29 JUN 2026,               5.00,         110720000,           2146.80,   237693696000.00 
29 JUN 2026,GRINFRA,EQ,G R INFRAPROJECTS LIMITED,Listed    ,29 JUN 2026,               5.00,          96760529,            924.00,    89406728796.00   
29 JUN 2026,GRMOVER,EQ,GRM OVERSEAS LIMITED     ,Listed    ,29 JUN 2026,               2.00,         184056000,             90.10,    16585286160.00   
29 JUN 2026,GROBTEA,EQ,THE GROB TEA COMPANY LTD ,Listed    ,29 JUN 2026,              10.00,           1162330,            915.00,     1063531950.00   
29 JUN 2026,GROWW,EQ,BILLIONBRAINS GARAGE VN L,Listed    ,29 JUN 2026,               2.00,        6273596631,            202.90,  1273038228362.50     
29 JUN 2026,GRPLTD,EQ,GRP LIMITED              ,Listed    ,29 JUN 2026,              10.00,           5333332,           1899.60,    10131197467.20    
29 JUN 2026,GRSE,EQ,GARDEN REACH SHIP&ENG LTD,Listed    ,29 JUN 2026,              10.00,         114552000,           2677.80,   306747345600.00      
29 JUN 2026,GRWRHITECH,EQ,GARWARE HI-TECH FILMS LTD,Listed    ,29 JUN 2026,              10.00,          23232394,           6621.50,   153833296871.00
29 JUN 2026,GSFC,EQ,GUJ STATE FERT & CHEM LTD,Listed    ,29 JUN 2026,               2.00,         398477530,            162.20,    64625085815.40      
29 JUN 2026,GSLSU,EQ,GLOBAL SURFACES LIMITED  ,Listed    ,29 JUN 2026,              10.00,          42381818,             43.05,     1823689628.55     
29 JUN 2026,GSMFOILS,SM,GSM FOILS LIMITED        ,Listed    ,29 JUN 2026,              10.00,          14092749,            228.90,     3225830246.10  
29 JUN 2026,GSPCROP,EQ,GSP CROP SCIENCE LIMITED ,Listed    ,29 JUN 2026,              10.00,          46518750,            387.30,    18016711875.00   
29 JUN 2026,GSS,BE,GSS INFOTECH LIMITED     ,Listed    ,29 JUN 2026,              10.00,          26156843,             12.70,      332191906.10       
29 JUN 2026,GSTL,ST,GLOBESECURE TECHNO LTD   ,Listed    ,29 JUN 2026,              10.00,          15939349,             18.25,      290893119.25      
29 JUN 2026,GTECJAINX,BE,G-TEC JAINX EDUCATION LTD,Listed    ,29 JUN 2026,              10.00,          10189098,             30.80,      313824218.40 
29 JUN 2026,GTL,EQ,GTL LTD                  ,Listed    ,29 JUN 2026,              10.00,         157296781,              7.60,     1195455535.60       
29 JUN 2026,GTLINFRA,EQ,GTL INFRA.LTD            ,Listed    ,29 JUN 2026,              10.00,       12809111895,              1.35,    17420392177.20  
29 JUN 2026,GTPL,EQ,GTPL HATHWAY LIMITED     ,Listed    ,29 JUN 2026,              10.00,         112463038,             60.30,     6779271930.65      
29 JUN 2026,GUFICBIO,EQ,GUFIC BIOSCIENCES LTD.   ,Listed    ,29 JUN 2026,               1.00,         100282506,            386.30,    38739132067.80  
29 JUN 2026,GUJALKALI,EQ,GUJARAT ALKALIES & CHEM  ,Listed    ,29 JUN 2026,              10.00,          73445242,            608.20,    44669396184.40 
29 JUN 2026,GUJAPOLLO,EQ,GUJ. APOLLO IND. LTD.    ,Listed    ,29 JUN 2026,              10.00,          12970000,            360.15,     4671145500.00 
29 JUN 2026,GUJGASLTD,EQ,GUJARAT GAS LIMITED      ,Listed    ,29 JUN 2026,               2.00,         959087130,            335.30,   321581914689.00 
29 JUN 2026,GUJRAFFIA,EQ,GUJARAT RAFFIA INDUST LTD,Listed    ,29 JUN 2026,              10.00,           5404500,             40.10,      216612360.00 
29 JUN 2026,GUJTHEM,EQ,GUJARAT THEMIS BIOSYN LTD,Listed    ,29 JUN 2026,               1.00,         108965265,            384.20,    41864454813.00   
29 JUN 2026,GULFOILLUB,EQ,GULF OIL LUB. IND. LTD.  ,Listed    ,29 JUN 2026,               2.00,          49400074,           1093.35,    54011570907.90
29 JUN 2026,GULFPETRO,BE,GP PETROLEUMS LIMITED    ,Listed    ,29 JUN 2026,               5.00,          50984383,             39.35,     2007255158.70 
29 JUN 2026,GULPOLY,EQ,GULSHAN POLYOLS LIMITED  ,Listed    ,29 JUN 2026,               1.00,          62370586,            191.25,    11927127160.80   
29 JUN 2026,GURUNANAK,ST,GURUNANAK AGRICULTUR IN L,Listed    ,29 JUN 2026,              10.00,          12000000,             35.25,      423000000.00 
29 JUN 2026,GVKPIL,BE,GVK POW. & INFRA LTD.    ,Listed    ,29 JUN 2026,               1.00,        1578620550,              2.65,     4199130663.00    
29 JUN 2026,GVPIL,EQ,GE POWER INDIA LIMITED   ,Listed    ,29 JUN 2026,              10.00,          67227471,            937.90,    63052645050.90     
29 JUN 2026,GVPTECH,EQ,GVP INFOTECH LIMITED     ,Listed    ,29 JUN 2026,               2.00,         162861590,              7.10,     1156317289.00   
29 JUN 2026,GVT&D,EQ,GE VERNOVA T&D INDIA LTD ,Listed    ,29 JUN 2026,               2.00,         256046535,           4956.50,  1269094650727.50     
29 JUN 2026,HAL,EQ,HINDUSTAN AERONAUTICS LTD,Listed    ,29 JUN 2026,               5.00,         668775000,           4342.80,  2904356070000.00       
29 JUN 2026,HALDER,EQ,HALDER VENTURE LIMITED   ,Listed    ,29 JUN 2026,              10.00,          12438135,            237.95,     2959778604.60    
29 JUN 2026,HALDYNGL,BE,HALDYN GLASS LTD.        ,Permitted ,29 JUN 2026,               1.00,          53751700,            115.20,     6191658323.00  
29 JUN 2026,HALEOSLABS,EQ,HALEOS LABS LIMITED      ,Listed    ,29 JUN 2026,              10.00,           3023287,           1356.40,     4100786486.80
29 JUN 2026,HAPPSTMNDS,EQ,HAPPIEST MINDS TECHNO LTD,Listed    ,29 JUN 2026,               2.00,         152274811,            337.65,    51415589934.15
29 JUN 2026,HAPPYFORGE,EQ,HAPPY FORGINGS LIMITED   ,Listed    ,29 JUN 2026,               2.00,          94350461,           1528.00,   144167504408.00
29 JUN 2026,HARDWYN,EQ,HARDWYN INDIA LIMITED    ,Listed    ,29 JUN 2026,               1.00,         488434054,             24.50,    11976403004.10   
29 JUN 2026,HARIOMPIPE,EQ,HARIOM PIPE INDUSTRIES L ,Listed    ,29 JUN 2026,              10.00,          30967289,            389.85,    12072597616.65
29 JUN 2026,HARRMALAYA,EQ,HARRISON MALAYALAM LTD   ,Listed    ,29 JUN 2026,              10.00,          18455405,            199.55,     3682776067.75
29 JUN 2026,HARSHA,EQ,HARSHA ENGINEERS INT LTD ,Listed    ,29 JUN 2026,              10.00,          91044105,            409.85,    37314426434.25    
29 JUN 2026,HATHWAY,EQ,HATHWAY CABLE & DATACOM  ,Listed    ,29 JUN 2026,               2.00,        1770104500,             11.15,    19718964130.00   
29 JUN 2026,HATSUN,EQ,HATSUN AGRO PRODUCT LTD. ,Listed    ,29 JUN 2026,               1.00,         222748268,            926.80,   206443094782.40    
29 JUN 2026,HAVELLS,EQ,HAVELLS INDIA LIMITED    ,Listed    ,29 JUN 2026,               1.00,         627256842,           1156.10,   725171635036.20   
29 JUN 2026,HAVISHA,EQ,SRI HAVISHA HOSP & INFR L,Listed    ,29 JUN 2026,               2.00,         153535800,              1.30,      198061182.00   
29 JUN 2026,HAWKINCOOK,EQ,HAWKINS COOKERS LTD      ,Permitted ,29 JUN 2026,              10.00,           5287815,           8156.50,    43130063047.50
29 JUN 2026,HBESD,EQ,H B ESTATE DEVELOPERS L  ,Permitted ,29 JUN 2026,              10.00,          22959947,             76.20,     1749088762.45     
29 JUN 2026,HBLENGINE,EQ,HBL ENGINEERING LTD      ,Listed    ,29 JUN 2026,               1.00,         277194946,            792.80,   219760153188.80 
29 JUN 2026,HBSL,BE,HB STOCKHOLDINGS LIMITED ,Listed    ,29 JUN 2026,              10.00,           7137665,             50.15,      357811146.45      
29 JUN 2026,HCC,EQ,HINDUSTAN CONSTRUCTION CO,Listed    ,29 JUN 2026,               1.00,        2619468062,             25.70,    67294134512.80       
29 JUN 2026,HCG,EQ,HEALTHCARE GLOB. ENT. LTD,Listed    ,29 JUN 2026,              10.00,         149302204,            595.05,    88842276490.20       
29 JUN 2026,HCL-INSYS,EQ,HCL INFOSYSTEMS LTD      ,Listed    ,29 JUN 2026,               2.00,         329209928,             12.25,     4026237419.45 
29 JUN 2026,HCLTECH,EQ,HCL TECHNOLOGIES LTD     ,Listed    ,29 JUN 2026,               2.00,        2713665096,           1102.40,  2991544401830.40   
29 JUN 2026,HDBFS,EQ,HDB FINANCIAL SERVICES L ,Listed    ,29 JUN 2026,              10.00,         830303971,            752.25,   624596162184.75     
29 JUN 2026,HDFCAMC,EQ,HDFC AMC LIMITED         ,Listed    ,29 JUN 2026,               5.00,         428400181,           2606.60,  1116667911794.60   
29 JUN 2026,HDFCBANK,EQ,HDFC BANK LTD            ,Listed    ,29 JUN 2026,               1.00,       15391982634,            798.90, 12296654926302.60  
29 JUN 2026,HDFCLIFE,EQ,HDFC LIFE INS CO LTD     ,Listed    ,29 JUN 2026,              10.00,        2157615850,            583.25,  1258429444512.50  
29 JUN 2026,HDIL,BZ,HOUSING DEV & INFRA LTD  ,Listed    ,29 JUN 2026,              10.00,         474003986,              1.75,      838987055.20      
29 JUN 2026,HEADSUP,EQ,HEADS UP VENTURES LIMITED,Listed    ,29 JUN 2026,              10.00,          22082609,              7.05,      155240741.25   
29 JUN 2026,HEALTHX,EQ,HEALTH X PLATFORM LIMITED,Listed    ,29 JUN 2026,              10.00,          31810500,            318.25,    10123691625.00   
29 JUN 2026,HECPROJECT,EQ,HEC INFRA PROJECTS LTD   ,Listed    ,29 JUN 2026,              10.00,          10838160,            126.85,     1374603832.80
29 JUN 2026,HEG,EQ,HEG LTD                  ,Listed    ,29 JUN 2026,               2.00,         192977530,            517.20,    99807978516.00       
29 JUN 2026,HEIDELBERG,EQ,HEIDELBERGCEMENT (I) LTD ,Listed    ,29 JUN 2026,              10.00,         226613116,            153.20,    34717129371.20
29 JUN 2026,HEMIPROP,EQ,HEMISPHERE PROP IND LTD  ,Listed    ,29 JUN 2026,              10.00,         285000000,            138.50,    39475350000.00  
29 JUN 2026,HERANBA,EQ,HERANBA INDUSTRIES LTD   ,Listed    ,29 JUN 2026,              10.00,          40013467,            180.55,     7225231736.20   
29 JUN 2026,HERITGFOOD,EQ,HERITAGE FOODS LTD       ,Listed    ,29 JUN 2026,               5.00,          92796000,            330.30,    30650518800.00
29 JUN 2026,HEROMOTOCO,EQ,HERO MOTOCORP LIMITED    ,Listed    ,29 JUN 2026,               2.00,         200089777,           4813.60,   963152150567.20
29 JUN 2026,HESTERBIO,EQ,HESTER BIOSCIENCES LTD   ,Listed    ,29 JUN 2026,              10.00,           8506865,           2198.60,    18703193389.00 
29 JUN 2026,HEXAGON,EQ,HEXAGON NUTRITION LIMITED,Listed    ,29 JUN 2026,               1.00,         122918109,             65.55,     8058511226.05   
29 JUN 2026,HEXATRADEX,EQ,HEXA TRADEX LIMITED      ,Listed    ,29 JUN 2026,               2.00,          55244704,            162.00,     8949642048.00
29 JUN 2026,HEXT,EQ,HEXAWARE TECHNOLOGIES LTD,Listed    ,29 JUN 2026,               1.00,         611015992,            519.40,   317361706244.80      
29 JUN 2026,HFCL,EQ,HFCL LIMITED             ,Listed    ,29 JUN 2026,               1.00,        1530602463,            210.95,   322849977520.60      
29 JUN 2026,HGINFRA,EQ,H.G.INFRA ENGINEERING LTD,Listed    ,29 JUN 2026,              10.00,          65171111,            580.90,    37857898379.90   
29 JUN 2026,HGM,EQ,HANDSON GBL MNGMNT LTD   ,Listed    ,29 JUN 2026,              10.00,          12594972,             51.85,      653049298.20       
29 JUN 2026,HGS,EQ,HINDUJA GLOBAL SOLS. LTD.,Listed    ,29 JUN 2026,              10.00,          46520285,            415.75,    19340808488.75       
29 JUN 2026,HIGREEN,SM,HI GREEN CARBON LIMITED  ,Listed    ,29 JUN 2026,              10.00,          24990000,            143.75,     3592312500.00   
29 JUN 2026,HIKAL,EQ,HIKAL LIMITED            ,Listed    ,29 JUN 2026,               2.00,         123300750,            214.95,    26501030197.50     
29 JUN 2026,HILINFRA,BE,HIGHWAY INFRASTRUCTURE L ,Listed    ,29 JUN 2026,               5.00,          71720632,             46.80,     3355808371.30  
29 JUN 2026,HILTON,BE,HILTON METAL FORGING LTD ,Listed    ,29 JUN 2026,              10.00,          51466551,             23.10,     1188877328.10    
29 JUN 2026,HIMATSEIDE,EQ,HIMATSINGKA SEIDE LTD    ,Listed    ,29 JUN 2026,               5.00,         125742289,             86.65,    10895569341.85
29 JUN 2026,HINDALCO,EQ,HINDALCO  INDUSTRIES  LTD,Listed    ,29 JUN 2026,               1.00,        2247226523,            963.80,  2165876922867.40  
29 JUN 2026,HINDCOMPOS,EQ,HINDUSTAN COMPOSITES LTD.,Listed    ,29 JUN 2026,               5.00,          14769000,            416.10,     6145380900.00
29 JUN 2026,HINDCON,BE,HINDCON CHEMICALS LIMITED,Listed    ,29 JUN 2026,               2.00,          51190625,             20.20,     1033538718.75   
29 JUN 2026,HINDCOPPER,EQ,HINDUSTAN COPPER LTD     ,Listed    ,29 JUN 2026,               5.00,         967024020,            496.20,   479837318724.00
29 JUN 2026,HINDOILEXP,EQ,HINDUSTAN OIL EXPLORATION,Listed    ,29 JUN 2026,              10.00,         132294300,            159.70,    21127399710.00
29 JUN 2026,HINDPETRO,EQ,HINDUSTAN PETROLEUM CORP ,Listed    ,29 JUN 2026,              10.00,        2127822518,            389.60,   828999653012.80 
29 JUN 2026,HINDUNILVR,EQ,HINDUSTAN UNILEVER LTD.  ,Listed    ,29 JUN 2026,               1.00,        2349591262,           2151.30,  5054675681940.60
29 JUN 2026,HINDWAREAP,EQ,HINDWARE HME INOVATON LTD,Listed    ,29 JUN 2026,               2.00,          83646357,            254.50,    21287997856.50
29 JUN 2026,HINDZINC,EQ,HINDUSTAN ZINC LIMITED   ,Listed    ,29 JUN 2026,               2.00,        4225319000,            525.50,  2220405134500.00  
29 JUN 2026,HIRECT,EQ,HIND RECTIFIER LIMITED   ,Listed    ,29 JUN 2026,               2.00,          34367614,           1130.00,    38835403820.00    
29 JUN 2026,HISARMETAL,EQ,HISAR METAL IND. LIMITED ,Listed    ,29 JUN 2026,              10.00,           5400000,            153.05,      826362000.00
29 JUN 2026,HITECH,EQ,HI-TECH PIPES LIMITED    ,Listed    ,29 JUN 2026,               1.00,         203107734,             90.45,    18371094540.30    
29 JUN 2026,HITECHCORP,BE,HITECH CORPORATION LTD   ,Listed    ,29 JUN 2026,              10.00,          17175700,            313.70,     5388188847.00
29 JUN 2026,HITECHGEAR,BE,THE HI-TECH GEARS LIMITED,Permitted ,29 JUN 2026,              10.00,          18813547,            661.90,    12452686759.30
29 JUN 2026,HLEGLAS,EQ,HLE GLASCOAT LIMITED     ,Listed    ,29 JUN 2026,               2.00,          69454739,            375.30,    26066363546.70   
29 JUN 2026,HLVLTD,EQ,HLV LIMITED              ,Listed    ,29 JUN 2026,               2.00,         659259899,              7.70,     5082893821.30    
29 JUN 2026,HMAAGRO,EQ,HMA AGRO INDUSTRIES LTD  ,Listed    ,29 JUN 2026,               1.00,         500769770,             21.90,    10976873358.40   
29 JUN 2026,HMT,BZ,HMT LTD -                ,Listed    ,29 JUN 2026,              10.00,         470670740,             66.20,    31163109695.40       
29 JUN 2026,HMVL,EQ,HINDUSTAN MEDIA VENT LTD ,Listed    ,29 JUN 2026,              10.00,          73671548,             86.90,     6400584090.25      
29 JUN 2026,HNDFDS,EQ,HINDUSTAN FOODS LIMITED  ,Listed    ,29 JUN 2026,               2.00,         119481762,            550.95,    65828476773.90    
29 JUN 2026,HOACFOODS,ST,HOAC FOODS INDIA LIMITED ,Listed    ,29 JUN 2026,              10.00,           4340460,            700.00,     3038322000.00 
29 JUN 2026,HOLMARC,SM,HOLMARC OPTO MECHATRO L  ,Listed    ,29 JUN 2026,              10.00,          10050000,             99.75,     1002487500.00   
29 JUN 2026,HOMEFIRST,EQ,HOME FIRST FIN CO IND LTD,Listed    ,29 JUN 2026,               2.00,         104328017,           1167.90,   121844691054.30 
29 JUN 2026,HOMESFY,SM,HOMESFY REALTY LIMITED   ,Listed    ,29 JUN 2026,              10.00,           3226200,            111.00,      358108200.00   
29 JUN 2026,HONASA,EQ,HONASA CONSUMER LIMITED  ,Listed    ,29 JUN 2026,              10.00,         325369794,            446.45,   145261344531.30    
29 JUN 2026,HONAUT,EQ,HONEYWELL AUTOMATION IND ,Listed    ,29 JUN 2026,              10.00,           8841523,          39020.00,   344996227460.00    
29 JUN 2026,HONDAPOWER,EQ,HONDA I POWER PRODUCT LTD,Listed    ,29 JUN 2026,              10.00,          10143071,           2178.10,    22092622945.10
29 JUN 2026,HPAL,EQ,HP ADHESIVES LIMITED     ,Listed    ,29 JUN 2026,               2.00,          91874735,             35.20,     3235828166.70      
29 JUN 2026,HPIL,EQ,HINDPRAKASH INDUSTRY LTD ,Listed    ,29 JUN 2026,              10.00,          11424110,            126.00,     1439437860.00      
29 JUN 2026,HPL,EQ,HPL ELECTRIC & POWER LTD ,Listed    ,29 JUN 2026,              10.00,          64300486,            358.70,    23064584328.20       
29 JUN 2026,HPTL,SM,HP TELECOM INDIA LIMITED ,Listed    ,29 JUN 2026,              10.00,          11914710,            283.00,     3371862930.00      
29 JUN 2026,HRHNEXT,SM,HRH NEXT SERVICES LIMITED,Listed    ,25 JUN 2026,              10.00,          13204438,             26.75,      353218716.50   
29 JUN 2026,HSCL,EQ,HIMADRI SPECIALITY CHEM L,Listed    ,29 JUN 2026,               1.00,         504541599,            675.50,   340817850124.50      
29 JUN 2026,HTMEDIA,EQ,HT MEDIA LIMITED         ,Listed    ,29 JUN 2026,               2.00,         182655286,             22.35,     4078692536.40   
29 JUN 2026,HUBTOWN,EQ,HUBTOWN LIMITED          ,Listed    ,29 JUN 2026,              10.00,         142100657,            205.25,    29166159849.25   
29 JUN 2026,HUDCO,EQ,HSG & URBAN DEV CORPN LTD,Listed    ,29 JUN 2026,              10.00,        2001900000,            207.95,   416315124000.00     
29 JUN 2026,HUHTAMAKI,EQ,HUHTAMAKI INDIA LIMITED  ,Listed    ,29 JUN 2026,               2.00,          75521934,            195.15,    14738105420.10 
29 JUN 2026,HVAX,SM,HVAX TECHNOLOGIES LIMITED,Listed    ,29 JUN 2026,              10.00,           2776875,            640.00,     1777200000.00      
29 JUN 2026,HYBRIDFIN,BE,HYBRID FINANCIAL SERVICE ,Listed    ,29 JUN 2026,               5.00,          29436275,             20.80,      611980157.25 
29 JUN 2026,HYUNDAI,EQ,HYUNDAI MOTOR INDIA LTD  ,Listed    ,29 JUN 2026,              10.00,         812541100,           1892.60,  1537815285860.00   
29 JUN 2026,IBLFL,SM,IBL FINANCE LIMITED      ,Listed    ,29 JUN 2026,              10.00,          24730650,             60.00,     1483839000.00     
29 JUN 2026,IBULLSLTD,BE,INDIABULLS LIMITED       ,Listed    ,29 JUN 2026,               2.00,        2324382138,             26.95,    62688586261.85 
29 JUN 2026,ICDSLTD,EQ,ICDS LTD                 ,Listed    ,29 JUN 2026,              10.00,          13026700,             41.05,      534876302.00   
29 JUN 2026,ICEMAKE,EQ,ICE MAKE REFRIGERAT LTD  ,Listed    ,29 JUN 2026,              10.00,          15779735,            761.20,    12011534282.00   
29 JUN 2026,ICICIAMC,EQ,ICICI PRUDENTIAL AMC LTD ,Listed    ,29 JUN 2026,               1.00,         494258520,           3282.30,  1622304740196.00  
29 JUN 2026,ICICIBANK,EQ,ICICI BANK LTD.          ,Listed    ,29 JUN 2026,               2.00,        7158898886,           1387.60,  9933688094213.60 
29 JUN 2026,ICICIGI,EQ,ICICI LOMBARD GIC LIMITED,Listed    ,29 JUN 2026,              10.00,         498362434,           1768.10,   881154619555.40   
29 JUN 2026,ICICIPRULI,EQ,ICICI PRU LIFE INS CO LTD,Listed    ,29 JUN 2026,              10.00,        1449236343,            489.50,   709401189898.50
29 JUN 2026,ICIL,EQ,INDO COUNT INDUSTRIES LTD,Listed    ,29 JUN 2026,               2.00,         198054340,            424.90,    84153289066.00      
29 JUN 2026,ICRA,EQ,ICRA LIMITED             ,Listed    ,29 JUN 2026,              10.00,           9651231,           5284.00,    50997104604.00      
29 JUN 2026,IDBI,EQ,IDBI BANK LIMITED        ,Listed    ,29 JUN 2026,              10.00,       10752402175,             85.95,   924276490963.00      
29 JUN 2026,IDEA,EQ,VODAFONE IDEA LIMITED    ,Listed    ,29 JUN 2026,              10.00,      108343035001,             14.45,  1563389995064.45      
29 JUN 2026,IDEAFORGE,BE,IDEAFORGE TECHNO LTD     ,Listed    ,29 JUN 2026,              10.00,          43275172,            810.95,    35094000733.40 
29 JUN 2026,IDEALTECHO,SM,IDEAL TECHNOPLAST IND LTD,Listed    ,25 JUN 2026,              10.00,           5000000,            190.00,      950000000.00
29 JUN 2026,IDENTICAL,ST,IDENTICAL BRAINS STUDIO L,Listed    ,29 JUN 2026,              10.00,          14025958,             17.05,      239142583.90 
29 JUN 2026,IDFCFIRSTB,EQ,IDFC FIRST BANK LIMITED  ,Listed    ,29 JUN 2026,              10.00,        8601208660,             78.20,   672614517212.00
29 JUN 2026,IEML,SM,INDIAN EMULSIFIERS LTD   ,Listed    ,29 JUN 2026,              10.00,          18333333,             46.30,      848833317.90      
29 JUN 2026,IEX,EQ,INDIAN ENERGY EXC LTD    ,Listed    ,29 JUN 2026,               1.00,         891692735,            124.80,   111292170255.35       
29 JUN 2026,IFBAGRO,BE,IFB AGRO INDUSTRIES LTD  ,Listed    ,29 JUN 2026,              10.00,           9367111,            914.80,     8569033142.80   
29 JUN 2026,IFBIND,EQ,IFB INDUSTRIES LTD       ,Listed    ,29 JUN 2026,              10.00,          40518796,           1243.70,    50393226585.20    
29 JUN 2026,IFCI,EQ,IFCI LTD                 ,Listed    ,29 JUN 2026,              10.00,        2694314331,             77.20,   207947180066.60      
29 JUN 2026,IFGLEXPOR,EQ,IFGL REFRACTORIES LIMITED,Listed    ,29 JUN 2026,              10.00,          72078624,            178.00,    12829995072.00 
29 JUN 2026,IGARASHI,EQ,IGARASHI MOTORS INDIA LTD,Listed    ,29 JUN 2026,              10.00,          31475048,            458.90,    14443899527.20  
29 JUN 2026,IGCL,EQ,INDOGULF CROPSCIENCES LTD,Listed    ,29 JUN 2026,              10.00,          63223997,             59.55,     3765621261.30      
29 JUN 2026,IGIL,EQ,INTL GEMOLOGICAL INST LTD,Listed    ,29 JUN 2026,               2.00,         432159696,            350.30,   151385541508.80      
29 JUN 2026,IGL,EQ,INDRAPRASTHA GAS LTD     ,Listed    ,29 JUN 2026,               2.00,        1400001600,            165.45,   231630264720.00       
29 JUN 2026,IGPL,EQ,I G PETROCHEMICALS LTD   ,Listed    ,29 JUN 2026,              10.00,          30794850,            447.50,    13780695375.00      
29 JUN 2026,IIFL,EQ,IIFL FINANCE LIMITED     ,Listed    ,29 JUN 2026,               2.00,         425285218,            489.30,   208092057167.40      
29 JUN 2026,IIFLCAPS,EQ,IIFL CAPITAL SERVICES LTD,Listed    ,29 JUN 2026,               2.00,         311413794,            337.65,   105148867544.10  
29 JUN 2026,IITL,EQ,INDUSTRIAL INV TRUST LTD ,Listed    ,29 JUN 2026,              10.00,          21827550,            130.85,     2856353193.00      
29 JUN 2026,IKIO,EQ,IKIO TECHNOLOGIES LIMITED,Listed    ,29 JUN 2026,              10.00,          77280701,            152.35,    11773714797.35      
29 JUN 2026,IKS,EQ,INVENTURUS KNOWLEDGE SO L,Listed    ,29 JUN 2026,               1.00,         171573159,           1699.60,   291605741036.40       
29 JUN 2026,IL&FSENGG,BZ,IL&FS ENG AND CONS CO LTD,Listed    ,29 JUN 2026,              10.00,         131121078,             29.45,     3858893325.55 
29 JUN 2026,IL&FSTRANS,BZ,IL&FS TRANS NET LTD      ,Listed    ,29 JUN 2026,              10.00,         328960027,              2.30,      750028861.55
29 JUN 2026,IMAGICAA,EQ,IMAGICAAWORLD ENT LTD    ,Listed    ,29 JUN 2026,              10.00,         565861447,             46.65,    26391777888.10  
29 JUN 2026,IMFA,EQ,INDIAN METALS & FERRO    ,Listed    ,29 JUN 2026,              10.00,          53954106,           1315.00,    70949649390.00      
29 JUN 2026,IMPAL,EQ,IND MOTOR PART & ACC LTD ,Listed    ,29 JUN 2026,              10.00,          12480000,           1097.60,    13698048000.00     
29 JUN 2026,IMPEXFERRO,BZ,IMPEX FERRO TECH LIMITED ,Listed    ,29 JUN 2026,              10.00,          87931604,              2.30,      201363373.15
29 JUN 2026,INA,EQ,INSOLATION ENERGY LIMITED,Listed    ,29 JUN 2026,               1.00,         220394625,            113.55,    25030217561.25       
29 JUN 2026,INCREDIBLE,EQ,INCREDIBLE INDUSTRIES LTD,Listed    ,29 JUN 2026,              10.00,          46763750,             33.25,     1554427050.00
29 JUN 2026,INDBANK,EQ,INDBANK MERCH BANK       ,Listed    ,29 JUN 2026,              10.00,          44378200,             33.40,     1483119444.00   
29 JUN 2026,INDGN,EQ,INDEGENE LIMITED         ,Listed    ,29 JUN 2026,               2.00,         240807964,            516.85,   124461596193.40     
29 JUN 2026,INDHOTEL,EQ,THE INDIAN HOTELS CO. LTD,Listed    ,29 JUN 2026,               1.00,        1423432227,            707.05,  1006437756100.35  
29 JUN 2026,INDIACEM,EQ,THE INDIA CEMENTS LIMITED,Listed    ,29 JUN 2026,              10.00,         309897201,            377.65,   117032677957.65  
29 JUN 2026,INDIAGLYCO,EQ,INDIA GLYCOLS LTD        ,Listed    ,29 JUN 2026,               5.00,          67026765,            980.40,    65713040406.00
29 JUN 2026,INDIAMART,EQ,INDIAMART INTERMESH LTD  ,Listed    ,29 JUN 2026,              10.00,          60087148,           1927.30,   115805960340.40 
29 JUN 2026,INDIANB,EQ,INDIAN BANK              ,Listed    ,29 JUN 2026,              10.00,        1346963981,            814.70,  1097371555320.70   
29 JUN 2026,INDIANCARD,EQ,INDIAN CARD CLOTHING CO. ,Listed    ,29 JUN 2026,              10.00,           5941120,            225.10,     1337464934.40
29 JUN 2026,INDIANHUME,EQ,INDIAN HUME PIPE CO. LTD.,Listed    ,29 JUN 2026,               2.00,          52681770,            332.80,    17532493056.00
29 JUN 2026,INDIASHLTR,EQ,INDIA SHELTER FIN CORP L ,Listed    ,29 JUN 2026,               5.00,         108758449,            766.85,    83401416615.65
29 JUN 2026,INDIFRA,SM,INDIFRA LIMITED          ,Listed    ,24 JUN 2026,              10.00,           7290000,             12.65,       92218500.00   
29 JUN 2026,INDIGO,EQ,INTERGLOBE AVIATION LTD  ,Listed    ,29 JUN 2026,              10.00,         386612998,           5315.20,  2054925406969.60    
29 JUN 2026,INDIGOPNTS,EQ,INDIGO PAINTS LIMITED    ,Listed    ,29 JUN 2026,              10.00,          47675662,           1020.60,    48657780637.20
29 JUN 2026,INDIGRID,IV,INDIGRID INFRASTRUCT TRST,Listed    ,29 JUN 2026,             100.00,         952564719,            176.80,   168403916672.00  
29 JUN 2026,INDIQUBE,EQ,INDIQUBE SPACES LIMITED  ,Listed    ,29 JUN 2026,               1.00,         211965153,            166.25,    35243445989.30  
29 JUN 2026,INDNIPPON,EQ,INDIA NIPPON ELECT  LTD  ,Listed    ,29 JUN 2026,               5.00,          22621424,            964.85,    21826280946.40 
29 JUN 2026,INDOAMIN,BE,INDO AMINES LIMITED      ,Listed    ,29 JUN 2026,               5.00,          72587560,            132.05,     9585913173.60  
29 JUN 2026,INDOBORAX,EQ,INDO BORAX & CHEMICAL LTD,Listed    ,29 JUN 2026,               1.00,          32090000,            384.80,    12348232000.00 
29 JUN 2026,INDOCO,EQ,INDOCO REMEDIES LTD.     ,Listed    ,29 JUN 2026,               2.00,          92303605,            234.05,    21604581786.30    
29 JUN 2026,INDOFARM,EQ,INDO FARM EQUIPMENT LTD  ,Listed    ,29 JUN 2026,              10.00,          48051600,            142.30,     6838703712.00  
29 JUN 2026,INDORAMA,EQ,INDO RAMA SYNTHETICS LTD ,Listed    ,29 JUN 2026,              10.00,         261113151,             44.90,    11718758216.90  
29 JUN 2026,INDOSTAR,EQ,INDOSTAR CAPITAL FIN LTD ,Listed    ,29 JUN 2026,              10.00,         161571182,            254.95,    41194188562.70  
29 JUN 2026,INDOTECH,BE,INDO TECH TRANSFORM LTD. ,Listed    ,29 JUN 2026,              10.00,          10620000,           3081.90,    32729778000.00  
29 JUN 2026,INDOTHAI,EQ,INDO THAI SEC LTD        ,Listed    ,29 JUN 2026,               1.00,         128618190,            223.10,    28697290552.80  
29 JUN 2026,INDOUS,EQ,INDO US BIOTECH LTD      ,Listed    ,29 JUN 2026,              10.00,          20052000,             89.80,     1800669600.00    
29 JUN 2026,INDOWIND,BE,INDOWIND ENERGY LTD      ,Listed    ,29 JUN 2026,              10.00,         161002170,              9.05,     1460289681.90  
29 JUN 2026,INDPRUD,EQ,INDUSTRIAL & PRU INV CO L,Permitted ,29 JUN 2026,              10.00,           1675840,           6598.50,    11058030240.00   
29 JUN 2026,INDRAMEDCO,EQ,INDRAPRASTHA MEDICAL CORP,Listed    ,29 JUN 2026,              10.00,          91673000,            380.15,    34849490950.00
29 JUN 2026,INDSWFTLAB,EQ,IND SWIFT LABORATORIES LT,Listed    ,29 JUN 2026,              10.00,          86711558,            205.25,    17799281510.65
29 JUN 2026,INDTERRAIN,EQ,IND TERRAIN FASHIONS LTD ,Listed    ,29 JUN 2026,               2.00,          50667367,             33.00,     1673036458.35
29 JUN 2026,INDUSINDBK,EQ,INDUSIND BANK LIMITED    ,Listed    ,29 JUN 2026,              10.00,         779106092,            915.40,   713193716616.80
29 JUN 2026,INDUSINVIT,IV,INDUS INFRA TRUST        ,Listed    ,29 JUN 2026,             100.00,         442938605,            125.50,    55584365541.45
29 JUN 2026,INDUSTOWER,EQ,INDUS TOWERS LIMITED     ,Listed    ,29 JUN 2026,              10.00,        2638162757,            394.65,  1041150932050.05
29 JUN 2026,INFINIUM,SM,INFINIUM PHARMACHEM LTD  ,Listed    ,29 JUN 2026,              10.00,          15583120,            206.00,     3210122720.00  
29 JUN 2026,INFLUX,SM,INFLUX HEALTHTECH LIMITED,Listed    ,29 JUN 2026,              10.00,          23150400,            282.00,     6528412800.00    
29 JUN 2026,INFOBEAN,EQ,INFOBEANS TECHNO. LTD.   ,Listed    ,29 JUN 2026,              10.00,          96959440,            156.80,    15201301003.20  
29 JUN 2026,INFOLLION,SM,INFOLLION RESEARCH SER L ,Listed    ,29 JUN 2026,              10.00,           9706759,            171.10,     1660826464.90 
29 JUN 2026,INFOMEDIA,EQ,INFOMEDIA PRESS LIMITED  ,Listed    ,29 JUN 2026,              10.00,          50194172,              5.65,      284099013.50 
29 JUN 2026,INFY,EQ,INFOSYS LIMITED          ,Listed    ,29 JUN 2026,               5.00,        4055391127,           1036.70,  4204223981360.90      
29 JUN 2026,INGERRAND,EQ,INGERSOLL-RAND INDIA LTD ,Listed    ,29 JUN 2026,              10.00,          31568000,           4468.20,   141052137600.00 
29 JUN 2026,INM,SM,INTERIORS & MORE LIMITED ,Listed    ,29 JUN 2026,              10.00,          13990800,            165.00,     2308482000.00       
29 JUN 2026,INNOMET,ST,INNOMET ADVANCED MATERI L,Listed    ,29 JUN 2026,              10.00,          12940138,            132.00,     1708098216.00   
29 JUN 2026,INNOVACAP,EQ,INNOVA CAPTAB LIMITED    ,Listed    ,29 JUN 2026,              10.00,          57224929,            994.20,    56893024411.80 
29 JUN 2026,INNOVANA,EQ,INNOVANA THINKLABS LTD   ,Listed    ,29 JUN 2026,              10.00,          20660000,            322.10,     6654586000.00  
29 JUN 2026,INNOVISION,EQ,INNOVISION LIMITED       ,Listed    ,29 JUN 2026,              10.00,          23813294,            282.65,     6730827549.10
29 JUN 2026,INOXGREEN,EQ,INOX GREEN ENERGY SER LTD,Listed    ,29 JUN 2026,              10.00,         401492045,            199.00,    79900931875.45 
29 JUN 2026,INOXINDIA,EQ,INOX INDIA LIMITED       ,Listed    ,29 JUN 2026,               2.00,          90763500,           1868.80,   169618828800.00 
29 JUN 2026,INOXWIND,EQ,INOX WIND LIMITED        ,Listed    ,29 JUN 2026,              10.00,        1728237822,             88.20,   152396011143.95  
29 JUN 2026,INSECTICID,EQ,INSECTICIDES (I) LTD     ,Listed    ,29 JUN 2026,              10.00,          29097837,            651.35,    18952876129.95
29 JUN 2026,INSPIRE,ST,INSPIRE FILMS LIMITED    ,Listed    ,25 JUN 2026,              10.00,          13609299,              8.35,      113637646.65   
29 JUN 2026,INSPIRISYS,BE,INSPIRISYS SOLUTIONS LTD ,Listed    ,29 JUN 2026,              10.00,          39616873,            105.60,     4183145620.05
29 JUN 2026,INTEGRITY,ST,INTEGRITY INFRABUILD DE L,Listed    ,29 JUN 2026,              10.00,           4300000,            157.00,      675100000.00 
29 JUN 2026,INTELLECT,EQ,INTELLECT DESIGN ARENA   ,Listed    ,29 JUN 2026,               5.00,         139562624,            727.10,   101475983910.40 
29 JUN 2026,INTENTECH,EQ,INTENSE TECHNOLOGIES LTD ,Listed    ,29 JUN 2026,               2.00,          23624449,             98.90,     2336458006.10 
29 JUN 2026,INTERARCH,EQ,INTERARCH BLDNG SOLTN LTD,Listed    ,29 JUN 2026,              10.00,          16771853,           1912.70,    32079523233.10 
29 JUN 2026,INTERISE,IV,INTERISE TRUST           ,Listed    ,16 SEP 2025,             100.00,        1042411177,            107.60,   112142594421.65  
29 JUN 2026,INTLCONV,EQ,INTL CONVEYORS LIMITED   ,Listed    ,29 JUN 2026,               1.00,          63781000,             81.00,     5164985380.00  
29 JUN 2026,INVENTURE,EQ,INVENTURE GRO & SEC LTD  ,Listed    ,29 JUN 2026,               1.00,        1050000000,              0.95,      976500000.00 
29 JUN 2026,INVICTA,ST,INVICTA DIAGNOSTIC LTD   ,Listed    ,29 JUN 2026,              10.00,          12571973,             68.80,      864951742.40   
29 JUN 2026,INVPRECQ,EQ,INVESTMENT & PREC CAST L ,Permitted ,29 JUN 2026,              10.00,          10000000,            832.95,     8329500000.00  
29 JUN 2026,IOB,EQ,INDIAN OVERSEAS BANK     ,Listed    ,29 JUN 2026,              10.00,       19256589795,             34.00,   654916618927.95       
29 JUN 2026,IOC,EQ,INDIAN OIL CORP LTD      ,Listed    ,29 JUN 2026,              10.00,       14121238383,            139.20,  1965393958145.95       
29 JUN 2026,IOLCP,EQ,IOL CHEM AND PHARMA LTD  ,Listed    ,29 JUN 2026,               2.00,         293527510,            142.35,    41777770498.30     
29 JUN 2026,IONEXCHANG,EQ,ION EXCHANGE (INDIA) LTD ,Listed    ,29 JUN 2026,               1.00,         146666590,            412.00,    60426635080.00
29 JUN 2026,IPCALAB,EQ,IPCA LABORATORIES LTD    ,Listed    ,29 JUN 2026,               1.00,         253704218,           1647.20,   417901587889.60   
29 JUN 2026,IPHL,SM,INDIAN PHOSPHATE LIMITED ,Listed    ,29 JUN 2026,              10.00,          24989609,             55.95,     1398168623.55      
29 JUN 2026,IPL,EQ,INDIA PESTICIDES LIMITED ,Listed    ,29 JUN 2026,               1.00,         115163508,            161.30,    18573570570.25       
29 JUN 2026,IPSL,SM,INTEGRATED PERSO SER LTD ,Listed    ,29 JUN 2026,              10.00,           8606510,            259.00,     2229086090.00      
29 JUN 2026,IRB,EQ,IRB INFRA DEV LTD.       ,Listed    ,29 JUN 2026,               1.00,       12078000000,             21.65,   261247140000.00       
29 JUN 2026,IRBINVIT,IV,IRB INVIT FUND           ,Listed    ,29 JUN 2026,             102.00,        1281600000,             60.80,    77895648000.00  
29 JUN 2026,IRBIT,IV,IRB INFRASTRUCTURE TRUST ,Listed    ,13 JUN 2024,             100.00,        1172093265,            214.25,   251097540160.95     
29 JUN 2026,IRCON,EQ,IRCON INTERNATIONAL LTD  ,Listed    ,29 JUN 2026,               2.00,         940515740,            131.20,   123414475402.80     
29 JUN 2026,IRCTC,EQ,INDIAN RAIL TOUR CORP LTD,Listed    ,29 JUN 2026,               2.00,         800000000,            503.85,   403080000000.00     
29 JUN 2026,IREDA,EQ,INDIAN RENEWABLE ENERGY  ,Listed    ,29 JUN 2026,              10.00,        2809231268,            127.50,   358148894357.30     
29 JUN 2026,IRFC,EQ,INDIAN RAILWAY FIN CORP L,Listed    ,29 JUN 2026,              10.00,       13068506000,             90.60,  1184137328660.00      
29 JUN 2026,IRIS,EQ,IRIS REGTECH SOLUTION LTD,Listed    ,29 JUN 2026,              10.00,          20568247,            267.00,     5491721949.00      
29 JUN 2026,IRISDOREME,EQ,IRIS CLOTHINGS LIMITED   ,Listed    ,29 JUN 2026,               2.00,         190331470,             39.45,     7506673176.80
29 JUN 2026,IRMENERGY,EQ,IRM ENERGY LIMITED       ,Listed    ,29 JUN 2026,              10.00,          41059677,            262.80,    10790483115.60 
29 JUN 2026,ISFT,EQ,INTRASOFT TECH. LTD      ,Listed    ,29 JUN 2026,              10.00,          16311678,             79.35,     1294168532.50      
29 JUN 2026,ISGEC,EQ,ISGEC HEAVY ENG LTD      ,Listed    ,29 JUN 2026,               1.00,          73529510,            923.70,    67919208387.00     
29 JUN 2026,ISHAN,SM,ISHAN INTERNATIONAL LTD  ,Listed    ,29 JUN 2026,               1.00,         216235290,              0.60,      129741174.00     
29 JUN 2026,ISHANCH,EQ,ISHAN DYES N CHEMICALS L ,Listed    ,29 JUN 2026,              10.00,          26140417,             57.85,     1511961719.30   
29 JUN 2026,ITALIANE,SM,ITALIAN EDIBLES LIMITED  ,Listed    ,29 JUN 2026,              10.00,          14777151,             36.80,      543799156.80  
29 JUN 2026,ITC,EQ,ITC LTD                  ,Listed    ,29 JUN 2026,               1.00,       12529229382,            290.70,  3642246981347.40       
29 JUN 2026,ITCHOTELS,EQ,ITC HOTELS LIMITED       ,Listed    ,29 JUN 2026,               1.00,        2082882888,            174.70,   363900469362.50 
29 JUN 2026,ITDC,EQ,INDIA TOUR. DEV. CO. LTD.,Listed    ,29 JUN 2026,              10.00,          85769400,            588.50,    50475291900.00      
29 JUN 2026,ITI,EQ,ITI LTD                  ,Listed    ,29 JUN 2026,              10.00,         960886938,            296.10,   284518622341.80       
29 JUN 2026,ITTL,ST,INNOVATIVE TYRE & TUBE LT,Listed    ,29 JUN 2026,              10.00,          10000000,             76.50,      765000000.00      
29 JUN 2026,IVALUE,EQ,IVALUE INFOSOLUTIONS LTD ,Listed    ,29 JUN 2026,               2.00,          54630380,            273.25,    14926658727.40    
29 JUN 2026,IVC,EQ,IL&FS INVESTMENT MANAGERS,Listed    ,29 JUN 2026,               2.00,         314032740,              8.15,     2559366831.00       
29 JUN 2026,IVP,EQ,IVP LTD                  ,Listed    ,29 JUN 2026,              10.00,          10326263,            161.55,     1668207787.65       
29 JUN 2026,IWARE,ST,IWARE SUPPLYCHAIN SER LTD,Listed    ,29 JUN 2026,              10.00,          10716000,            351.00,     3761316000.00     
29 JUN 2026,IWP,EQ,INDIAN WOOD PRODUCTS CO L,Permitted ,29 JUN 2026,               2.00,          63972720,             33.40,     2136049120.80       
29 JUN 2026,IXIGO,EQ,LE TRAVENUES TECHNOLOGY L,Listed    ,29 JUN 2026,               1.00,         438183527,            192.95,    84538747864.10     
29 JUN 2026,IZMO,EQ,IZMO LIMITED             ,Listed    ,29 JUN 2026,              10.00,          14962576,            971.10,    14530157553.60      
29 JUN 2026,J&KBANK,EQ,J & K BANK LTD.          ,Listed    ,29 JUN 2026,               1.00,        1101182463,            159.65,   175792768393.30   
29 JUN 2026,JAGRAN,EQ,JAGRAN PRAKASHAN LIMITED ,Listed    ,29 JUN 2026,               2.00,         217654272,             64.50,    14043053629.45    
29 JUN 2026,JAGSNPHARM,EQ,JAGSONPAL PHARMACEUTICALS,Listed    ,29 JUN 2026,               2.00,          66890450,            230.40,    15410221871.00
29 JUN 2026,JAIBALAJI,BE,JAI BALAJI INDUSTRIES LTD,Listed    ,29 JUN 2026,               2.00,         912256930,             67.20,    61285420557.40 
29 JUN 2026,JAICORPLTD,EQ,JAI CORP LIMITED         ,Listed    ,29 JUN 2026,               1.00,         175504995,            113.75,    19961938131.30
29 JUN 2026,JAINAM,SM,JAINAM FER ALLOYS (I) LTD,Listed    ,22 JUN 2026,              10.00,          11711200,            255.00,     2986356000.00    
29 JUN 2026,JAINIK,SM,JAINIK POWER CABLES LTD  ,Listed    ,29 JUN 2026,              10.00,          14347700,            158.35,     2271958295.00    
29 JUN 2026,JAINREC,EQ,JAIN RESOURCE RECYCLING L,Listed    ,29 JUN 2026,               2.00,         345085814,            343.90,   118675011434.60   
29 JUN 2026,JAIPURKURT,EQ,NANDANI CREATION LIMITED ,Listed    ,29 JUN 2026,              10.00,          19090714,             28.20,      538167227.65
29 JUN 2026,JAKHARIA,ST,JAKHARIA FABRIC LIMITED  ,Listed    ,16 OCT 2025,              10.00,          12191490,             60.50,      737585145.00  
29 JUN 2026,JALAN,ST,JALAN TRANSOLU. INDIA LTD,Listed    ,29 JUN 2026,              10.00,          14537220,              2.15,       31255023.00     
29 JUN 2026,JAMNAAUTO,EQ,JAMNA AUTO IND LTD       ,Listed    ,29 JUN 2026,               1.00,         399711135,            132.85,    53105621396.10 
29 JUN 2026,JARO,EQ,JARO INS OF TEC MG N RE L,Listed    ,29 JUN 2026,              10.00,          22176339,            501.55,    11122542825.45      
29 JUN 2026,JASH,EQ,JASH ENGINEERING LIMITED ,Listed    ,29 JUN 2026,               2.00,          62905120,            516.85,    32512511272.00      
29 JUN 2026,JAYAGROGN,EQ,JAYANT AGRO ORGANICS LTD ,Listed    ,29 JUN 2026,               5.00,          30000000,            204.85,     6145800000.00 
29 JUN 2026,JAYBARMARU,EQ,JAY BHARAT MARUTI LTD    ,Listed    ,29 JUN 2026,               2.00,         108250000,            171.40,    18551885000.00
29 JUN 2026,JAYBEE,ST,JAY BEE LAMINATIONS LTD  ,Listed    ,29 JUN 2026,              10.00,          22567600,             90.95,     2052523220.00    
29 JUN 2026,JAYESH,SM,JAYESH LOGISTICS LIMITED ,Listed    ,29 JUN 2026,              10.00,           8691449,            145.00,     1260260105.00    
29 JUN 2026,JAYKAY,EQ,JAYKAY ENTERPRISES LTD   ,Listed    ,29 JUN 2026,               1.00,         130287066,            173.50,    22607411692.30    
29 JUN 2026,JAYNECOIND,EQ,JAYASWAL NECO INDUSTR LTD,Listed    ,29 JUN 2026,              10.00,         970998244,             84.65,    82204711337.05
29 JUN 2026,JAYSREETEA,EQ,JAYSHREE TEA & INDUSTRIES,Listed    ,29 JUN 2026,               5.00,          28877488,             87.30,     2521004702.40
29 JUN 2026,JBCHEPHARM,EQ,J B CHEMICALS AND PHARMA ,Listed    ,29 JUN 2026,               1.00,         160558706,           2303.20,   369798811659.20
29 JUN 2026,JBMA,EQ,JBM AUTO LIMITED         ,Listed    ,29 JUN 2026,               1.00,         236494264,            684.50,   161880323708.00      
29 JUN 2026,JETFREIGHT,EQ,JET FREIGHT LOGISTICS LTD,Listed    ,29 JUN 2026,               5.00,          46403784,             21.70,     1007890188.50
29 JUN 2026,JETKNIT,ST,JET KNITWEARS LTD.       ,Listed    ,19 JUN 2026,              10.00,           4083200,             76.55,      312568960.00   
29 JUN 2026,JEYYAM,ST,JEYYAM GLOBAL FOODS LTD  ,Listed    ,29 JUN 2026,               5.00,          47496756,             27.10,     1287162087.60    
29 JUN 2026,JFLLIFE,SM,JFL LIFE SCIENCES LIMITED,Listed    ,29 JUN 2026,              10.00,          65990646,              9.00,      593915814.00   
29 JUN 2026,JGCHEM,EQ,J.G.CHEMICALS LIMITED    ,Listed    ,29 JUN 2026,              10.00,          39186063,            423.75,    16605094196.25    
29 JUN 2026,JHS,EQ,JHS SVEND. LAB. LTD      ,Listed    ,29 JUN 2026,              10.00,          85603966,              7.45,      639461626.00       
29 JUN 2026,JINDALPHOT,EQ,JINDAL PHOTO LIMITED     ,Listed    ,29 JUN 2026,              10.00,          10258326,           1108.20,    11368276873.20
29 JUN 2026,JINDALPOLY,EQ,JINDAL POLY FILMS LIMITED,Listed    ,29 JUN 2026,              10.00,          43786413,            638.15,    27942299455.95
29 JUN 2026,JINDALSAW,EQ,JINDAL SAW LIMITED       ,Listed    ,29 JUN 2026,               1.00,         639508234,            260.05,   166310511334.05 
29 JUN 2026,JINDALSTEL,EQ,JINDAL STEEL LIMITED     ,Listed    ,29 JUN 2026,               1.00,        1020088097,           1068.10,  1089556096405.70
29 JUN 2026,JINDRILL,EQ,JINDAL DRILLING IND. LTD ,Listed    ,29 JUN 2026,               5.00,          28981104,            548.25,    15888890268.00  
29 JUN 2026,JINDWORLD,EQ,JINDAL WORLDWIDE LTD     ,Listed    ,29 JUN 2026,               1.00,        1002602000,             30.30,    30398892640.00 
29 JUN 2026,JIOFIN,EQ,JIO FIN SERVICES LTD     ,Listed    ,29 JUN 2026,              10.00,        6353141623,            236.70,  1503852153580.35    
29 JUN 2026,JISLDVREQS,EQ,JAIN DVR EQUITY SHARES   ,Listed    ,29 JUN 2026,               2.00,          19294304,             23.60,      455152631.35
29 JUN 2026,JISLJALEQS,EQ,JAIN IRRIGATION SYSTEMS  ,Listed    ,29 JUN 2026,               2.00,         714609991,             34.65,    24768382288.05
29 JUN 2026,JITFINFRA,EQ,JITF INFRALOGISTICS LTD  ,Listed    ,29 JUN 2026,               2.00,          25703706,            315.65,     8113374798.90 
29 JUN 2026,JIWANRAM,SM,JIWANRAM SHEODUTTRA IND L,Listed    ,25 JUN 2026,              10.00,          24748225,              5.85,      144777116.25  
29 JUN 2026,JKCEMENT,EQ,JK CEMENT LIMITED        ,Listed    ,29 JUN 2026,              10.00,          77268251,           5319.50,   411028461194.50  
29 JUN 2026,JKIL,EQ,JKUMAR INFR.LTD.         ,Listed    ,29 JUN 2026,               5.00,          75665506,            492.45,    37261478429.70      
29 JUN 2026,JKIPL,BE,JINKUSHAL INDUSTRIES LTD ,Listed    ,29 JUN 2026,              10.00,          38386000,            108.95,     4182922420.00     
29 JUN 2026,JKLAKSHMI,EQ,JK LAKSHMI CEMENT LTD    ,Listed    ,29 JUN 2026,               5.00,         124144426,            602.95,    74852881656.70 
29 JUN 2026,JKPAPER,EQ,JK PAPER LIMITED         ,Listed    ,29 JUN 2026,              10.00,         169402344,            343.65,    58215115515.60   
29 JUN 2026,JKTYRE,EQ,JK TYRE & INDUSTRIES LTD ,Listed    ,29 JUN 2026,               2.00,         288289511,            388.60,   112029303974.60    
29 JUN 2026,JLHL,EQ,JUPITER LIFE LINE HOSP L ,Listed    ,29 JUN 2026,              10.00,          65566022,           1385.30,    90828610276.60      
29 JUN 2026,JMA,EQ,JULLUNDUR MOT AGENCY LTD ,Listed    ,29 JUN 2026,               2.00,          22841054,             90.85,     2075109755.90       
29 JUN 2026,JMFINANCIL,EQ,JM FINANCIAL LIMITED     ,Listed    ,29 JUN 2026,               1.00,         956364073,            123.60,   118206599422.80
29 JUN 2026,JNKINDIA,EQ,JNK INDIA LIMITED        ,Listed    ,29 JUN 2026,               2.00,          55953915,            489.00,    27361464435.00  
29 JUN 2026,JOCIL,BE,JOCIL LIMITED            ,Listed    ,29 JUN 2026,              10.00,           8881150,            145.00,     1287766750.00     
29 JUN 2026,JPOLYINVST,EQ,JIND POL INV & FIN CO LTD,Listed    ,29 JUN 2026,              10.00,          10511929,           1100.40,    11567326671.60
29 JUN 2026,JPPOWER,EQ,JAIPRAKASH POWER VEN. LTD,Listed    ,29 JUN 2026,              10.00,        6853458827,             17.80,   122060101708.85   
29 JUN 2026,JSFB,EQ,JANA SMALL FIN BANK LTD  ,Listed    ,29 JUN 2026,              10.00,         105295298,            466.20,    49088667927.60      
29 JUN 2026,JSL,EQ,JINDAL STAINLESS LIMITED ,Listed    ,29 JUN 2026,               2.00,         824419588,            683.15,   563202241542.20       
29 JUN 2026,JSLL,EQ,JEENA SIKHO LIFECARE LTD ,Listed    ,29 JUN 2026,               2.00,         124300730,            586.90,    72952098437.00      
29 JUN 2026,JSWCEMENT,EQ,JSW CEMENT LIMITED       ,Listed    ,29 JUN 2026,              10.00,        1363364936,            132.80,   181027596202.10 
29 JUN 2026,JSWDULUX,EQ,JSW DULUX LIMITED        ,Listed    ,29 JUN 2026,              10.00,          45540314,           3262.90,   148593490550.60  
29 JUN 2026,JSWENERGY,EQ,JSW ENERGY LIMITED       ,Listed    ,29 JUN 2026,              10.00,        1757292260,            586.25,  1030212587425.00 
29 JUN 2026,JSWHL,EQ,JSW HOLDINGS LIMITED     ,Listed    ,29 JUN 2026,              10.00,          11099625,          12020.00,   133417492500.00     
29 JUN 2026,JSWINFRA,EQ,JSW INFRASTRUCTURE LTD   ,Listed    ,29 JUN 2026,               2.00,        2100001567,            321.10,   674310503163.70  
29 JUN 2026,JSWSTEEL,EQ,JSW STEEL LIMITED        ,Listed    ,29 JUN 2026,               1.00,        2445453966,           1232.40,  3013777467698.40  
29 JUN 2026,JTEKTINDIA,EQ,JTEKT INDIA LIMITED      ,Listed    ,29 JUN 2026,               1.00,         277396890,            133.45,    37015841001.60
29 JUN 2026,JTLIND,EQ,JTL INDUSTRIES LIMITED   ,Listed    ,29 JUN 2026,               1.00,         393081630,             78.15,    30727191017.10    
29 JUN 2026,JUBLCPL,EQ,JUBILANT AGRI N CON PRO L,Listed    ,29 JUN 2026,              10.00,          15152493,           2015.50,    30539849641.50   
29 JUN 2026,JUBLFOOD,EQ,JUBILANT FOODWORKS LTD   ,Listed    ,29 JUN 2026,               2.00,         659845200,            417.70,   275617340040.00  
29 JUN 2026,JUBLINGREA,EQ,JUBILANT INGREVIA LIMITED,Listed    ,29 JUN 2026,               1.00,         159281139,            610.95,    97312811872.05
29 JUN 2026,JUBLPHARMA,EQ,JUBILANT PHARMOVA LTD    ,Listed    ,29 JUN 2026,               1.00,         159281139,            954.25,   151994026890.75
29 JUN 2026,JUNIPER,EQ,JUNIPER HOTELS LIMITED   ,Listed    ,29 JUN 2026,              10.00,         222502384,            193.20,    42991910636.50   
29 JUN 2026,JUSTDIAL,EQ,JUSTDIAL LTD.            ,Listed    ,29 JUN 2026,              10.00,          85044657,            525.60,    44699471719.20  
29 JUN 2026,JWL,EQ,JUPITER WAGONS LIMITED   ,Listed    ,29 JUN 2026,              10.00,         427370389,            269.10,   115005371679.90       
29 JUN 2026,JYOTHYLAB,EQ,JYOTHY LABS LIMITED      ,Listed    ,29 JUN 2026,               1.00,         367214511,            195.60,    71830830496.70 
29 JUN 2026,JYOTICNC,EQ,JYOTI CNC AUTOMATION LTD ,Listed    ,29 JUN 2026,               2.00,         227423096,            785.45,   178629470753.20  
29 JUN 2026,JYOTIGLOBL,ST,JYOTI GLOBAL PLAST LTD   ,Listed    ,29 JUN 2026,              10.00,          19820000,             38.95,      771989000.00
29 JUN 2026,JYOTISTRUC,EQ,JYOTI STRUCTURES LTD     ,Listed    ,29 JUN 2026,               2.00,        1193659937,             11.50,    13750962474.25
29 JUN 2026,K2INFRA,ST,K2 INFRAGEN LIMITED      ,Listed    ,29 JUN 2026,              10.00,          12618394,             62.60,      789911464.40   
29 JUN 2026,KABRAEXTRU,EQ,KABRA EXTRUSION TECHNIK L,Listed    ,29 JUN 2026,               5.00,          34972836,            259.80,     9085942792.80
29 JUN 2026,KAJARIACER,EQ,KAJARIA CERAMICS LTD     ,Listed    ,29 JUN 2026,               1.00,         159272290,           1205.90,   192066454511.00
29 JUN 2026,KAKATCEM,BE,KAKATIYA CEM SUGAR &IND L,Listed    ,29 JUN 2026,              10.00,           7773858,            119.50,      928820553.85  
29 JUN 2026,KALAMANDIR,EQ,SAI SILKS (KALAMANDIR) L ,Listed    ,29 JUN 2026,               2.00,         153366112,            111.10,    17038975043.20
29 JUN 2026,KALANA,SM,KALANA ISPAT LIMITED     ,Listed    ,29 JUN 2026,              10.00,          13039185,             19.50,      254264107.50    
29 JUN 2026,KALPATARU,EQ,KALPATARU LIMITED        ,Listed    ,29 JUN 2026,              10.00,         205913993,            304.30,    62659628069.90 
29 JUN 2026,KALYANI,BE,KALYANI COMMERCIALS LTD  ,Listed    ,04 JUL 2025,              10.00,           1000000,            138.10,      138090000.00   
29 JUN 2026,KALYANIFRG,EQ,KALYANI FORGE LIMITED    ,Listed    ,29 JUN 2026,              10.00,           3638000,            606.90,     2207902200.00
29 JUN 2026,KALYANKJIL,EQ,KALYAN JEWELLERS IND LTD ,Listed    ,29 JUN 2026,              10.00,        1032740207,            377.85,   390220887214.95
29 JUN 2026,KAMAHOLD,EQ,KAMA HOLDINGS LTD.       ,Permitted ,29 JUN 2026,              10.00,          32090575,           2564.30,    82289861472.50  
29 JUN 2026,KAMATHOTEL,EQ,KAMAT HOTELS (I) LTD     ,Listed    ,29 JUN 2026,              10.00,          29480072,            180.00,     5305823358.55
29 JUN 2026,KAMDHENU,BE,KAMDHENU LIMITED         ,Listed    ,29 JUN 2026,               1.00,         281883000,             28.95,     8163331680.00  
29 JUN 2026,KAMOPAINTS,EQ,KAMDHENU VENTURES LIMITED,Listed    ,29 JUN 2026,               1.00,         314355000,              4.95,     1552913700.00
29 JUN 2026,KANANIIND,EQ,KANANI INDUSTRIES LTD    ,Listed    ,29 JUN 2026,               1.00,         197868000,              1.50,      298780680.00 
29 JUN 2026,KANCHI,BE,KANCHI KARPOORAM LTD.    ,Permitted ,29 JUN 2026,              10.00,           4343891,            365.95,     1589646911.45    
29 JUN 2026,KANDARP,SM,KANDARP DG SMART BPO LTD ,Listed    ,29 JUN 2026,              10.00,           8973000,            100.00,      897300000.00   
29 JUN 2026,KANORICHEM,BE,KANORIACHEMICALS-        ,Listed    ,29 JUN 2026,               5.00,          43693333,            131.30,     5737808489.55
29 JUN 2026,KANPRPLA,EQ,KANPUR PLASTIPACK LIMITED,Listed    ,29 JUN 2026,              10.00,          24012458,            189.15,     4542436679.85  
29 JUN 2026,KANSAINER,EQ,KANSAI NEROLAC PAINTS LTD,Listed    ,29 JUN 2026,               1.00,         808524735,            204.90,   165666718201.50 
29 JUN 2026,KAPSTON,EQ,KAPSTON SERVICES LIMITED ,Listed    ,29 JUN 2026,               5.00,          30432183,            360.25,    10963193925.75   
29 JUN 2026,KARMAENG,EQ,KARMA ENERGY LIMITED     ,Listed    ,29 JUN 2026,              10.00,          11569918,             41.45,      479804499.45  
29 JUN 2026,KARNIKA,SM,KARNIKA INDUSTRIES LTD   ,Listed    ,29 JUN 2026,              10.00,          61997500,            125.00,     7749687500.00   
29 JUN 2026,KARURVYSYA,EQ,KARUR VYSYA BANK LTD     ,Listed    ,29 JUN 2026,               2.00,         966493959,            298.85,   288836719647.15
29 JUN 2026,KATARIA,SM,KATARIA INDUSTRIES LTD   ,Listed    ,29 JUN 2026,              10.00,          21531234,             99.00,     2131592166.00   
29 JUN 2026,KAUSHALYA,EQ,KAUSHALYA INFRA DEV LTD. ,Listed    ,29 JUN 2026,            1000.00,            346306,            875.45,      303173587.70 
29 JUN 2026,KAVDEFENCE,EQ,KAVVERI DFS & WIR TEC LTD,Listed    ,29 JUN 2026,              10.00,          34374260,             64.30,     2209921175.40
29 JUN 2026,KAYA,EQ,KAYA LIMITED             ,Listed    ,29 JUN 2026,              10.00,          15187609,            244.55,     3713826028.75      
29 JUN 2026,KAYNES,EQ,KAYNES TECHNOLOGY IND LTD,Listed    ,29 JUN 2026,              10.00,          67034654,           3150.60,   211199380892.40    
29 JUN 2026,KAYTEX,SM,KAYTEX FABRICS LIMITED   ,Listed    ,29 JUN 2026,              10.00,          14699200,             60.35,      887096720.00    
29 JUN 2026,KCEIL,ST,KAY CEE ENERGY & INFRA L ,Listed    ,29 JUN 2026,              10.00,          12224000,             76.45,      934524800.00     
29 JUN 2026,KCK,SM,KCK INDUSTRIES LTD       ,Listed    ,29 JUN 2026,               2.00,          63601700,             13.15,      836362355.00       
29 JUN 2026,KCP,EQ,KCP LTD                  ,Listed    ,29 JUN 2026,               1.00,         128921160,            169.80,    21893391391.20       
29 JUN 2026,KCPSUGIND,EQ,KCP SUGAR IND CORP LTD.  ,Listed    ,29 JUN 2026,               1.00,         113385050,             22.10,     2503541904.00 
29 JUN 2026,KDDL,EQ,KDDL LIMITED             ,Listed    ,29 JUN 2026,              10.00,          12299280,           3133.80,    38543483664.00      
29 JUN 2026,KDL,SM,KORE DIGITAL LIMITED     ,Listed    ,29 JUN 2026,              10.00,          12024000,            112.35,     1350896400.00       
29 JUN 2026,KEC,EQ,KEC INTL. LIMITED        ,Listed    ,29 JUN 2026,               2.00,         266200000,            515.40,   137199480000.00       
29 JUN 2026,KECL,BE,KIRLOSKAR ELECTRIC CO LTD,Listed    ,29 JUN 2026,              10.00,          66414071,            115.00,     7637618165.00      
29 JUN 2026,KEEPLEARN,EQ,DSJ KEEP LEARNING LTD    ,Listed    ,29 JUN 2026,               1.00,         155712083,              1.90,      298967199.35 
29 JUN 2026,KEI,EQ,KEI INDUSTRIES LTD.      ,Listed    ,29 JUN 2026,               2.00,          95600595,           5452.00,   521214443940.00       
29 JUN 2026,KEL,SM,KUNDAN EDIFICE LIMITED   ,Listed    ,29 JUN 2026,              10.00,          10272000,             78.75,      808920000.00       
29 JUN 2026,KELLTONTEC,EQ,KELLTON TECH SOL LTD     ,Listed    ,29 JUN 2026,               1.00,         527804670,             15.30,     8080689497.70
29 JUN 2026,KEN,SM,KEN ENTERPRISES LIMITED  ,Listed    ,29 JUN 2026,              10.00,          24565480,             37.50,      921205500.00       
29 JUN 2026,KENNAMET,EQ,KENNAMETAL INDIA LIMITED ,Permitted ,29 JUN 2026,              10.00,          21978240,           2986.00,    65627024640.00  
29 JUN 2026,KERNEX,EQ,KERNEX MICROSYS(I) LTD   ,Listed    ,29 JUN 2026,              10.00,          16802422,           2056.20,    34549140116.40    
29 JUN 2026,KESORAMIND,BE,KESORAM INDUSTRIES LTD   ,Listed    ,29 JUN 2026,              10.00,         310663663,             11.35,     3526032575.05
29 JUN 2026,KEYFINSERV,EQ,KEYNOTE FIN SERV LTD.    ,Listed    ,29 JUN 2026,              10.00,           5566637,            241.60,     1344899499.20
29 JUN 2026,KFINTECH,EQ,KFIN TECHNOLOGIES LIMITED,Listed    ,29 JUN 2026,              10.00,         172524054,            869.30,   149975160142.20  
29 JUN 2026,KHADIM,BE,KHADIM INDIA LIMITED     ,Listed    ,29 JUN 2026,              10.00,          18378382,            109.70,     2016108505.40    
29 JUN 2026,KHAICHEM,BE,KHAITAN CHEM & FERT LTD  ,Listed    ,29 JUN 2026,               1.00,          96989200,             55.55,     5385810276.00  
29 JUN 2026,KHAITANLTD,BE,KHAITAN (INDIA)LTD.      ,Listed    ,29 JUN 2026,              10.00,           4750000,            134.90,      640870000.00
29 JUN 2026,KHANDSE,EQ,KHANDWALA SECURITIES LTD ,Listed    ,29 JUN 2026,              10.00,          15253805,             17.15,      261450217.70   
29 JUN 2026,KHFM,SM,KHFM HOS FAC MANA SER LTD,Listed    ,29 JUN 2026,              10.00,          23110499,             55.95,     1293032419.05      
29 JUN 2026,KICL,EQ,KALYANI INVEST CO LTD    ,Listed    ,29 JUN 2026,              10.00,           4365306,           5268.00,    22996432008.00      
29 JUN 2026,KILITCH,EQ,KILITCH DRUGS INDIA LTD  ,Listed    ,29 JUN 2026,              10.00,          34961564,            186.35,     6515087451.40   
29 JUN 2026,KIMS,EQ,KRISHNA INST OF MED SCI L,Listed    ,29 JUN 2026,               2.00,         400138935,            805.45,   322291905195.75      
29 JUN 2026,KINGFA,EQ,KINGFA SCI & TEC IND LTD.,Listed    ,29 JUN 2026,              10.00,          13551381,           4987.00,    67580737047.00    
29 JUN 2026,KIOCL,EQ,KIOCL LIMITED            ,Listed    ,29 JUN 2026,              10.00,         607751096,            391.05,   237661066090.80     
29 JUN 2026,KIRANVYPAR,EQ,KIRAN VYAPAR LTD.        ,Permitted ,29 JUN 2026,              10.00,          27284211,            192.65,     5256576091.25
29 JUN 2026,KIRIINDUS,EQ,KIRI INDUSTRIES LIMITED  ,Listed    ,29 JUN 2026,              10.00,          60022554,            381.40,    22892602095.60 
29 JUN 2026,KIRLFER,EQ,KIRLOSKAR FERROUS IND LTD,Permitted ,29 JUN 2026,               5.00,         164921643,            474.85,    78313042178.55   
29 JUN 2026,KIRLOSBROS,EQ,KIRLOSKAR BROTHERS LTD   ,Listed    ,29 JUN 2026,               2.00,          79408926,           1963.80,   155943248878.80
29 JUN 2026,KIRLOSENG,EQ,KIRLOSKAR OIL ENG LTD    ,Listed    ,29 JUN 2026,               2.00,         145349673,           2441.10,   354813086760.30 
29 JUN 2026,KIRLOSIND,EQ,KIRLOSKAR INDUSTRIES LTD ,Listed    ,29 JUN 2026,              10.00,          10509372,           4009.30,    42135225159.60 
29 JUN 2026,KIRLPNU,EQ,KIRLOSKAR PNEUMATIC COM L,Listed    ,29 JUN 2026,               2.00,          64952090,           1905.70,   123779197913.00   
29 JUN 2026,KISSHT,EQ,ONEMI TECHNOLOGY SOL LTD ,Listed    ,29 JUN 2026,               1.00,         168483022,            274.20,    46198044632.40    
29 JUN 2026,KITEX,EQ,KITEX GARMENTS LTD       ,Listed    ,29 JUN 2026,               1.00,         199500000,            155.90,    31104045000.00     
29 JUN 2026,KKCL,EQ,KEWAL KIRAN CLOTHING LTD ,Listed    ,29 JUN 2026,              10.00,          61625185,            494.65,    30482897760.25      
29 JUN 2026,KKJEWELS,SM,KABRA JEWELS LIMITED     ,Listed    ,29 JUN 2026,              10.00,          10485000,            101.00,     1058985000.00  
29 JUN 2026,KKVAPOW,SM,KKV AGRO POWERS LTD.     ,Listed    ,25 JUN 2026,              10.00,            623562,            553.25,      344985676.50   
29 JUN 2026,KLBRENG-B,EQ,KILBURN ENGINEERING LTD. ,Permitted ,29 JUN 2026,              10.00,          52312858,            487.75,    25515596489.50 
29 JUN 2026,KLL,SM,KAUSHALYA LOGISTICS LTD  ,Listed    ,29 JUN 2026,              10.00,          18530000,             33.10,      613343000.00       
29 JUN 2026,KMEW,EQ,KNOWLEDGE MARINE & EN W L,Listed    ,29 JUN 2026,               5.00,          24444108,           2226.00,    54412584408.00      
29 JUN 2026,KMSUGAR,EQ,K M SUGAR MILLS LTD      ,Listed    ,29 JUN 2026,               2.00,          92000170,             25.90,     2380964399.60   
29 JUN 2026,KNAGRI,EQ,KN AGRI RESOURCES LIMITED,Listed    ,29 JUN 2026,              10.00,          24998910,            210.55,     5264020478.70    
29 JUN 2026,KNRCON,EQ,KNR CONSTRU LTD.         ,Listed    ,29 JUN 2026,               2.00,         281234600,            133.30,    37485759834.00    
29 JUN 2026,KODYTECH,SM,KODY TECHNOLAB LIMITED   ,Listed    ,29 JUN 2026,              10.00,          14293460,           1070.80,    15305436968.00  
29 JUN 2026,KOHINOOR,EQ,KOHINOOR FOODS LIMITED   ,Listed    ,29 JUN 2026,              10.00,          37071530,             25.25,      936426847.80  
29 JUN 2026,KOKUYOCMLN,EQ,KOKUYO CAMLIN LIMITED    ,Listed    ,29 JUN 2026,               1.00,         100303806,             88.00,     8824728851.90
29 JUN 2026,KOLTEPATIL,EQ,KOLTE PATIL DEV. LTD.    ,Listed    ,29 JUN 2026,              10.00,          88680094,            360.60,    31978041896.40
29 JUN 2026,KONSTELEC,ST,KONSTELEC ENGINEERS LTD  ,Listed    ,29 JUN 2026,              10.00,          15100000,             42.00,      634200000.00 
29 JUN 2026,KONTOR,SM,KONTOR SPACE LIMITED     ,Listed    ,25 JUN 2026,              10.00,           6180000,             58.50,      361530000.00    
29 JUN 2026,KOPRAN,BE,KOPRAN LTD               ,Listed    ,29 JUN 2026,              10.00,          48287601,            187.85,     9071308723.85    
29 JUN 2026,KORE,SM,JAY JALARAM TECHNO LTD   ,Listed    ,29 JUN 2026,              10.00,          12125000,            138.60,     1680525000.00      
29 JUN 2026,KOTAKBANK,EQ,KOTAK MAHINDRA BANK LTD  ,Listed    ,29 JUN 2026,               1.00,        9946457005,            395.50,  3933823745477.50 
29 JUN 2026,KOTARISUG,EQ,KOTHARI SUG & CHEM LTD.  ,Listed    ,29 JUN 2026,              10.00,          82888580,             24.75,     2052321240.80 
29 JUN 2026,KOTHARIPET,EQ,KOTHARI PETROCHEM LTD    ,Listed    ,29 JUN 2026,              10.00,          58846400,            124.15,     7304603632.00
29 JUN 2026,KOTHARIPRO,EQ,KOTHARI PRODUCTS LTD     ,Listed    ,29 JUN 2026,              10.00,          59687730,             69.45,     4145312848.50
29 JUN 2026,KOTIC,EQ,KOTHARI INDUSTRIAL CORP L,Permitted ,29 JUN 2026,               5.00,         108021773,            162.25,    17526532669.25     
29 JUN 2026,KOTYARK,BE,KOTYARK INDUSTRIES LTD   ,Listed    ,29 JUN 2026,              10.00,         113070276,             43.20,     4884635923.20   
29 JUN 2026,KOVAI,EQ,KOVAI MEDICAL CENTER & HO,Permitted ,29 JUN 2026,              10.00,          10942262,           5951.50,    65122872293.00     
29 JUN 2026,KPEL,EQ,K.P. ENERGY LIMITED      ,Listed    ,29 JUN 2026,               5.00,          67595841,            339.35,    22938648643.35      
29 JUN 2026,KPIGREEN,EQ,KPI GREEN ENERGY LIMITED ,Listed    ,29 JUN 2026,               5.00,         197341073,            395.55,    78058261425.15  
29 JUN 2026,KPIL,EQ,KALPATARU PROJECT INT LTD,Listed    ,29 JUN 2026,               2.00,         170772546,           1346.10,   229876924170.60      
29 JUN 2026,KPITTECH,EQ,KPIT TECHNOLOGIES LIMITED,Listed    ,29 JUN 2026,              10.00,         274143808,            712.20,   195245220057.60  
29 JUN 2026,KPL,EQ,KWALITY PHARMACEUTICALS L,Permitted ,29 JUN 2026,              10.00,          10376198,           2705.20,    28069690829.60       
29 JUN 2026,KPRMILL,EQ,KPR MILL LTD.            ,Listed    ,29 JUN 2026,               1.00,         341814000,           1131.50,   386762541000.00   
29 JUN 2026,KRBL,EQ,KRBL LIMITED             ,Listed    ,29 JUN 2026,               1.00,         228889892,            379.15,    86783602551.80      
29 JUN 2026,KREBSBIO,EQ,KREBS BIOCHEMICALS & IND ,Listed    ,29 JUN 2026,              10.00,          21560586,             60.30,     1299672124.10  
29 JUN 2026,KRIDHANINF,BE,KRIDHAN INFRA LIMITED    ,Listed    ,29 JUN 2026,               2.00,          94779205,              2.85,      270120734.25
29 JUN 2026,KRISHANA,EQ,KRISHANA PHOSCHEM LIMITED,Listed    ,29 JUN 2026,              10.00,          61827600,            682.10,    42172605960.00  
29 JUN 2026,KRISHCA,SM,KRISHCA STRAPPING SLTN L ,Listed    ,29 JUN 2026,              10.00,          14440000,            172.70,     2493788000.00   
29 JUN 2026,KRISHIVAL,EQ,KRISHIVAL FOODS LIMITED  ,Listed    ,29 JUN 2026,              10.00,          22295141,            401.45,     8950384354.45 
29 JUN 2026,KRISHNADEF,EQ,KRISHNA DEF AND ALD IND L,Listed    ,29 JUN 2026,              10.00,          14932192,           1247.10,    18621936643.20
29 JUN 2026,KRITI,BE,KRITI INDUSTRIES IND LTD ,Listed    ,29 JUN 2026,               1.00,          52696000,             69.05,     3637604880.00     
29 JUN 2026,KRITIKA,EQ,KRITIKA WIRES LIMITED    ,Listed    ,29 JUN 2026,               2.00,         266280000,              5.80,     1541761200.00   
29 JUN 2026,KRITINUT,BE,KRITI NUTRIENTS LIMITED  ,Listed    ,29 JUN 2026,               1.00,          50103520,             83.10,     4163101476.80  
29 JUN 2026,KRMAYURVED,ST,KRM AYURVEDA LIMITED     ,Listed    ,29 JUN 2026,              10.00,          21260800,            257.00,     5464025600.00
29 JUN 2026,KRN,BE,KRN HEAT EXCHANGE N REF L,Listed    ,29 JUN 2026,              10.00,          62156600,           1250.50,    77726828300.00       
29 JUN 2026,KRONOX,EQ,KRONOX LAB SCIENCES LTD  ,Listed    ,29 JUN 2026,              10.00,          37104000,            152.10,     5643518400.00    
29 JUN 2026,KROSS,EQ,KROSS LIMITED            ,Listed    ,29 JUN 2026,               5.00,          64509422,            186.95,    12059391348.70     
29 JUN 2026,KRSNAA,EQ,KRSNAA DIAGNOSTICS LTD   ,Listed    ,29 JUN 2026,               5.00,          32438672,            537.05,    17421188797.60    
29 JUN 2026,KRT,RR,KNOWLEDGE REALTY TRUST   ,Listed    ,29 JUN 2026,             100.00,        4434399541,            115.65,   512926994907.45       
29 JUN 2026,KRYSTAL,EQ,KRYSTAL INTEGRATED SER L ,Listed    ,29 JUN 2026,              10.00,          13971952,            600.25,     8386664188.00   
29 JUN 2026,KSB,EQ,KSB LIMITED              ,Listed    ,29 JUN 2026,               2.00,         174039220,            945.70,   164588890354.00       
29 JUN 2026,KSCL,EQ,KAVERI SEED CO. LTD.     ,Listed    ,29 JUN 2026,               2.00,          51439071,            905.75,    46590938558.25      
29 JUN 2026,KSHINTL,EQ,KSH INTERNATIONAL LIMITED,Listed    ,29 JUN 2026,               5.00,          67755700,            858.50,    58168268450.00   
29 JUN 2026,KSHITIJPOL,BE,KSHITIJ POLYLINE LIMITED ,Listed    ,29 JUN 2026,               2.00,         154244874,              4.15,      638573778.35
29 JUN 2026,KSL,EQ,KALYANI STEELS LIMITED   ,Listed    ,29 JUN 2026,               5.00,          43653060,            844.55,    36867191823.00       
29 JUN 2026,KSOLVES,EQ,KSOLVES INDIA LIMITED    ,Listed    ,29 JUN 2026,               5.00,          23720400,            284.10,     6738965640.00   
29 JUN 2026,KSR,EQ,KSR FOOTWEAR LIMITED     ,Listed    ,29 JUN 2026,              10.00,          18378382,             31.10,      571751464.00       
29 JUN 2026,KTKBANK,EQ,KARNATAKA BANK LIMITED   ,Listed    ,29 JUN 2026,              10.00,         378181562,            268.60,   101579567553.20   
29 JUN 2026,KUANTUM,EQ,KUANTUM PAPERS LIMITED   ,Listed    ,29 JUN 2026,               1.00,          87263630,             75.85,     6620691608.10   
29 JUN 2026,KWIL,EQ,KWALITY WALL'S (INDIA) L ,Listed    ,29 JUN 2026,               1.00,        2349591262,             34.90,    82000735043.80      
29 JUN 2026,LAGNAM,EQ,LAGNAM SPINTEX LIMITED   ,Listed    ,29 JUN 2026,              10.00,          17669000,             76.45,     1350795050.00    
29 JUN 2026,LAHOTIOV,EQ,LAHOTI OVERSEAS LTD.     ,Permitted ,29 JUN 2026,               2.00,          29171500,             43.50,     1269251965.00  
29 JUN 2026,LAKPRE,BZ,LAKSHMI PRE SCRE LTD     ,Listed    ,29 JUN 2026,              10.00,          10941667,              4.90,       53395334.95    
29 JUN 2026,LAKSHYA,ST,LAKSHYA POWERTECH LIMITED,Listed    ,29 JUN 2026,              10.00,          10083920,            114.00,     1149566880.00   
29 JUN 2026,LAL,EQ,LORENZINI APPARELS LTD   ,Listed    ,29 JUN 2026,               1.00,         172736551,              9.10,     1573629979.60       
29 JUN 2026,LALPATHLAB,EQ,DR. LAL PATH LABS LTD.   ,Listed    ,29 JUN 2026,              10.00,         167555020,           1647.00,   275963117940.00
29 JUN 2026,LAMBODHARA,EQ,LAMBODHARA TEXTILES LTD. ,Listed    ,29 JUN 2026,               5.00,          10377600,            111.20,     1154092896.00
29 JUN 2026,LAMOSAIC,SM,LAMOSAIC INDIA LIMITED   ,Listed    ,29 JUN 2026,              10.00,          10338008,             33.45,      345806367.60  
29 JUN 2026,LANCORHOL,EQ,LANCOR HOLDINGS LIMITED  ,Listed    ,29 JUN 2026,               2.00,          73550560,             24.95,     1835821977.60 
29 JUN 2026,LANDMARK,EQ,LANDMARK CARS LIMITED    ,Listed    ,29 JUN 2026,               5.00,          41464910,            434.00,    17995770940.00  
29 JUN 2026,LANDSMILL,EQ,LANDSMILL GREEN LIMITED  ,Listed    ,29 JUN 2026,               1.00,        1410695055,              0.85,     1184983846.20 
29 JUN 2026,LAOPALA,EQ,LA OPALA RG LIMITED      ,Listed    ,29 JUN 2026,               2.00,         111000000,            176.80,    19623690000.00   
29 JUN 2026,LASA,EQ,LASA SUPERGENERICS LTD   ,Listed    ,29 JUN 2026,              10.00,          50101239,              7.45,      372753218.15      
29 JUN 2026,LATENTVIEW,EQ,LATENT VIEW ANALYTICS LTD,Listed    ,29 JUN 2026,               1.00,         206924980,            279.90,    57918301902.00
29 JUN 2026,LATTEYS,BE,LATTEYS INDUSTRIES LTD   ,Listed    ,29 JUN 2026,               2.00,          57495825,             21.00,     1207987283.25   
29 JUN 2026,LAURUSLABS,EQ,LAURUS LABS LIMITED      ,Listed    ,29 JUN 2026,               2.00,         539856582,           1500.30,   809946829974.60
29 JUN 2026,LAXMICOT,EQ,LAXMI COTSPIN LIMITED    ,Listed    ,29 JUN 2026,              10.00,          17147670,             14.70,      252242225.70  
29 JUN 2026,LAXMIDENTL,EQ,LAXMI DENTAL LIMITED     ,Listed    ,29 JUN 2026,               2.00,          54962149,            224.00,    12310971754.50
29 JUN 2026,LAXMIINDIA,BE,LAXMI INDIA FINANCE LTD  ,Listed    ,29 JUN 2026,               5.00,          52267875,             99.45,     5196994811.25
29 JUN 2026,LCCINFOTEC,EQ,LCC INFOTECH LTD         ,Listed    ,29 JUN 2026,               2.00,         126593350,              4.80,      606382146.50
29 JUN 2026,LEMERITE,EQ,LE MERITE EXPORTS LIMITED,Listed    ,29 JUN 2026,               2.00,         125168000,             23.10,     2890129120.00  
29 JUN 2026,LEMONTREE,EQ,LEMON TREE HOTELS LTD    ,Listed    ,29 JUN 2026,              10.00,         792246464,            116.20,    92074884046.10 
29 JUN 2026,LENSKART,EQ,LENSKART SOLUTIONS LTD   ,Listed    ,29 JUN 2026,               2.00,        1736416007,            505.85,   878366037140.95  
29 JUN 2026,LEXUS,EQ,LEXUS GRANITO (INDIA) LTD,Listed    ,29 JUN 2026,              10.00,          20790724,             12.75,      265081731.00     
29 JUN 2026,LFIC,EQ,LAKSHMI FIN IND CORP LTD ,Listed    ,29 JUN 2026,              10.00,           3000000,            144.20,      432630000.00      
29 JUN 2026,LGBBROSLTD,EQ,LG BALAKRISHNAN & BROS   ,Listed    ,29 JUN 2026,              10.00,          31892416,           1600.20,    51034244083.20
29 JUN 2026,LGEINDIA,EQ,LG ELECTRONICS INDIA LTD ,Listed    ,29 JUN 2026,              10.00,         678772392,           1566.90,  1063568461024.80  
29 JUN 2026,LGHL,EQ,LAXMI GOLDORNA HOUSE LTD ,Listed    ,29 JUN 2026,              10.00,          50092560,            222.00,    11120548320.00      
29 JUN 2026,LIBAS,EQ,LIBAS CONSU PRODUCTS LTD ,Listed    ,29 JUN 2026,              10.00,          26344580,             11.55,      304806790.60     
29 JUN 2026,LIBERTSHOE,EQ,LIBERTY SHOES LTD        ,Listed    ,29 JUN 2026,              10.00,          17040000,            273.65,     4662825600.00
29 JUN 2026,LICHSGFIN,EQ,LIC HOUSING FINANCE LTD  ,Listed    ,29 JUN 2026,               2.00,         550063000,            560.75,   308447827250.00 
29 JUN 2026,LICI,EQ,LIFE INSURA CORP OF INDIA,Listed    ,29 JUN 2026,              10.00,       12649995402,            431.25,  5455310517112.50      
29 JUN 2026,LIKHITHA,BE,LIKHITHA INFRASTRUC LTD  ,Listed    ,29 JUN 2026,               5.00,          39450000,            270.50,    10670436000.00  
29 JUN 2026,LINC,EQ,LINC LIMITED             ,Listed    ,29 JUN 2026,               5.00,          59489164,            115.95,     6897173674.15      
29 JUN 2026,LINCOLN,EQ,LINCOLN PHARMA LTD       ,Listed    ,29 JUN 2026,              10.00,          20029728,            625.60,    12530597836.80   
29 JUN 2026,LINDEINDIA,EQ,LINDE INDIA LIMITED      ,Listed    ,29 JUN 2026,              10.00,          85284223,           7297.00,   622318975231.00
29 JUN 2026,LLOYDS,ST,LLOYDS LUXURIES LIMITED  ,Listed    ,29 JUN 2026,              10.00,          24134873,             72.55,     1750985036.15    
29 JUN 2026,LLOYDSENGG,EQ,LLOYDS ENGG WORK LIMITED ,Listed    ,29 JUN 2026,               1.00,        1398082422,             87.10,   121786959780.40
29 JUN 2026,LLOYDSENT,EQ,LLOYDS ENTERPRISES LTD   ,Listed    ,29 JUN 2026,               1.00,        1492421941,             75.25,   112304751060.25 
29 JUN 2026,LLOYDSME,EQ,LLOYDS METALS N ENERGY L ,Listed    ,29 JUN 2026,               1.00,         545164538,           1805.70,   984403606266.60  
29 JUN 2026,LMW,EQ,LMW LIMITED              ,Listed    ,29 JUN 2026,              10.00,          10683000,          15973.00,   170639559000.00       
29 JUN 2026,LODHA,EQ,LODHA DEVELOPERS LIMITED ,Listed    ,29 JUN 2026,              10.00,         998892124,            939.55,   938509095104.20     
29 JUN 2026,LOKESHMACH,BE,LOKESH MACHINES LTD      ,Listed    ,29 JUN 2026,              10.00,          19996770,            270.55,     5410126123.50
29 JUN 2026,LORDSCHLO,EQ,LORDS CHLORO ALKALI LTD  ,Listed    ,29 JUN 2026,              10.00,          28653861,            134.10,     3843055837.30 
29 JUN 2026,LOTUSDEV,EQ,SRI LOTUS DEVLPRS N RTY L,Listed    ,29 JUN 2026,               1.00,         488723710,            152.30,    74442395507.20  
29 JUN 2026,LOTUSEYE,EQ,LOTUS EYE HOSP & INST L  ,Listed    ,29 JUN 2026,              10.00,          20796330,            121.60,     2528625764.70  
29 JUN 2026,LOVABLE,EQ,LOVABLE LINGERIE LTD     ,Listed    ,29 JUN 2026,              10.00,          14800000,             77.20,     1142856000.00   
29 JUN 2026,LOYALTEX,BE,LOYAL TEXTILE MILLS LTD  ,Listed    ,29 JUN 2026,              10.00,           4816446,            220.35,     1061303876.10  
29 JUN 2026,LPDC,EQ,LANDMARK PR.DEV.CO.LTD   ,Listed    ,29 JUN 2026,               1.00,         134143160,              6.45,      862540518.80      
29 JUN 2026,LRRPL,SM,LEAD REC AND RUB PROD LTD,Listed    ,29 JUN 2026,              10.00,           8640675,             93.00,      803582775.00     
29 JUN 2026,LT,EQ,LARSEN & TOUBRO LTD.     ,Listed    ,29 JUN 2026,               2.00,        1375611529,           4165.20,  5729697140590.80        
29 JUN 2026,LTF,EQ,L&T FINANCE LIMITED      ,Listed    ,29 JUN 2026,              10.00,        2504386016,            299.05,   748936638084.80       
29 JUN 2026,LTFOODS,EQ,LT FOODS LIMITED         ,Listed    ,29 JUN 2026,               1.00,         347252944,            374.95,   130202491352.80   
29 JUN 2026,LTM,EQ,LTM LIMITED              ,Listed    ,29 JUN 2026,               1.00,         296493321,           3686.10,  1092904030538.10       
29 JUN 2026,LTTS,EQ,L&T TECHNOLOGY SER. LTD. ,Listed    ,29 JUN 2026,               2.00,         105998143,           3129.80,   331752987961.40      
29 JUN 2026,LUMAXIND,EQ,LUMAX INDUSTRIES LTD     ,Listed    ,29 JUN 2026,              10.00,           9347732,           5198.50,    48594184802.00  
29 JUN 2026,LUMAXTECH,EQ,LUMAX AUTO TECH LTD      ,Listed    ,29 JUN 2026,               2.00,          68157705,           1503.20,   102454662156.00 
29 JUN 2026,LUPIN,EQ,LUPIN LIMITED            ,Listed    ,29 JUN 2026,               2.00,         457043219,           2409.30,  1101154227536.70     
29 JUN 2026,LUXIND,EQ,LUX INDUSTRIES LIMITED   ,Listed    ,29 JUN 2026,               2.00,          30071681,           1222.80,    36771651526.80    
29 JUN 2026,LXCHEM,EQ,LAXMI ORGANIC INDUS LTD  ,Listed    ,29 JUN 2026,               2.00,         277147873,            154.15,    42727887580.40    
29 JUN 2026,LYKALABS,EQ,LYKA LABS LTD            ,Listed    ,29 JUN 2026,              10.00,          35690000,             73.05,     2606797600.00  
29 JUN 2026,LYPSAGEMS,EQ,LYPSA GEMS & JEWEL LTD   ,Listed    ,29 JUN 2026,              10.00,          29484000,              4.75,      140638680.00 
29 JUN 2026,M&M,EQ,MAHINDRA & MAHINDRA LTD  ,Listed    ,29 JUN 2026,               5.00,        1243528831,           3093.00,  3846234674283.00       
29 JUN 2026,M&MFIN,EQ,M&M FIN. SERVICES LTD    ,Listed    ,29 JUN 2026,               2.00,        1389971160,            315.40,   438396903864.00    
29 JUN 2026,MAANALU,EQ,MAAN ALUMINIUM LIMITED   ,Listed    ,29 JUN 2026,               5.00,          59984864,            122.85,     7367940845.10   
29 JUN 2026,MACOBSTECH,SM,MACOBS TECHNOLOGIES LTD  ,Listed    ,29 JUN 2026,              10.00,           9795200,            214.05,     2096662560.00
29 JUN 2026,MACPOWER,EQ,MACPOWER CNC MACHINES LTD,Listed    ,29 JUN 2026,              10.00,          10004160,           1317.95,    13184982672.00  
29 JUN 2026,MADHAV,EQ,MADHAV MARBLE & GRANITE  ,Listed    ,29 JUN 2026,              10.00,           8947000,             35.95,      321555180.00    
29 JUN 2026,MADHAVBAUG,SM,VAIDYA SANE AYUR LAB LTD ,Listed    ,29 JUN 2026,              10.00,          10513450,            175.40,     1844059130.00
29 JUN 2026,MADHAVIPL,EQ,MADHAV INFRA PROJECTS L  ,Permitted ,29 JUN 2026,               1.00,         269581560,              8.55,     2299530706.80 
29 JUN 2026,MADHUCON,BE,MADHUCON PROJECTS LTD.   ,Listed    ,29 JUN 2026,               1.00,          73794940,              6.05,      447197336.40  
29 JUN 2026,MADHUSUDAN,SM,MADHUSUDAN MASALA LIMITED,Listed    ,29 JUN 2026,              10.00,          15240000,            214.75,     3272790000.00
29 JUN 2026,MADRASFERT,EQ,MADRAS FERTILISERS LTD   ,Listed    ,29 JUN 2026,              10.00,         161101300,             67.00,    10793787100.00
29 JUN 2026,MAFATIND,EQ,MAFATLAL INDUSTRIES LTD. ,Permitted ,29 JUN 2026,               2.00,          72163930,            143.70,    10370678380.30  
29 JUN 2026,MAGADSUGAR,EQ,MAGADH SUGAR & ENERGY LTD,Listed    ,29 JUN 2026,              10.00,          14091630,            450.50,     6348279315.00
29 JUN 2026,MAGNUM,EQ,MAGNUM VENTURES LTD.     ,Listed    ,29 JUN 2026,              10.00,          68411317,             19.40,     1327179549.80    
29 JUN 2026,MAGSON,ST,MAGSON RETAIL AND DIST L ,Listed    ,29 JUN 2026,              10.00,          12325168,            170.00,     2095278560.00    
29 JUN 2026,MAHABANK,EQ,BANK OF MAHARASHTRA      ,Listed    ,29 JUN 2026,              10.00,        7691554950,             93.85,   721852432057.50  
29 JUN 2026,MAHAPEXLTD,EQ,MAHA RASHTRA APEX COPR. L,Listed    ,29 JUN 2026,              10.00,          28300200,             47.00,     1330392402.00
29 JUN 2026,MAHASTEEL,EQ,MAHAMAYA STEEL INDS LTD  ,Listed    ,29 JUN 2026,              10.00,          16434400,            816.45,    13417865880.00 
29 JUN 2026,MAHEPC,EQ,MAHINDRA EPC IRRIG LTD   ,Listed    ,29 JUN 2026,              10.00,          27942469,            118.65,     3315653371.55    
29 JUN 2026,MAHESHWARI,BE,MAHESHWARI LOGISTICS LTD.,Listed    ,29 JUN 2026,              10.00,          29597200,             72.35,     2140765476.00
29 JUN 2026,MAHICKRA,SM,MAHICKRA CHEMICAL LIMITED,Listed    ,29 JUN 2026,              10.00,           9775910,            248.80,     2432246408.00  
29 JUN 2026,MAHLIFE,EQ,MAHINDRA LIFESPACE DEVLTD,Listed    ,29 JUN 2026,              10.00,         213342715,            367.05,    78307443540.75   
29 JUN 2026,MAHLOG,EQ,MAHINDRA LOGISTIC LIMITED,Listed    ,29 JUN 2026,              10.00,          99222483,            372.40,    36950452669.20    
29 JUN 2026,MAHSCOOTER,EQ,MAHARASHTRA SCOOTERS LTD ,Listed    ,29 JUN 2026,              10.00,          11428568,          12384.00,   141531386112.00
29 JUN 2026,MAHSEAMLES,EQ,MAHARASHTRA SEAMLESS LTD ,Listed    ,29 JUN 2026,               5.00,         133999252,            619.40,    82999136688.80
29 JUN 2026,MAITHANALL,EQ,MAITHAN ALLOYS LTD       ,Listed    ,29 JUN 2026,              10.00,          29111550,           1003.50,    29213440425.00
29 JUN 2026,MAITREYA,SM,MAITREYA MEDICARE LIMITED,Listed    ,29 JUN 2026,              10.00,           6776000,            139.40,      944574400.00  
29 JUN 2026,MAJESAUT,EQ,MAJESTIC AUTO LTD.       ,Permitted ,29 JUN 2026,              10.00,          10397478,            332.70,     3459240930.60  
29 JUN 2026,MAKS,SM,MAKS ENERGY SOL INDIA LTD,Listed    ,22 JUN 2026,              10.00,           6934790,             23.05,      159846909.50      
29 JUN 2026,MAL,SM,MANGALAM ALLOYS LIMITED  ,Listed    ,29 JUN 2026,              10.00,          24685927,             33.00,      814635591.00       
29 JUN 2026,MALLCOM,EQ,MALLCOM (INDIA) LIMITED  ,Listed    ,29 JUN 2026,              10.00,           6240000,           1011.70,     6313008000.00   
29 JUN 2026,MALUPAPER,EQ,MALU PAPER MILLS LIMITED ,Listed    ,29 JUN 2026,              10.00,          17059250,             30.95,      527983787.50 
29 JUN 2026,MAMATA,EQ,MAMATA MACHINERY LIMITED ,Listed    ,29 JUN 2026,              10.00,          24607800,            414.95,    10211006610.00    
29 JUN 2026,MANAKALUCO,EQ,MANAK ALUMINIUM CO. LTD. ,Listed    ,29 JUN 2026,               1.00,          65534050,             35.90,     2352017054.50
29 JUN 2026,MANAKCOAT,EQ,MAN COAT METAL & IND LTD ,Listed    ,29 JUN 2026,               1.00,         105834050,            108.70,    11506277916.00 
29 JUN 2026,MANAKSIA,EQ,MANAKSIA LTD.            ,Listed    ,29 JUN 2026,               2.00,          65534050,             59.50,     3897965294.00  
29 JUN 2026,MANAKSTEEL,BE,MANAKSIA STEELS LTD      ,Listed    ,29 JUN 2026,               1.00,          65534050,             72.75,     4768257478.00
29 JUN 2026,MANALIPETC,EQ,MANALI PETROCHEMICALS LT ,Listed    ,29 JUN 2026,               5.00,         171999229,             63.50,    10923671033.80
29 JUN 2026,MANAPPURAM,EQ,MANAPPURAM FINANCE LTD   ,Listed    ,29 JUN 2026,               2.00,         846434729,            315.45,   267007835263.05
29 JUN 2026,MANAV,SM,MANAV INFRA PROJECTS LTD ,Listed    ,29 JUN 2026,              10.00,          13160000,             34.75,      457310000.00     
29 JUN 2026,MANBA,EQ,MANBA FINANCE LIMITED    ,Listed    ,29 JUN 2026,              10.00,          50239410,            131.85,     6624568602.60     
29 JUN 2026,MANCREDIT,EQ,MANGAL CREDIT N FINCORP L,Listed    ,29 JUN 2026,              10.00,          21113986,            240.15,     5070312598.05 
29 JUN 2026,MANDEEP,SM,MANDEEP AUTO INDUSTRIES L,Listed    ,24 JUN 2026,              10.00,          11437894,             19.20,      219607564.80   
29 JUN 2026,MANGALAM,EQ,MANGALAM DRUG & CHEM LTD ,Listed    ,29 JUN 2026,              10.00,          15828248,             28.40,      449680525.70  
29 JUN 2026,MANGLMCEM,EQ,MANGALAM CEMENT LTD      ,Listed    ,29 JUN 2026,              10.00,          27497298,            912.20,    25083035235.60 
29 JUN 2026,MANILAM,SM,MANILAM INDUSTRIES IND L ,Listed    ,29 JUN 2026,              10.00,          21848000,             55.40,     1210379200.00   
29 JUN 2026,MANINDS,EQ,MAN INDUSTRIES (I) LTD.  ,Listed    ,29 JUN 2026,               5.00,          75009571,            574.40,    43085497582.40   
29 JUN 2026,MANINFRA,EQ,MAN INFRA LTD            ,Listed    ,29 JUN 2026,               2.00,         403666505,            104.65,    42239663083.20  
29 JUN 2026,MANKIND,EQ,MANKIND PHARMA LIMITED   ,Listed    ,29 JUN 2026,               1.00,         412805072,           2486.00,  1026233408992.00   
29 JUN 2026,MANOMAY,EQ,MANOMAY TEX INDIA LTD    ,Listed    ,29 JUN 2026,              10.00,          18048735,            183.10,     3305084353.20   
29 JUN 2026,MANORAMA,EQ,MANORAMA INDUSTRIES LTD  ,Listed    ,29 JUN 2026,               2.00,          59708530,           1587.10,    94763407963.00  
29 JUN 2026,MANORG,BE,MANGALAM ORGANICS LIMITED,Listed    ,29 JUN 2026,              10.00,           8564440,            545.45,     4671473798.00    
29 JUN 2026,MANUGRAPH,BE,MANUGRAPH INDIA LIMITED  ,Listed    ,29 JUN 2026,               2.00,          30415061,             15.80,      481166265.00 
29 JUN 2026,MANYAVAR,EQ,VEDANT FASHIONS LIMITED  ,Listed    ,29 JUN 2026,               1.00,         242973103,            411.95,   100092769780.85  
29 JUN 2026,MAPMYINDIA,EQ,C.E. INFO SYSTEMS LIMITED,Listed    ,29 JUN 2026,               2.00,          54761056,            817.95,    44791805755.20
29 JUN 2026,MARALOVER,BE,MARAL OVERSEAS LTD       ,Listed    ,29 JUN 2026,              10.00,          41508000,             54.00,     2241432000.00 
29 JUN 2026,MARATHON,EQ,MARATHON NXTGEN REALT LTD,Listed    ,29 JUN 2026,               5.00,          67420546,            401.40,    27062607164.40  
29 JUN 2026,MARC,ST,MARC TECHNOCRATS LIMITED ,Listed    ,29 JUN 2026,              10.00,          17313383,             91.65,     1586771551.95      
29 JUN 2026,MARCO,SM,MARCO CABLE & CONDUCTOR L,Listed    ,29 JUN 2026,              10.00,          18699000,             30.55,      571254450.00     
29 JUN 2026,MARICO,EQ,MARICO LIMITED           ,Listed    ,29 JUN 2026,               1.00,        1298145079,            839.95,  1090376959106.05    
29 JUN 2026,MARINE,EQ,MARINE ELECTRICAL (I) LTD,Listed    ,29 JUN 2026,               2.00,         138294410,            273.00,    37754373930.00    
29 JUN 2026,MARINETRAN,SM,MARINETRANS INDIA LIMITED,Listed    ,24 JUN 2026,              10.00,          12726000,             13.50,      171801000.00
29 JUN 2026,MARKOLINES,EQ,MARKOLINES PAVEMENT TEC L,Listed    ,29 JUN 2026,              10.00,          22040920,            178.75,     3939594040.80
29 JUN 2026,MARKSANS,EQ,MARKSANS PHARMA LIMITED  ,Listed    ,29 JUN 2026,               1.00,         453288438,            263.40,   119396174569.20  
29 JUN 2026,MARSONS,EQ,MARSONS LIMITED          ,Listed    ,29 JUN 2026,               1.00,         172100000,            111.70,    19223570000.00   
29 JUN 2026,MARUSHIKA,SM,MARUSHIKA TECHNOLOGY LTD ,Listed    ,29 JUN 2026,              10.00,           8536768,             98.20,      838310617.60 
29 JUN 2026,MARUTI,EQ,MARUTI SUZUKI INDIA LTD. ,Listed    ,29 JUN 2026,               5.00,         314402574,          13412.00,  4216767322488.00    
29 JUN 2026,MASFIN,EQ,MAS FINANCIAL SERV LTD   ,Listed    ,29 JUN 2026,              10.00,         181453377,            309.85,    56223328863.45    
29 JUN 2026,MASKINVEST,BE,MASK INVESTMENTS LIMITED ,Listed    ,29 JUN 2026,              10.00,           3051500,            146.55,      447197325.00
29 JUN 2026,MASON,SM,MASON INFRATECH LIMITED  ,Listed    ,25 JUN 2026,              10.00,          23940000,            126.00,     3016440000.00     
29 JUN 2026,MASTEK,EQ,MASTEK LTD               ,Listed    ,29 JUN 2026,               5.00,          30997340,           1563.00,    48448842420.00    
29 JUN 2026,MASTER,SM,MASTER COMPONENTS LIMITED,Listed    ,29 JUN 2026,              10.00,           4000000,            346.05,     1384200000.00    
29 JUN 2026,MASTERTR,EQ,MASTER TRUST LIMITED     ,Listed    ,29 JUN 2026,               1.00,         123016000,             75.50,     9290168320.00  
29 JUN 2026,MATRIMONY,EQ,MATRIMONY.COM LIMITED    ,Listed    ,29 JUN 2026,               5.00,          20670293,            396.85,     8203005777.05 
29 JUN 2026,MAWANASUG,BE,MAWANA SUGARS LIMITED    ,Listed    ,29 JUN 2026,              10.00,          39116864,            101.30,     3962147154.55 
29 JUN 2026,MAXESTATES,EQ,MAX ESTATES LIMITED      ,Listed    ,29 JUN 2026,              10.00,         163445483,            423.95,    69292712517.85
29 JUN 2026,MAXHEALTH,EQ,MAX HEALTHCARE INS LTD   ,Listed    ,29 JUN 2026,              10.00,         973135041,           1149.90,  1119007983645.90 
29 JUN 2026,MAXIND,EQ,MAX INDIA LIMITED        ,Listed    ,29 JUN 2026,              10.00,          52522862,            162.40,     8529712788.80    
29 JUN 2026,MAXPOSURE,SM,MAXPOSURE LIMITED        ,Listed    ,29 JUN 2026,              10.00,          22740950,             37.00,      841415150.00 
29 JUN 2026,MAXVOLT,ST,MAXVOLT ENERGY INDUS L   ,Listed    ,29 JUN 2026,              10.00,          10903928,            374.55,     4084066232.40   
29 JUN 2026,MAYASHEEL,SM,MAYASHEEL VENTURES LTD   ,Listed    ,29 JUN 2026,              10.00,          22050000,             38.95,      858847500.00 
29 JUN 2026,MAYURUNIQ,EQ,MAYUR UNIQUOTERS LTD     ,Listed    ,29 JUN 2026,               5.00,          43452600,            816.10,    35461666860.00 
29 JUN 2026,MAZDA,EQ,MAZDA LIMITED            ,Listed    ,29 JUN 2026,               2.00,          20025000,            230.80,     4621970250.00     
29 JUN 2026,MAZDOCK,EQ,MAZAGON DOCK SHIPBUIL LTD,Listed    ,29 JUN 2026,               5.00,         403380000,           2446.80,   986990184000.00   
29 JUN 2026,MBAPL,EQ,MADHYA BHARAT AGRO P. LTD,Listed    ,29 JUN 2026,              10.00,          87626940,            562.25,    49268247015.00     
29 JUN 2026,MBEL,EQ,M AND B ENGINEERING LTD  ,Listed    ,29 JUN 2026,              10.00,          57148215,            308.35,    17621652095.25      
29 JUN 2026,MBLINFRA,BE,MBL INFRASTRUCTURE LTD   ,Listed    ,29 JUN 2026,              10.00,         152529256,             26.00,     3965760656.00  
29 JUN 2026,MCCHRLS-B,EQ,MAC CHARLES (INDIA) LTD. ,Permitted ,29 JUN 2026,              10.00,          13100452,            690.00,     9039311880.00 
29 JUN 2026,MCL,EQ,M TEK COPPER LIMITED     ,Listed    ,29 JUN 2026,               5.00,          27142800,             56.10,     1522982508.00       
29 JUN 2026,MCLEODRUSS,BE,MCLEOD RUSSEL INDIA LTD. ,Listed    ,29 JUN 2026,               5.00,         104455735,             57.00,     5951887780.30
29 JUN 2026,MCLOUD,EQ,MAGELLANIC CLOUD LIMITED ,Listed    ,29 JUN 2026,               2.00,         589067120,             28.50,    16776631577.60    
29 JUN 2026,MCON,SM,MCON RASAYAN INDIA LTD   ,Listed    ,29 JUN 2026,              10.00,           7329090,             45.90,      336405231.00      
29 JUN 2026,MCX,EQ,MULTI COMMODITY EXCHANGE ,Permitted ,29 JUN 2026,               2.00,         254991845,           2914.50,   743173732252.50       
29 JUN 2026,MDL,ST,MARVEL DECOR LIMITED     ,Listed    ,29 JUN 2026,              10.00,          17740140,             76.60,     1358894724.00       
29 JUN 2026,MEDANTA,EQ,GLOBAL HEALTH LIMITED    ,Listed    ,29 JUN 2026,               2.00,         268790382,           1304.70,   350690811395.40   
29 JUN 2026,MEDIASSIST,EQ,MEDI ASSIST HEALTH SER L ,Listed    ,29 JUN 2026,               5.00,          74609427,            362.60,    27053378230.20
29 JUN 2026,MEDICAMEQ,EQ,MEDICAMEN BIOTECH LIMITED,Listed    ,29 JUN 2026,              10.00,          13562815,            241.40,     3274063541.00 
29 JUN 2026,MEDICO,EQ,MEDICO REMEDIES LIMITED  ,Listed    ,29 JUN 2026,               2.00,          82984000,             40.25,     3341765680.00    
29 JUN 2026,MEDIORG,SM,MEDICAMEN ORGANICS LTD   ,Listed    ,29 JUN 2026,              10.00,          11700000,             24.90,      291330000.00   
29 JUN 2026,MEDISTEP,SM,MEDISTEP HEALTHCARE LTD  ,Listed    ,25 JUN 2026,              10.00,          14209546,             19.90,      282769965.40  
29 JUN 2026,MEDPLUS,EQ,MEDPLUS HEALTH SERV LTD  ,Listed    ,29 JUN 2026,               2.00,         120054642,            801.55,    96229798295.10   
29 JUN 2026,MEESHO,EQ,MEESHO LIMITED           ,Listed    ,29 JUN 2026,               1.00,        4513131000,            194.20,   876495171510.00    
29 JUN 2026,MEGAFLEX,SM,MEGA FLEX PLASTICS LTD   ,Listed    ,29 JUN 2026,              10.00,          12131025,            120.65,     1463608166.25  
29 JUN 2026,MEGASTAR,EQ,MEGASTAR FOODS LIMITED   ,Listed    ,29 JUN 2026,              10.00,          11293700,            356.25,     4023380625.00  
29 JUN 2026,MEGATHERM,SM,MEGATHERM INDUCTION LTD  ,Listed    ,29 JUN 2026,              10.00,          18840729,            206.75,     3895320720.75 
29 JUN 2026,MEIL,BE,MANGAL ELECTRICAL IND L  ,Listed    ,29 JUN 2026,              10.00,          27630124,            299.90,     8286274187.60      
29 JUN 2026,MENNPIS,EQ,MENON PISTONS LTD.       ,Permitted ,29 JUN 2026,               1.00,          51000000,             64.35,     3280830000.00   
29 JUN 2026,MENONBE,BE,MENON BEARINGS LIMITED   ,Listed    ,29 JUN 2026,               1.00,          56040000,            161.95,     9074557200.00   
29 JUN 2026,MEP,BZ,MEP INFRA. DEVELOPERS LTD,Listed    ,29 JUN 2026,              10.00,         183446051,              0.75,      133915617.25       
29 JUN 2026,MERCANTILE,EQ,MERCANTILE VENTURES LTD. ,Permitted ,29 JUN 2026,              10.00,         111918195,             24.10,     2694990135.60
29 JUN 2026,MERCURYEV,BE,MERCURY EV-TECH LIMITED  ,Listed    ,29 JUN 2026,               1.00,         189973058,             33.90,     6443886127.35 
29 JUN 2026,METROBRAND,EQ,METRO BRANDS LIMITED     ,Listed    ,29 JUN 2026,               5.00,         272477475,           1025.80,   279507393855.00
29 JUN 2026,METROGLOBL,EQ,METROGLOBAL LTD.         ,Permitted ,29 JUN 2026,              10.00,          12334375,            129.05,     1591504406.25
29 JUN 2026,METROPOLIS,EQ,METROPOLIS HEALTHCARE LTD,Listed    ,29 JUN 2026,               2.00,         207327768,            523.80,   108598284878.40
29 JUN 2026,MFML,EQ,MAHALAXMI FABRIC MILLS LT,Listed    ,29 JUN 2026,              10.00,          10620275,             23.35,      247771015.75      
29 JUN 2026,MFSL,EQ,MAX FINANCIAL SERV LTD   ,Listed    ,29 JUN 2026,               2.00,         345114771,           1601.50,   552701305756.50      
29 JUN 2026,MGEL,BE,MANGALAM GLOBAL ENT LTD  ,Listed    ,29 JUN 2026,               1.00,         329555600,             16.00,     5272889600.00      
29 JUN 2026,MGL,EQ,MAHANAGAR GAS LTD.       ,Listed    ,29 JUN 2026,              10.00,          98777778,           1142.10,   112814100253.80       
29 JUN 2026,MGSL,SM,MATRIX GEO SOLUTIONS LTD ,Listed    ,29 JUN 2026,              10.00,          14581832,             65.30,      952193629.60      
29 JUN 2026,MHHL,SM,MOHINI HEALTH&HYGIENE LTD,Listed    ,25 JUN 2026,              10.00,          18235900,             35.35,      644639065.00      
29 JUN 2026,MHLXMIRU,EQ,MAHALAXMI RUBTECH LIMITED,Listed    ,29 JUN 2026,              10.00,          10620275,            110.10,     1169504683.00  
29 JUN 2026,MHRIL,EQ,MAHINDRA HOLIDAYS LTD    ,Listed    ,29 JUN 2026,              10.00,         202043402,            240.80,    48652051201.60     
29 JUN 2026,MICEL,EQ,MIC ELECTRONICS LTD      ,Listed    ,29 JUN 2026,               2.00,         241011560,             39.70,     9565748816.40     
29 JUN 2026,MICROPRO,SM,MICROPRO SOFTWARE SOL L  ,Listed    ,25 JUN 2026,              10.00,          14299400,             19.25,      275263450.00  
29 JUN 2026,MIDHANI,EQ,MISHRA DHATU NIGAM LTD   ,Listed    ,29 JUN 2026,              10.00,         187340000,            414.60,    77671164000.00   
29 JUN 2026,MIDWESTLTD,EQ,MIDWEST LIMITED          ,Listed    ,29 JUN 2026,               5.00,          36160816,           1245.30,    45031064164.80
29 JUN 2026,MIEL,SM,MANGLAM INFRA & ENG LTD  ,Listed    ,29 JUN 2026,              10.00,          17596700,             13.40,      235795780.00      
29 JUN 2026,MILTON,SM,MILTON INDUSTRIES LIMITED,Listed    ,29 JUN 2026,              10.00,          16995000,             38.00,      645810000.00    
29 JUN 2026,MINDACORP,EQ,MINDA CORPORATION LTD    ,Listed    ,29 JUN 2026,               2.00,         239079428,            672.40,   160757007387.20 
29 JUN 2026,MINDPOOL,SM,MINDPOOL TECHNOLOGIES LTD,Listed    ,11 SEP 2025,              10.00,           4237500,             71.10,      301286250.00  
29 JUN 2026,MINDSPACE,RR,MINDSPACE BUSINESS P REIT,Listed    ,29 JUN 2026,             275.00,         648342976,            468.15,   303508797354.90 
29 JUN 2026,MINDTECK,EQ,MINDTECK (INDIA) LIMITED ,Listed    ,29 JUN 2026,              10.00,          31954221,            203.45,     6501086262.45  
29 JUN 2026,MIRZAINT,EQ,MIRZA INTERNATIONAL LIMIT,Listed    ,29 JUN 2026,               2.00,         138201900,             35.05,     4845358614.00  
29 JUN 2026,MITCON,BE,MITCON CON & ENG SER LTD ,Listed    ,29 JUN 2026,              10.00,          17418418,             82.30,     1433535801.40    
29 JUN 2026,MITTAL,EQ,MITTAL LIFE STYLE LIMITED,Listed    ,29 JUN 2026,               1.00,         224016720,              0.95,      210575716.80    
29 JUN 2026,MKPL,EQ,M K PROTEINS LIMITED     ,Listed    ,29 JUN 2026,               1.00,         375372000,              4.75,     1786770720.00      
29 JUN 2026,MMEL,ST,MOVING MEDIA ENTER LTD   ,Listed    ,29 JUN 2026,              10.00,          18806336,             34.20,      643176691.20      
29 JUN 2026,MMFL,EQ,MM FORGINGS LTD          ,Listed    ,29 JUN 2026,              10.00,          48281600,            456.25,    22028480000.00      
29 JUN 2026,MMP,EQ,MMP INDUSTRIES LIMITED   ,Listed    ,29 JUN 2026,              10.00,          25402613,            273.30,     6942534132.90       
29 JUN 2026,MMTC,EQ,MMTC LIMITED             ,Listed    ,29 JUN 2026,               1.00,        1500000000,             66.75,   100125000000.00      
29 JUN 2026,MMWL,BE,MEDIA MATRIX WORLDWIDE L ,Permitted ,29 JUN 2026,               1.00,        1132742219,             13.30,    15042816668.30      
29 JUN 2026,MOBIKWIK,EQ,ONE MOBIKWIK SYSTEMS LTD ,Listed    ,29 JUN 2026,               2.00,          78730262,            200.15,    15757074636.70  
29 JUN 2026,MOBILISE,ST,MOBILISE APP LAB LIMITED ,Listed    ,29 JUN 2026,              10.00,           9512000,             95.10,      904591200.00  
29 JUN 2026,MODINATUR,BE,MODI NATURALS LIMITED    ,Listed    ,29 JUN 2026,              10.00,          13306397,            419.80,     5586025460.60 
29 JUN 2026,MODIRUBBER,EQ,MODI RUBBER LTD          ,Listed    ,29 JUN 2026,              10.00,          25040532,            129.10,     3232231870.55
29 JUN 2026,MODIS,EQ,MODIS NAVNIRMAN LTD      ,Listed    ,29 JUN 2026,              10.00,          19591200,            337.55,     6613009560.00     
29 JUN 2026,MODISONLTD,BE,MODISON LIMITED          ,Listed    ,29 JUN 2026,               1.00,          32450000,            308.15,     9999467500.00
29 JUN 2026,MODTHREAD,EQ,MODERN THREADS INDIA LTD ,Listed    ,29 JUN 2026,              10.00,          34775160,             46.60,     1620870207.60 
29 JUN 2026,MOHITIND,EQ,MOHIT INDUSTRIES LTD     ,Listed    ,29 JUN 2026,              10.00,          14157575,             24.45,      346435860.25  
29 JUN 2026,MOIL,EQ,MOIL LIMITED             ,Listed    ,29 JUN 2026,              10.00,         203485211,            280.05,    56986033340.55      
29 JUN 2026,MOKSH,EQ,MOKSH ORNAMENTS LIMITED  ,Listed    ,29 JUN 2026,               2.00,          88248967,             12.40,     1094287190.80     
29 JUN 2026,MOL,EQ,MEGHMANI ORGANICS LIMITED,Listed    ,29 JUN 2026,               1.00,         254314211,             48.25,    12273203822.85       
29 JUN 2026,MOLDTECH,EQ,MOLD-TEK TECHNOLOGIES LTD,Listed    ,29 JUN 2026,               2.00,          28805118,            134.20,     3865358784.40  
29 JUN 2026,MOLDTKPAC,EQ,MOLD-TEK PACKAGING LTD   ,Listed    ,29 JUN 2026,               5.00,          33120639,            707.75,    23441132252.25 
29 JUN 2026,MONARCH,EQ,MONARCH NETWORTH CAP LTD ,Listed    ,29 JUN 2026,              10.00,          73907387,            338.50,    25017650499.50   
29 JUN 2026,MONEYBOXX,EQ,MONEYBOXX FINANCE LIMITED,Listed    ,29 JUN 2026,              10.00,          69809200,             64.70,     4517353332.00 
29 JUN 2026,MONOLITH,SM,MONOLITHISCH INDIA LTD   ,Listed    ,29 JUN 2026,              10.00,          21736000,            774.40,    16832358400.00  
29 JUN 2026,MONOPHARMA,SM,MONO PHARMACARE LIMITED  ,Listed    ,29 JUN 2026,              10.00,          17668564,             11.10,      196121060.40
29 JUN 2026,MONTECARLO,EQ,MONTE CARLO FASHIONS LTD.,Listed    ,29 JUN 2026,              10.00,          20732064,            551.35,    11430623486.40
29 JUN 2026,MORARJEE,BZ,MORARJEE TEXTILES LIMITED,Listed    ,25 JUN 2026,               7.00,          36332349,              8.85,      320814641.65  
29 JUN 2026,MOREPENLAB,EQ,MOREPEN LAB. LTD         ,Listed    ,29 JUN 2026,               2.00,         547953699,             54.65,    29951149187.35
29 JUN 2026,MOS,ST,MOS UTILITY LIMITED      ,Listed    ,29 JUN 2026,               2.00,         257440410,             12.40,     3192261084.00       
29 JUN 2026,MOSCHIP,EQ,MOSCHIP TECHNOLOGIES LTD ,Listed    ,29 JUN 2026,               2.00,         193561848,            201.80,    39056909689.45   
29 JUN 2026,MOTHERSON,EQ,SAMVRDHNA MTHRSN INTL LTD,Listed    ,29 JUN 2026,               1.00,       10554442601,            150.55,  1589076878006.55 
29 JUN 2026,MOTILALOFS,EQ,MOTILAL OSWAL FIN LTD    ,Listed    ,29 JUN 2026,               1.00,         601860072,            947.65,   570352697230.80
29 JUN 2026,MOTISONS,EQ,MOTISONS JEWELLERS LTD   ,Listed    ,29 JUN 2026,               1.00,         984460000,             14.00,    13762750800.00  
29 JUN 2026,MOTOGENFIN,BE,MOTOR & GENERAL FINANCE L,Listed    ,29 JUN 2026,               5.00,          38727190,             29.05,     1125024869.50
29 JUN 2026,MOXSH,ST,MOXSH OVERSEAS EDUCON LTD,Listed    ,29 JUN 2026,              10.00,           9340800,            119.50,     1116225600.00     
29 JUN 2026,MPEL,ST,MANAS POLYMER N ENERGIE L,Listed    ,29 JUN 2026,              10.00,           7776000,             45.10,      350697600.00      
29 JUN 2026,MPHASIS,EQ,MPHASIS LIMITED          ,Listed    ,29 JUN 2026,              10.00,         190819570,           2207.80,   421291446646.00   
29 JUN 2026,MPSLTD,EQ,MPS LIMITED              ,Listed    ,29 JUN 2026,              10.00,          17105816,           1883.80,    32223936180.80    
29 JUN 2026,MPTODAY,SM,M P TODAY MEDIA LIMITED  ,Listed    ,05 JUN 2026,              10.00,           4568000,             46.00,      210128000.00   
29 JUN 2026,MRF,EQ,MRF LTD                  ,Listed    ,29 JUN 2026,              10.00,           4241143,         124050.00,   526113789150.00       
29 JUN 2026,MRIL,ST,MAHENDRA REALTO & INFRA L,Listed    ,29 JUN 2026,              10.00,          22103900,             72.25,     1597006775.00      
29 JUN 2026,MRPL,EQ,MRPL                     ,Listed    ,29 JUN 2026,              10.00,        1752598777,            149.20,   261470211540.65      
29 JUN 2026,MSPL,EQ,MSP STEEL & POWER LTD.   ,Listed    ,29 JUN 2026,              10.00,         566796645,             41.25,    23380361606.25      
29 JUN 2026,MSTCLTD,EQ,MSTC LIMITED             ,Listed    ,29 JUN 2026,              10.00,          70400000,            690.85,    48635840000.00   
29 JUN 2026,MSUMI,EQ,MOTHERSON SUMI WRNG IND L,Listed    ,29 JUN 2026,               1.00,        6631661898,             39.85,   264338043254.30     
29 JUN 2026,MTARTECH,BE,MTAR TECHNOLOGIES LIMITED,Listed    ,29 JUN 2026,              10.00,          30759591,           7578.00,   233096180598.00  
29 JUN 2026,MTEDUCARE,BE,MT EDUCARE LTD           ,Listed    ,29 JUN 2026,              10.00,          72228054,              2.40,      174069610.15 
29 JUN 2026,MTNL,EQ,MAHANAGAR TELEPHONE NIGAM,Listed    ,29 JUN 2026,              10.00,         630000000,             29.70,    18698400000.00      
29 JUN 2026,MUFIN,EQ,MUFIN GREEN FINANCE LTD  ,Listed    ,29 JUN 2026,               1.00,         173231423,            127.35,    22064486347.50     
29 JUN 2026,MUFTI,EQ,CREDO BRANDS MARKETING L ,Listed    ,29 JUN 2026,               2.00,          65370103,             86.90,     5681315651.75     
29 JUN 2026,MUKANDLTD,EQ,MUKAND LTD.              ,Listed    ,29 JUN 2026,              10.00,         144495563,            131.10,    18944813264.95 
29 JUN 2026,MUKKA,EQ,MUKKA PROTEINS LIMITED   ,Listed    ,29 JUN 2026,               1.00,         300000000,             23.55,     7065000000.00     
29 JUN 2026,MUKTAARTS,BE,MUKTA ARTS LIMITED       ,Listed    ,29 JUN 2026,               5.00,          22585200,             59.40,     1341560880.00 
29 JUN 2026,MUNISH,ST,MUNISH FORGE LIMITED     ,Listed    ,29 JUN 2026,              10.00,          24070263,             71.00,     1708988673.00    
29 JUN 2026,MUNJALAU,EQ,MUNJAL AUTO IND. LTD.    ,Listed    ,29 JUN 2026,               2.00,         100000000,             92.60,     9262000000.00  
29 JUN 2026,MUNJALSHOW,EQ,MUNJAL SHOWA LTD         ,Listed    ,29 JUN 2026,               2.00,          39995000,            126.90,     5074565600.00
29 JUN 2026,MURUDCERA,EQ,MURUDESHWAR CERAMICS LTD ,Listed    ,29 JUN 2026,              10.00,          60545260,             32.15,     1947135561.60 
29 JUN 2026,MUTHOOTCAP,EQ,MUTHOOT CAP SERV LTD     ,Listed    ,29 JUN 2026,              10.00,          16447533,            199.15,     3275197246.30
29 JUN 2026,MUTHOOTFIN,EQ,MUTHOOT FINANCE LIMITED  ,Listed    ,29 JUN 2026,              10.00,         401468476,           3021.20,  1212916559691.20
29 JUN 2026,MUTHOOTMF,EQ,MUTHOOT MICROFIN LIMITED ,Listed    ,29 JUN 2026,              10.00,         170492176,            207.65,    35406110189.90 
29 JUN 2026,MVGJL,EQ,MANOJ VAIBHAV GEM N JEW L,Listed    ,29 JUN 2026,              10.00,          48847441,            141.75,     6925101710.55     
29 JUN 2026,MVKAGRO,SM,M.V.K. AGRO FOOD PROD LTD,Listed    ,29 JUN 2026,              10.00,          50503900,            374.85,    18931386915.00   
29 JUN 2026,MWL,EQ,MANGALAM WORLDWIDE LTD   ,Listed    ,29 JUN 2026,              10.00,          29700674,            368.95,    10958063672.30       
29 JUN 2026,MYMUDRA,SM,MY MUDRA FINCORP LIMITED ,Listed    ,29 JUN 2026,              10.00,          11391800,             76.00,      865776800.00   
29 JUN 2026,NACLIND,EQ,NACL INDUSTRIES LIMITED  ,Listed    ,29 JUN 2026,               1.00,         234013331,            202.15,    47301114595.05   
29 JUN 2026,NAGAFERT,BZ,NAGARJUN FERT AND CHE LTD,Listed    ,29 JUN 2026,               1.00,         598065003,              3.20,     1907827359.55  
29 JUN 2026,NAGREEKCAP,BE,NAGREEKA CAP & INFR.LTD  ,Listed    ,29 JUN 2026,               5.00,          12615300,             24.85,      313616358.00
29 JUN 2026,NAGREEKEXP,EQ,NAGREEKA EXPORTS LTD.    ,Listed    ,29 JUN 2026,               5.00,          31249250,             26.15,      816855395.00
29 JUN 2026,NAHARCAP,EQ,NAHAR CAP & FIN.         ,Listed    ,29 JUN 2026,               5.00,          16746167,            248.00,     4153049416.00  
29 JUN 2026,NAHARINDUS,EQ,NAHAR INDS ENT LTD       ,Listed    ,29 JUN 2026,              10.00,          43205581,            116.60,     5038634856.20
29 JUN 2026,NAHARPOLY,EQ,NAHAR POLY FILMS LIMITED ,Listed    ,29 JUN 2026,               5.00,          24587991,            250.05,     6148227149.55 
29 JUN 2026,NAHARSPING,BE,NAHAR SPINNING MILLS LTD.,Listed    ,29 JUN 2026,               5.00,          36065303,            256.00,     9232717568.00
29 JUN 2026,NAM-INDIA,EQ,NIPPON L I A M LTD       ,Listed    ,29 JUN 2026,              10.00,         637355305,           1167.30,   743984847526.50 
29 JUN 2026,NAMAN,SM,NAMAN INDUSTRE PRXIMA LTD,Listed    ,29 JUN 2026,              10.00,          13065980,             47.00,      614101060.00     
29 JUN 2026,NAMOEWASTE,ST,NAMO EWASTE MANAGEMENT L ,Listed    ,29 JUN 2026,              10.00,          22867515,            301.40,     6892269021.00
29 JUN 2026,NARMADA,EQ,NARMADA AGROBASE LIMITED ,Listed    ,29 JUN 2026,              10.00,          37936399,             39.95,     1515938504.05   
29 JUN 2026,NATCAPSUQ,EQ,NATURAL CAPSULES LIMITED ,Listed    ,29 JUN 2026,              10.00,          10386154,            151.55,     1574125500.25 
29 JUN 2026,NATCOPHARM,EQ,NATCO PHARMA LTD.        ,Listed    ,29 JUN 2026,               2.00,         179109870,            919.50,   164691525465.00
29 JUN 2026,NATHBIOGEN,EQ,NATH BIO-GENES (I) LTD   ,Listed    ,29 JUN 2026,              10.00,          19004000,            165.15,     3138890680.00
29 JUN 2026,NATIONALUM,EQ,NATIONAL ALUMINIUM CO LTD,Listed    ,29 JUN 2026,               5.00,        1836631787,            347.40,   638045882803.80
29 JUN 2026,NATIONSTD,EQ,NATIONAL STAND (INDIA) L ,Permitted ,29 JUN 2026,              10.00,          20000000,           1287.90,    25758000000.00 
29 JUN 2026,NAUKRI,EQ,INFO EDGE (I) LTD        ,Listed    ,29 JUN 2026,               2.00,         648420600,            986.80,   639861448080.00    
29 JUN 2026,NAVA,EQ,NAVA LIMITED             ,Listed    ,29 JUN 2026,               1.00,         283001276,            599.15,   169560214515.40      
29 JUN 2026,NAVINFLUOR,EQ,NAVIN FLUORINE INT. LTD  ,Listed    ,29 JUN 2026,               2.00,          51231974,           7486.50,   383548173351.00
29 JUN 2026,NAVKARCORP,EQ,NAVKAR CORPORATION LTD.  ,Listed    ,29 JUN 2026,              10.00,         150519181,            106.80,    16076953722.60
29 JUN 2026,NAVKARURB,BE,NAVKAR URBANSTRUCTURE LTD,Listed    ,29 JUN 2026,               1.00,        1122090422,              1.05,     1178194943.10 
29 JUN 2026,NAVNETEDUL,EQ,NAVNEET EDUCATION LTD    ,Listed    ,29 JUN 2026,               2.00,         221213181,            141.15,    31219816234.55
29 JUN 2026,NAZARA,EQ,NAZARA TECHNOLOGIES LTD  ,Listed    ,29 JUN 2026,               2.00,         370465024,            303.75,   112528751040.00    
29 JUN 2026,NBCC,EQ,NBCC (INDIA) LIMITED     ,Listed    ,29 JUN 2026,               1.00,        2700000000,            104.35,   281745000000.00      
29 JUN 2026,NBIFIN,EQ,N.B.I. IND. FIN. CO. LTD ,Listed    ,29 JUN 2026,               5.00,           2954850,           1922.50,     5680699125.00    
29 JUN 2026,NCC,EQ,NCC LIMITED              ,Listed    ,29 JUN 2026,               2.00,         627846588,            149.95,    94139317404.70       
29 JUN 2026,NCLIND,EQ,NCL INDUSTRIES LIMITED   ,Listed    ,29 JUN 2026,              10.00,          45232790,            194.20,     8784207818.00    
29 JUN 2026,NDGL,EQ,NAGA DHUNSERI GROUP LTD  ,Listed    ,29 JUN 2026,              10.00,           1000000,           2521.40,     2521400000.00      
29 JUN 2026,NDL,EQ,NANDAN DENIM LIMITED     ,Listed    ,29 JUN 2026,               1.00,        1441471680,              2.35,     3387458448.00       
29 JUN 2026,NDLVENTURE,EQ,NDL VENTURES LIMITED     ,Listed    ,29 JUN 2026,              10.00,          33671621,            130.15,     4382361473.15
29 JUN 2026,NDRAUTO,EQ,NDR AUTO COMPONENTS LTD  ,Listed    ,29 JUN 2026,              10.00,          23785304,            814.20,    19365994516.80   
29 JUN 2026,NDRINVIT,IV,NDR INVIT TRUST          ,Listed    ,24 JUN 2026,             100.00,         396012214,            140.00,    55441709960.00  
29 JUN 2026,NDTV,EQ,NDTV LTD                 ,Listed    ,29 JUN 2026,               4.00,         112824717,             80.35,     9067722505.30      
29 JUN 2026,NEAGI,EQ,NEELAMALAI AGRO INDS. L  ,Permitted ,29 JUN 2026,              10.00,            622062,           3100.00,     1928392200.00     
29 JUN 2026,NECCLTD,EQ,NORTH EAST CARRY CORP LTD,Listed    ,29 JUN 2026,              10.00,         100000000,             15.85,     1586000000.00   
29 JUN 2026,NECLIFE,BE,NECTAR LIFESCIENCES LTD. ,Listed    ,29 JUN 2026,               1.00,         194260970,             11.65,     2267025519.90   
29 JUN 2026,NEELAM,SM,NEELAM LINENS & GAR (I) L,Listed    ,24 JUN 2026,              10.00,          20218000,             10.85,      219365300.00    
29 JUN 2026,NELCAST,EQ,NELCAST LIMITED          ,Listed    ,29 JUN 2026,               2.00,          87001200,            136.15,    11846083392.00   
29 JUN 2026,NELCO,EQ,NELCO LTD                ,Listed    ,29 JUN 2026,              10.00,          22818400,            889.25,    20291262200.00     
29 JUN 2026,NEOCHEM,ST,NEOCHEM BIO SOLUTIONS LTD,Listed    ,29 JUN 2026,              10.00,          17120753,             98.80,     1691530396.40   
29 JUN 2026,NEOGEN,EQ,NEOGEN CHEMICALS LIMITED ,Listed    ,29 JUN 2026,              10.00,          26381674,           1882.30,    49658224970.20    
29 JUN 2026,NEPHROCARE,ST,NEPHRO CARE INDIA LIMITED,Listed    ,29 JUN 2026,              10.00,          16486400,             64.35,     1060899840.00
29 JUN 2026,NEPHROPLUS,EQ,NEPHROCARE HEALTH SERV L ,Listed    ,29 JUN 2026,               2.00,         100340717,            658.20,    66044259929.40
29 JUN 2026,NEPTUNE,SM,NEPTUNE PETROCHEMICALS L ,Listed    ,29 JUN 2026,              10.00,          22653500,            186.00,     4213551000.00   
29 JUN 2026,NESCO,EQ,NESCO LTD.               ,Listed    ,29 JUN 2026,               2.00,          70459960,           1093.70,    77062058252.00     
29 JUN 2026,NESTLEIND,EQ,NESTLE INDIA LIMITED     ,Listed    ,29 JUN 2026,               1.00,        1928314320,           1387.30,  2675150456136.00 
29 JUN 2026,NETWEB,EQ,NETWEB TECH INDIA LTD    ,Listed    ,29 JUN 2026,               2.00,          56940687,           4454.80,   253659372447.60    
29 JUN 2026,NETWORK18,EQ,NETWORK18 MEDIA & INV LTD,Listed    ,29 JUN 2026,               5.00,        1542000018,             31.40,    48418800565.20 
29 JUN 2026,NEUEON,BE,NEUEON CORPORATION LTD   ,Listed    ,29 JUN 2026,               1.00,         565445520,             18.80,    10630375776.00    
29 JUN 2026,NEULANDLAB,EQ,NEULAND LAB LTD.         ,Listed    ,29 JUN 2026,              10.00,          12829889,          18088.00,   232067032232.00
29 JUN 2026,NEWGEN,EQ,NEWGEN SOFTWARE TECH LTD ,Listed    ,29 JUN 2026,              10.00,         142317787,            468.25,    66640303762.75    
29 JUN 2026,NEWJAISA,ST,NEWJAISA TECHNOLOGIES LTD,Listed    ,29 JUN 2026,               5.00,          35774694,             17.65,      631423349.10  
29 JUN 2026,NEXTMEDIA,EQ,NEXT MEDIAWORKS LIMITED  ,Listed    ,29 JUN 2026,              10.00,          66892908,              4.00,      266233773.85 
29 JUN 2026,NFL,EQ,NATIONAL FERT. LTD       ,Listed    ,29 JUN 2026,              10.00,         490578400,             74.45,    36518656096.00       
29 JUN 2026,NFPSAMPOOR,SM,NFP SAMPOORNA FOODS LTD  ,Listed    ,29 JUN 2026,              10.00,          12634128,             22.85,      288689824.80
29 JUN 2026,NGIL,BE,NAKODA GROUP OF IND. LTD ,Listed    ,29 JUN 2026,              10.00,          17538052,             37.95,      665569073.40      
29 JUN 2026,NGLFINE,EQ,NGL FINE CHEM LIMITED    ,Listed    ,29 JUN 2026,               5.00,           6178024,           3083.40,    19049319201.60   
29 JUN 2026,NH,EQ,NARAYANA HRUDAYALAYA LTD.,Listed    ,29 JUN 2026,              10.00,         204360804,           1902.90,   388878173931.60        
29 JUN 2026,NHIT,IV,NATIONAL HIGHW INFRA TRUS,Listed    ,29 JUN 2026,             100.00,        2138550600,            167.90,   359062645740.00      
29 JUN 2026,NHPC,EQ,NHPC LTD                 ,Listed    ,29 JUN 2026,              10.00,       10045034805,             81.55,   819373489043.85      
29 JUN 2026,NIACL,EQ,THE NEW INDIA ASSU CO LTD,Listed    ,29 JUN 2026,               5.00,        1648000000,            181.40,   298930720000.00     
29 JUN 2026,NIBE,EQ,NIBE LIMITED             ,Listed    ,29 JUN 2026,              10.00,          14501273,           1642.10,    23812540393.30      
29 JUN 2026,NIBL,EQ,NRB INDUS. BEARINGS LTD. ,Listed    ,29 JUN 2026,               2.00,          24230650,             30.20,      731765630.00      
29 JUN 2026,NIDAN,SM,NIDAN LABS AND HEALTH LTD,Listed    ,29 JUN 2026,              10.00,          13900000,             13.25,      184175000.00     
29 JUN 2026,NIITLTD,EQ,NIIT LIMITED             ,Listed    ,29 JUN 2026,               2.00,         136383759,             96.20,    13121481453.40   
29 JUN 2026,NIITMTS,EQ,NIIT LEARNING SYSTEMS LTD,Listed    ,29 JUN 2026,               2.00,         137520439,            227.45,    31281774259.35   
29 JUN 2026,NIKITA,SM,NIKITA GRENTEC RECYCL LTD,Listed    ,29 JUN 2026,              10.00,          24667900,             91.60,     2259579640.00    
29 JUN 2026,NILAINFRA,EQ,NILA INFRASTRUCTURES LTD ,Listed    ,29 JUN 2026,               1.00,         393889200,              7.55,     2965985676.00 
29 JUN 2026,NILASPACES,EQ,NILA SPACES LIMITED      ,Listed    ,29 JUN 2026,               1.00,         393889200,             12.65,     4986637272.00
29 JUN 2026,NILE,EQ,NILE LTD.                ,Permitted ,29 JUN 2026,              10.00,           3001900,           1714.80,     5147658120.00      
29 JUN 2026,NILKAMAL,EQ,NILKAMAL LIMITED         ,Listed    ,29 JUN 2026,              10.00,          14922525,           1264.70,    18872517367.50  
29 JUN 2026,NIMBSPROJ,BE,NIMBUS PROJECTS LIMITED  ,Listed    ,29 JUN 2026,              10.00,          19318735,            205.00,     3959954300.30 
29 JUN 2026,NINSYS,BE,NINTEC SYSTEMS LIMITED   ,Listed    ,29 JUN 2026,              10.00,          18576000,            808.05,    15010336800.00    
29 JUN 2026,NIPPOBATRY,EQ,INDO-NATIONAL LIMITED    ,Listed    ,29 JUN 2026,               5.00,           7500000,            346.75,     2600625000.00
29 JUN 2026,NIRAJ,BE,NIRAJ CEMENT STRUC LTD   ,Listed    ,29 JUN 2026,              10.00,          59694340,             30.15,     1799187407.60     
29 JUN 2026,NIRAJISPAT,EQ,NIRAJ ISPAT IND LTD      ,Listed    ,25 JUN 2026,              10.00,            600000,            203.00,      121800000.00
29 JUN 2026,NIRLON,EQ,NIRLON LTD               ,Permitted ,29 JUN 2026,              10.00,          90118040,            619.70,    55846149388.00    
29 JUN 2026,NIRMAN,SM,NIRMAN AGRI GENTICS LTD  ,Listed    ,29 JUN 2026,              10.00,           8009676,             43.25,      346418487.00    
29 JUN 2026,NITCO,EQ,NITCO LIMITED            ,Listed    ,29 JUN 2026,              10.00,         229116105,            107.05,    24522296718.15     
29 JUN 2026,NITINSPIN,EQ,NITIN SPINNERS LIMITED   ,Listed    ,29 JUN 2026,              10.00,          56220000,            559.95,    31480389000.00 
29 JUN 2026,NITIRAJ,EQ,NITIRAJ ENGINEERS LTD    ,Listed    ,29 JUN 2026,              10.00,          10251000,            185.05,     1896742530.00   
29 JUN 2026,NITTAGELA,EQ,NITTA GELATIN INDIA LTD. ,Permitted ,29 JUN 2026,              10.00,           9079160,           1652.80,    15006035648.00 
29 JUN 2026,NIVABUPA,EQ,NIVA BUPA HEALTH INS CO L,Listed    ,29 JUN 2026,              10.00,        1847456771,             84.60,   156331791962.00  
29 JUN 2026,NKIND,EQ,NK INDUSTRIES LTD        ,Listed    ,29 JUN 2026,              10.00,           6009900,             62.00,      372613800.00     
29 JUN 2026,NLCINDIA,EQ,NLC INDIA LIMITED        ,Listed    ,29 JUN 2026,              10.00,        1386636609,            327.75,   454470148599.75  
29 JUN 2026,NMDC,EQ,NMDC LTD.                ,Listed    ,29 JUN 2026,               1.00,        8791817550,             85.45,   751260809647.50      
29 JUN 2026,NMSTEEL,SM,NEWMALAYALAM STEEL LTD   ,Listed    ,25 JUN 2026,              10.00,          17287600,             23.30,      402801080.00   
29 JUN 2026,NOCIL,EQ,NOCIL LIMITED            ,Listed    ,29 JUN 2026,              10.00,         167024930,            182.55,    30492071220.80     
29 JUN 2026,NOIDATOLL,BE,NOIDA TOLL BRIDGE CO LTD ,Listed    ,29 JUN 2026,              10.00,         186195002,              4.75,      880702359.45 
29 JUN 2026,NORBTEAEXP,EQ,NORBEN TEA & EXPORTS LTD ,Listed    ,29 JUN 2026,              10.00,          15544100,             70.50,     1095859050.00
29 JUN 2026,NORTHARC,EQ,NORTHERN ARC CAPITAL LTD ,Listed    ,29 JUN 2026,              10.00,         161571875,            292.60,    47275930625.00  
29 JUN 2026,NOVAAGRI,BE,NOVA AGRITECH LIMITED    ,Listed    ,29 JUN 2026,               2.00,          92519813,             24.45,     2263959824.10  
29 JUN 2026,NOVARTIND,EQ,NOVARTIS INDIA LIMITED   ,Permitted ,29 JUN 2026,               5.00,          24690797,           1440.00,    35554747680.00 
29 JUN 2026,NPST,EQ,NETWORK PEOPLE SRV TECH L,Listed    ,29 JUN 2026,              10.00,          20850650,           1583.40,    33014919210.00      
29 JUN 2026,NRAIL,EQ,N R AGARWAL INDS LTD     ,Listed    ,29 JUN 2026,              10.00,          17019100,            433.25,     7373525075.00     
29 JUN 2026,NRBBEARING,EQ,NRB BEARING LIMITED      ,Listed    ,29 JUN 2026,               2.00,          96922600,            429.80,    41657333480.00
29 JUN 2026,NRL,BE,NUPUR RECYCLERS LIMITED  ,Listed    ,29 JUN 2026,              10.00,          69068995,             83.90,     5795579370.45       
29 JUN 2026,NRVANDANA,ST,N R VANDANA TEX IND LTD  ,Listed    ,29 JUN 2026,              10.00,          23294809,             70.00,     1630636630.00 
29 JUN 2026,NSIL,EQ,NALWA SONS INVESTMENT LTD,Listed    ,29 JUN 2026,              10.00,           5136163,           5457.50,    28030609572.50      
29 JUN 2026,NSLNISP,EQ,NMDC STEEL LIMITED       ,Listed    ,29 JUN 2026,              10.00,        2930605850,             43.10,   126367724252.00   
29 JUN 2026,NTPC,EQ,NTPC LTD                 ,Listed    ,29 JUN 2026,              10.00,        9696666134,            356.10,  3452982810317.40      
29 JUN 2026,NTPCGREEN,EQ,NTPC GREEN ENERGY LIMITED,Listed    ,29 JUN 2026,              10.00,        8426329669,             94.45,   796035363830.45 
29 JUN 2026,NUCLEUS,EQ,NUCLEUS SOFTWARE EXPORTS ,Listed    ,29 JUN 2026,              10.00,          26325306,            758.00,    19954581948.00   
29 JUN 2026,NURECA,EQ,NURECA LIMITED           ,Listed    ,29 JUN 2026,              10.00,           9541920,            234.80,     2240442816.00    
29 JUN 2026,NUVAMA,EQ,NUVAMA WEALTH MANAGE LTD ,Listed    ,29 JUN 2026,               2.00,         182041513,           1771.20,   322431927825.60    
29 JUN 2026,NUVOCO,EQ,NUVOCO VISTAS CORP LTD   ,Listed    ,29 JUN 2026,              10.00,         357156153,            304.15,   108629043934.95    
29 JUN 2026,NXST,RR,NEXUS SELECT TRUST       ,Listed    ,29 JUN 2026,             100.00,        1515000000,            163.10,   247111650000.00      
29 JUN 2026,NXT-INFRA,IV,NXT-INFRA TRUST          ,Listed    ,18 JUN 2026,             100.00,         285000000,             98.00,    27924300000.00 
29 JUN 2026,NYKAA,EQ,FSN E COMMERCE VENTURES  ,Listed    ,29 JUN 2026,               1.00,        2863058056,            302.05,   864786685814.80     
29 JUN 2026,OAL,EQ,ORIENTAL AROMATICS LTD   ,Listed    ,29 JUN 2026,               5.00,          33653576,            313.90,    10563857506.40       
29 JUN 2026,OBCL,EQ,ORISSA BENGAL CARRIER LTD,Listed    ,29 JUN 2026,              10.00,          21082790,             55.75,     1175365542.50      
29 JUN 2026,OBEROIRLTY,EQ,OBEROI REALTY LIMITED    ,Listed    ,29 JUN 2026,              10.00,         363602237,           1754.10,   637794683921.70
29 JUN 2026,OBSCP,SM,OBSC PERFECTION LIMITED  ,Listed    ,29 JUN 2026,              10.00,          25845600,            550.50,    14228002800.00     
29 JUN 2026,OCCLLTD,BE,OCCL LIMITED             ,Listed    ,29 JUN 2026,               2.00,          49950460,            124.30,     6209841187.20   
29 JUN 2026,ODIGMA,BE,ODIGMA CONSULTANCY SOL L ,Listed    ,29 JUN 2026,               1.00,          31258450,             24.45,      763956518.00    
29 JUN 2026,OFSS,EQ,ORACLE FIN SERV SOFT LTD.,Listed    ,29 JUN 2026,               5.00,          87029204,          10874.50,   946399078898.00      
29 JUN 2026,OIL,EQ,OIL INDIA LTD            ,Listed    ,29 JUN 2026,              10.00,        1626607791,            412.75,   671382365735.25       
29 JUN 2026,OILCOUNTUB,BE,OIL COUNTRY TUBULAR LTD. ,Listed    ,29 JUN 2026,              10.00,          51989530,             60.00,     3118851904.70
29 JUN 2026,OLAELEC,EQ,OLA ELECTRIC MOBILITY LTD,Listed    ,29 JUN 2026,              10.00,        4410829885,             40.40,   178109310756.30   
29 JUN 2026,OLECTRA,EQ,OLECTRA GREENTECH LIMITED,Listed    ,29 JUN 2026,               4.00,          82080737,           1474.10,   120995214411.70   
29 JUN 2026,OLIL,ST,ONECLICK LOGISTICS IND L ,Listed    ,29 JUN 2026,              10.00,           6711796,            423.00,     2839089708.00      
29 JUN 2026,OMAXAUTO,BE,OMAX AUTOS LTD           ,Listed    ,29 JUN 2026,              10.00,          21371213,            216.45,     4625371629.60  
29 JUN 2026,OMAXE,EQ,OMAXE LIMITED            ,Listed    ,29 JUN 2026,              10.00,         182900540,             84.25,    15411199500.40     
29 JUN 2026,OMFREIGHT,EQ,OM FREIGHT FORWARDERS LTD,Listed    ,29 JUN 2026,              10.00,          33675442,             95.30,     3208932868.20 
29 JUN 2026,OMFURN,ST,OMFURN INDIA LIMITED     ,Listed    ,29 JUN 2026,              10.00,          11774400,             54.05,      636406320.00    
29 JUN 2026,OMINFRAL,EQ,OM INFRA LIMITED         ,Listed    ,29 JUN 2026,               1.00,          96303809,             84.65,     8153080469.95  
29 JUN 2026,OMNI,EQ,OMNITECH ENGINEERING LTD ,Listed    ,29 JUN 2026,               5.00,         123666020,            499.40,    61758810388.00      
29 JUN 2026,OMPOWER,EQ,OM POWER TRANSMISSION LTD,Listed    ,29 JUN 2026,              10.00,          34245000,            180.45,     6179510250.00   
29 JUN 2026,ONDOOR,ST,ON DOOR CONCEPTS LIMITED ,Listed    ,29 JUN 2026,              10.00,           5648612,            194.25,     1097242881.00    
29 JUN 2026,ONELIFECAP,BE,ONELIFE CAP ADVISORS LTD ,Listed    ,29 JUN 2026,              10.00,          37360000,             33.60,     1254922400.00
29 JUN 2026,ONEPOINT,EQ,ONE POINT ONE SOL LTD    ,Listed    ,29 JUN 2026,               2.00,         262920863,             57.10,    15007522860.05  
29 JUN 2026,ONESOURCE,EQ,ONESOURCE SPECL PHARMA L ,Listed    ,29 JUN 2026,               1.00,         114621201,           1598.70,   183244914038.70 
29 JUN 2026,ONGC,EQ,OIL AND NATURAL GAS CORP.,Listed    ,29 JUN 2026,               5.00,       12580279206,            234.05,  2944414348164.30      
29 JUN 2026,ONIDA,BE,ONIDA ELECTRONICS LIMITED,Listed    ,29 JUN 2026,               1.00,         369392364,             40.10,    14812633796.40     
29 JUN 2026,ONMOBILE,EQ,ONMOBILE GLOBAL LTD.     ,Listed    ,29 JUN 2026,              10.00,         106321351,             60.20,     6402671757.20  
29 JUN 2026,ONWARDTEC,EQ,ONWARD TECHNOLOGIES LTD  ,Listed    ,29 JUN 2026,              10.00,          22750370,            287.00,     6529356190.00 
29 JUN 2026,ONYX,ST,ONYX BIOTEC LIMITED      ,Listed    ,29 JUN 2026,              10.00,          18132200,             38.90,      705342580.00      
29 JUN 2026,OPTIEMUS,EQ,OPTIEMUS INFRACOM LTD    ,Listed    ,29 JUN 2026,              10.00,          88688783,            469.75,    41661555814.25  
29 JUN 2026,OPTIVALUE,SM,OPTIVALUE TEK CONSULT LTD,Listed    ,29 JUN 2026,              10.00,          23411400,             73.60,     1723079040.00 
29 JUN 2026,ORBTEXP,BE,ORBIT EXPORTS LIMITED    ,Listed    ,29 JUN 2026,              10.00,          26511152,            224.20,     5943535166.90   
29 JUN 2026,ORCHASP,EQ,ORCHASP LIMITED          ,Listed    ,29 JUN 2026,               2.00,         346425366,              2.00,      685922224.70   
29 JUN 2026,ORCHPHARMA,EQ,ORCHID PHARMA LIMITED    ,Listed    ,29 JUN 2026,              10.00,          50719105,            950.80,    48223725034.00
29 JUN 2026,ORIANA,SM,ORIANA POWER LIMITED     ,Listed    ,29 JUN 2026,              10.00,          20319150,           1558.80,    31673491020.00    
29 JUN 2026,ORICONENT,EQ,ORICON ENTERPRISES LTD   ,Listed    ,29 JUN 2026,               2.00,         157047715,             55.35,     8689450070.95 
29 JUN 2026,ORIENTALTL,EQ,ORIENTAL TRIMEX LTD      ,Listed    ,29 JUN 2026,              10.00,          73507265,              5.70,      419726483.15
29 JUN 2026,ORIENTBELL,EQ,ORIENT BELL LIMITED      ,Listed    ,29 JUN 2026,              10.00,          14710476,            323.35,     4756632414.60
29 JUN 2026,ORIENTCEM,EQ,ORIENT CEMENT LTD.       ,Listed    ,29 JUN 2026,               1.00,         205459873,            133.80,    27488476408.65 
29 JUN 2026,ORIENTCER,EQ,ORIENT CERATECH LIMITED  ,Listed    ,29 JUN 2026,               1.00,         119639200,             39.80,     4760443768.00 
29 JUN 2026,ORIENTELEC,EQ,ORIENT ELECTRIC LIMITED  ,Listed    ,29 JUN 2026,               1.00,         213365899,            175.40,    37424378684.60
29 JUN 2026,ORIENTHOT,EQ,ORIENT HOTELS LTD        ,Listed    ,29 JUN 2026,               1.00,         178599180,            141.15,    25205702273.40 
29 JUN 2026,ORIENTLTD,EQ,ORIENT PRESS LIMITED     ,Listed    ,29 JUN 2026,              10.00,          10000000,             71.45,      714700000.00 
29 JUN 2026,ORIENTPPR,EQ,ORIENT PAPER AND INDS LTD,Listed    ,29 JUN 2026,               1.00,         212185822,             16.80,     3568965526.05 
29 JUN 2026,ORIENTTECH,EQ,ORIENT TECHNOLOGIES LTD  ,Listed    ,29 JUN 2026,              10.00,          45805916,            245.50,    11245352378.00
29 JUN 2026,ORISSAMINE,EQ,ORISSA MIN DEV CO LTD    ,Listed    ,29 JUN 2026,               1.00,           6000000,           3860.30,    23161800000.00
29 JUN 2026,ORKLAINDIA,EQ,ORKLA INDIA LIMITED      ,Listed    ,29 JUN 2026,               1.00,         136989230,            616.85,    84501806525.50
29 JUN 2026,ORTEL,BZ,ORTEL COMMUNICATIONS LTD ,Listed    ,29 JUN 2026,              10.00,          32976900,              1.55,       50454657.00     
29 JUN 2026,ORTINGLOBE,BE,ORTIN GLOBAL LIMITED     ,Listed    ,29 JUN 2026,              10.00,           8131392,             17.75,      144332208.00
29 JUN 2026,OSEINTRUST,IV,ORIENTAL INFRATRUST      ,Listed    ,Not Traded ,             100.00,         583483081,             81.80,    47740585687.40
29 JUN 2026,OSELDEVICE,SM,OSEL DEVICES LIMITED     ,Listed    ,29 JUN 2026,              10.00,          17694600,            456.35,     8074930710.00
29 JUN 2026,OSIAHYPER,BE,OSIA HYPER RETAIL LIMITED,Listed    ,29 JUN 2026,               1.00,         176958900,              3.15,      560959713.00 
29 JUN 2026,OSWALAGRO,BE,OSWAL AGRO MILLS LTD     ,Listed    ,29 JUN 2026,              10.00,         134234776,             41.75,     5601617202.50 
29 JUN 2026,OSWALGREEN,EQ,OSWAL GREENTECH LIMITED  ,Listed    ,29 JUN 2026,              10.00,         256809159,             22.60,     5806455085.00
29 JUN 2026,OSWALPUMPS,EQ,OSWAL PUMPS LIMITED      ,Listed    ,29 JUN 2026,               1.00,         113977414,            428.30,    48816526416.20
29 JUN 2026,OSWALSEEDS,EQ,SHREEOSWAL S AND CHE LTD ,Listed    ,29 JUN 2026,               2.00,          91470000,             10.90,      998852400.00
29 JUN 2026,OWAIS,ST,OWAIS METAL & MINERAL    ,Listed    ,29 JUN 2026,              10.00,          18182398,            118.60,     2156432402.80     
29 JUN 2026,PACEDIGITK,EQ,PACE DIGITEK LIMITED     ,Listed    ,29 JUN 2026,               2.00,         215851327,            200.90,    43362373081.05
29 JUN 2026,PAGEIND,EQ,PAGE INDUSTRIES LTD      ,Listed    ,29 JUN 2026,              10.00,          11153874,          40405.00,   450672278970.00   
29 JUN 2026,PAISALO,EQ,PAISALO DIGITAL LIMITED  ,Listed    ,29 JUN 2026,               1.00,         909521874,             60.30,    54862359439.70   
29 JUN 2026,PAKKA,EQ,PAKKA LIMITED            ,Listed    ,29 JUN 2026,              10.00,          44948100,             80.05,     3597645924.00     
29 JUN 2026,PALASHSECU,EQ,PALASH SECURITIES LTD    ,Listed    ,29 JUN 2026,              10.00,          10003102,             91.10,      911082530.15
29 JUN 2026,PALREDTEC,BE,PALRED TECHNOLOGIES LTD  ,Listed    ,29 JUN 2026,              10.00,          12232566,             59.00,      721966045.30 
29 JUN 2026,PANACEABIO,EQ,PANACEA BIOTEC LTD       ,Listed    ,29 JUN 2026,               1.00,          61250746,            553.75,    33917600597.50
29 JUN 2026,PANACHE,EQ,PANACHE DIGILIFE LIMITED ,Listed    ,29 JUN 2026,              10.00,          16014000,            435.75,     6978100500.00   
29 JUN 2026,PANAMAPET,EQ,PANAMA PETROCHEM LTD     ,Listed    ,29 JUN 2026,               2.00,          60493598,            400.55,    24230710678.90 
29 JUN 2026,PANSARI,EQ,PANSARI DEVELOPERS LTD   ,Listed    ,29 JUN 2026,              10.00,          17446800,            282.05,     4920869940.00   
29 JUN 2026,PAR,EQ,PAR DRUGS AND CHEM LTD   ,Listed    ,29 JUN 2026,              10.00,          12304636,             87.75,     1079977901.70       
29 JUN 2026,PARACABLES,EQ,PARAMOUNT COMM LTD       ,Listed    ,29 JUN 2026,               2.00,         305209814,             67.80,    20696277487.35
29 JUN 2026,PARADEEP,EQ,PARADEEP PHOSPHATES LTD  ,Listed    ,29 JUN 2026,              10.00,        1038170594,            134.50,   139654708304.90  
29 JUN 2026,PARAGMILK,EQ,PARAG MILK FOODS LTD.    ,Listed    ,29 JUN 2026,              10.00,         125109554,            230.85,    28880289445.35 
29 JUN 2026,PARAGON,SM,PARAGON FINE S.C. LTD.   ,Listed    ,29 JUN 2026,              10.00,          19566000,             48.00,      939168000.00   
29 JUN 2026,PARAMATRIX,SM,PARAMATRIX TECHNOLOGIES L,Listed    ,29 JUN 2026,              10.00,          11048000,             61.50,      679452000.00
29 JUN 2026,PARAMOUNT,ST,PARAMOUNT DYE TEC LIMITED,Listed    ,25 JUN 2026,              10.00,           6942651,             37.05,      257225219.55 
29 JUN 2026,PARAMPARA,SM,PARAMPARA DAIRY DLGHT LTD,Listed    ,25 JUN 2026,              10.00,          10500000,             11.35,      119175000.00 
29 JUN 2026,PARAS,EQ,PARAS DEF AND SPCE TECH L,Listed    ,29 JUN 2026,               5.00,          80587330,           1182.90,    95326752657.00     
29 JUN 2026,PARASPETRO,EQ,PARAS PETROFILS LTD.     ,Listed    ,29 JUN 2026,               1.00,         334221000,              2.00,      675126420.00
29 JUN 2026,PARIN,SM,PARIN ENTERPRISES LIMITED,Listed    ,29 JUN 2026,              10.00,          11118000,            725.20,     8062773600.00     
29 JUN 2026,PARKHOSPS,EQ,PARK MEDI WORLD LIMITED  ,Listed    ,29 JUN 2026,               2.00,         431930864,            289.70,   125130371300.80 
29 JUN 2026,PARKHOTELS,EQ,PARKHOTELS               ,Listed    ,29 JUN 2026,               1.00,         213374246,            119.55,    25506757366.85
29 JUN 2026,PARSVNATH,BE,PARSVNATH DEVELOPER LTD  ,Listed    ,29 JUN 2026,               5.00,         435181170,              2.75,     1201100029.20 
29 JUN 2026,PARTH,ST,PARTH ELEC & ENG LTD     ,Listed    ,29 JUN 2026,              10.00,          13667955,            435.00,     5945560425.00     
29 JUN 2026,PARTYCRUS,SM,PARTY CRUISERS LIMITED   ,Listed    ,25 JUN 2026,              10.00,          11985113,             92.00,     1102630396.00 
29 JUN 2026,PASHUPATI,EQ,PASHUPATI COTSPIN LIMITED,Listed    ,29 JUN 2026,               1.00,         157840000,             86.55,    13664208800.00 
29 JUN 2026,PASUPTAC,BE,PASUPATI ACRYLON LIMITED ,Listed    ,29 JUN 2026,              10.00,          89133121,             63.55,     5664409839.55  
29 JUN 2026,PATANJALI,EQ,PATANJALI FOODS LIMITED  ,Listed    ,29 JUN 2026,               2.00,        1088104195,            412.60,   448951790857.00 
29 JUN 2026,PATELENG,EQ,PATEL ENGINEERING LTD.   ,Listed    ,29 JUN 2026,               1.00,         992141937,             34.50,    34248739665.25  
29 JUN 2026,PATELRMART,EQ,PATEL RETAIL LIMITED     ,Listed    ,29 JUN 2026,              10.00,          33400528,            211.70,     7070557772.30
29 JUN 2026,PATILAUTOM,ST,PATIL AUTOMATION LIMITED ,Listed    ,29 JUN 2026,              10.00,          21820800,            207.05,     4517996640.00
29 JUN 2026,PATINTLOG,BE,PATEL INT. LOG. LTD      ,Listed    ,29 JUN 2026,              10.00,          69585746,             16.20,     1125897370.30 
29 JUN 2026,PATTECH,ST,PATTECH FITWELL TUB COM L,Listed    ,09 JUN 2026,              10.00,           9397187,            114.85,     1079266926.95   
29 JUN 2026,PAUSHAKLTD,EQ,PAUSHAK LIMITED          ,Listed    ,29 JUN 2026,               5.00,          24656912,            487.10,    12010381835.20
29 JUN 2026,PAVNAIND,BE,PAVNA INDUSTRIES LIMITED ,Listed    ,29 JUN 2026,               1.00,         139530000,             18.20,     2542236600.00  
29 JUN 2026,PAYTM,EQ,ONE 97 COMMUNICATIONS LTD,Listed    ,29 JUN 2026,               1.00,         640045681,           1133.10,   725235761141.10     
29 JUN 2026,PCBL,EQ,PCBL CHEMICAL LIMITED    ,Listed    ,29 JUN 2026,               1.00,         393462604,            319.55,   125730975108.20      
29 JUN 2026,PCCL,SM,PETRO CARBON AND CHEMI L ,Listed    ,29 JUN 2026,              10.00,          24700000,            242.50,     5989750000.00      
29 JUN 2026,PCJEWELLER,EQ,PC JEWELLER LTD          ,Listed    ,29 JUN 2026,               1.00,        8016750455,              8.55,    68382881381.15
29 JUN 2026,PDMJEPAPER,EQ,PUDUMJEE PAPER PRO. LTD  ,Listed    ,29 JUN 2026,               1.00,          94950000,             82.50,     7831476000.00
29 JUN 2026,PDSL,EQ,PDS LIMITED              ,Listed    ,29 JUN 2026,               2.00,         141442133,            350.10,    49518890763.30      
29 JUN 2026,PEARLPOLY,BE,PEARL POLYMERS LTD       ,Listed    ,29 JUN 2026,              10.00,          16834932,             18.50,      311446242.00 
29 JUN 2026,PELATRO,SM,PELATRO LIMITED          ,Listed    ,29 JUN 2026,              10.00,          10597399,            284.00,     3009661316.00   
29 JUN 2026,PENIND,EQ,PENNAR INDUSTRIES LTD    ,Listed    ,29 JUN 2026,               5.00,         134946231,            166.50,    22465848536.90    
29 JUN 2026,PENINLAND,BE,PENINSULA LAND LIMITED   ,Listed    ,29 JUN 2026,               2.00,         331728220,             15.35,     5098662741.40 
29 JUN 2026,PENTAGON,SM,PENTAGON RUBBER LIMITED  ,Listed    ,29 JUN 2026,              10.00,           7710000,             56.95,      439084500.00  
29 JUN 2026,PERFECT,SZ,PERFECT INFRAENGINEER LTD,Listed    ,Not Traded ,              10.00,          17495778,              2.60,       45489022.80   
29 JUN 2026,PERSISTENT,EQ,PERSISTENT SYSTEMS LTD   ,Listed    ,29 JUN 2026,               5.00,         157750000,           4298.50,   678088375000.00
29 JUN 2026,PETRONET,EQ,PETRONET LNG LIMITED     ,Listed    ,29 JUN 2026,              10.00,        1500000088,            281.25,   421875024750.00  
29 JUN 2026,PFC,EQ,POWER FIN CORP LTD.      ,Listed    ,29 JUN 2026,              10.00,        3300101760,            424.45,  1400728192032.00       
29 JUN 2026,PFIZER,EQ,PFIZER LTD               ,Listed    ,29 JUN 2026,              10.00,          45747732,           4404.90,   201514184686.80    
29 JUN 2026,PFOCUS,BE,PRIME FOCUS LIMITED      ,Listed    ,29 JUN 2026,               1.00,         775990547,            210.50,   163338250238.05    
29 JUN 2026,PFS,EQ,PTC INDIA FIN SERV LTD   ,Listed    ,29 JUN 2026,              10.00,         642283335,             31.40,    20154851052.30       
29 JUN 2026,PGEL,EQ,PG ELECTROPLAST LTD      ,Listed    ,29 JUN 2026,               1.00,         285342658,            536.50,   153086336017.00      
29 JUN 2026,PGHH,EQ,P&G HYGIENE & HEALTH CARE,Listed    ,29 JUN 2026,              10.00,          32460736,           8813.00,   286076466368.00      
29 JUN 2026,PGHL,EQ,PROCTER & GAMBLE HEALTH L,Listed    ,29 JUN 2026,              10.00,          16599382,           6246.50,   103688039663.00      
29 JUN 2026,PGIL,EQ,PEARL GLOBAL IND LIMITED ,Listed    ,29 JUN 2026,               5.00,          46141467,           2003.70,    92453657427.90      
29 JUN 2026,PGINVIT,IV,POWERGRID INFRA. INVITS  ,Listed    ,29 JUN 2026,             100.00,         909999200,             93.80,    85339724976.00   
29 JUN 2026,PHANTOMFX,SM,PHANTOM DIGITAL EFF LTD  ,Listed    ,29 JUN 2026,              10.00,          15922800,            178.35,     2839831380.00 
29 JUN 2026,PHOENIXLTD,EQ,THE PHOENIX MILLS LTD    ,Listed    ,29 JUN 2026,               2.00,         357633581,           1912.00,   683795406872.00
29 JUN 2026,PHOGLOBAL,SM,PHOENIX OVERSEAS LIMITED ,Listed    ,24 JUN 2026,              10.00,          19346018,             17.50,      338555315.00 
29 JUN 2026,PICCADIL,EQ,PICCADILY AGRO INDUSTRI L,Listed    ,29 JUN 2026,              10.00,          98497711,            564.80,    55631507172.80  
29 JUN 2026,PIDILITIND,EQ,PIDILITE INDUSTRIES LTD  ,Listed    ,29 JUN 2026,               1.00,        1017766288,           1599.60,  1628018954284.80
29 JUN 2026,PIGL,EQ,POWER INSTRUMENT (G) LTD ,Listed    ,29 JUN 2026,              10.00,          19122900,            112.30,     2147119212.00      
29 JUN 2026,PIIND,EQ,PI INDUSTRIES LTD        ,Listed    ,29 JUN 2026,               1.00,         151718118,           2559.80,   388368038456.40     
29 JUN 2026,PILANIINVS,EQ,PILANI INV & IND COR LTD ,Listed    ,29 JUN 2026,              10.00,          11072250,           4348.10,    48143250225.00
29 JUN 2026,PILITA,BE,PIL ITALICA LIFESTYLE LTD,Listed    ,29 JUN 2026,               1.00,         235000000,              8.85,     2077400000.00    
29 JUN 2026,PINELABS,EQ,PINE LABS LIMITED        ,Listed    ,29 JUN 2026,               1.00,        1148276377,            158.50,   182013288518.25  
29 JUN 2026,PIONEEREMB,EQ,PIONEER EMBROIDERIES LTD ,Listed    ,29 JUN 2026,              10.00,          30807192,             22.35,      687924597.35
29 JUN 2026,PIONRINV,EQ,PIONEER INVESTCORP LTD.  ,Permitted ,29 JUN 2026,              10.00,          12296908,             88.10,     1083480563.90  
29 JUN 2026,PIRAMALFIN,EQ,PIRAMAL FINANCE LIMITED  ,Listed    ,29 JUN 2026,               2.00,         226677700,           2144.90,   486200998730.00
29 JUN 2026,PITTIENG,EQ,PITTI ENGINEERING LIMITED,Listed    ,29 JUN 2026,               5.00,          37653588,            965.00,    36335712420.00  
29 JUN 2026,PIXTRANS,EQ,PIX TRANSMISSIONS LIMITED,Listed    ,29 JUN 2026,              10.00,          13625200,           1869.60,    25473673920.00  
29 JUN 2026,PKTEA,EQ,THE P K TEA PROD CO LTD  ,Listed    ,29 JUN 2026,              10.00,           3095879,            726.10,     2247917741.90     
29 JUN 2026,PLADAINFO,SM,PLADA INFOTECH SERVICES L,Listed    ,12 JUN 2026,              10.00,           8574000,             11.45,       98172300.00 
29 JUN 2026,PLASTIBLEN,EQ,PLASTIBLENDS INDIA LTD   ,Listed    ,29 JUN 2026,               5.00,          25989200,            181.15,     4707943580.00
29 JUN 2026,PLATIND,EQ,PLATINUM INDUSTRIES LTD  ,Listed    ,29 JUN 2026,              10.00,          54924873,            221.85,    12184533826.30   
29 JUN 2026,PLAZACABLE,BE,PLAZA WIRES LIMITED      ,Listed    ,29 JUN 2026,              10.00,          43752078,             46.00,     2013470629.55
29 JUN 2026,PML,EQ,PAUL MERCHANTS LTD.      ,Permitted ,29 JUN 2026,              10.00,           3084000,            490.80,     1513627200.00       
29 JUN 2026,PNB,EQ,PUNJAB NATIONAL BANK     ,Listed    ,29 JUN 2026,               2.00,       11492943268,            106.95,  1229285211945.30       
29 JUN 2026,PNBGILTS,EQ,PNB GILTS LIMITED        ,Listed    ,29 JUN 2026,              10.00,         180010134,             90.35,    16265715708.25  
29 JUN 2026,PNBHOUSING,EQ,PNB HOUSING FIN LTD.     ,Listed    ,29 JUN 2026,              10.00,         260508563,           1034.00,   269365854142.00
29 JUN 2026,PNC,EQ,PRITISH NANDY COMMUNICATI,Listed    ,29 JUN 2026,              10.00,          14467000,             21.95,      317550650.00       
29 JUN 2026,PNCINFRA,EQ,PNC INFRATECH LTD.       ,Listed    ,29 JUN 2026,               2.00,         256539165,            226.35,    58072770781.05  
29 JUN 2026,PNGJL,EQ,P N GADGIL JEWELLERS LTD ,Listed    ,29 JUN 2026,              10.00,         135708333,            529.00,    71789708157.00     
29 JUN 2026,PNGSREVA,EQ,PNGS REVA DIAMOND JEWEL L,Listed    ,29 JUN 2026,              10.00,          31698400,            391.60,    12413093440.00  
29 JUN 2026,POCL,EQ,PONDY OXIDES & CHEM LTD  ,Listed    ,29 JUN 2026,               5.00,          30511279,           1304.40,    39798912327.60      
29 JUN 2026,PODDARMENT,EQ,PODDAR PIGMENTS LIMITED  ,Listed    ,29 JUN 2026,              10.00,          10610000,            240.70,     2553827000.00
29 JUN 2026,POKARNA,EQ,POKARNA LIMITED          ,Listed    ,29 JUN 2026,               2.00,          31004000,           1062.75,    32949501000.00   
29 JUN 2026,POLICYBZR,EQ,PB FINTECH LIMITED       ,Listed    ,29 JUN 2026,               2.00,         462693070,           1623.10,   750997121917.00 
29 JUN 2026,POLYCAB,EQ,POLYCAB INDIA LIMITED    ,Listed    ,29 JUN 2026,              10.00,         150550508,           9779.00,  1472233417732.00   
29 JUN 2026,POLYMED,EQ,POLY MEDICURE LIMITED    ,Listed    ,29 JUN 2026,               5.00,         101359490,           1652.60,   167506693174.00   
29 JUN 2026,POLYPLEX,EQ,POLYPLEX CORPORATION LTD ,Listed    ,29 JUN 2026,              10.00,          31392462,            969.35,    30430283039.70  
29 JUN 2026,POLYSIL,SM,POLYSIL IRRIGATION SYST L,Listed    ,29 JUN 2026,              10.00,          22505090,            135.00,     3038187150.00   
29 JUN 2026,PONNIERODE,EQ,PONNIE SUGARS (ERODE) LTD,Listed    ,29 JUN 2026,              10.00,           8598418,            311.55,     2678837127.90
29 JUN 2026,POONAWALLA,EQ,POONAWALLA FINCORP LTD   ,Listed    ,29 JUN 2026,               2.00,         880248541,            428.45,   377142487391.45
29 JUN 2026,POSITRON,ST,POSITRON ENERGY LIMITED  ,Listed    ,29 JUN 2026,              10.00,           7600400,            183.95,     1398093580.00  
29 JUN 2026,POWERGRID,EQ,POWER GRID CORP. LTD.    ,Listed    ,29 JUN 2026,              10.00,        9300603819,            286.25,  2662297843188.75 
29 JUN 2026,POWERICA,EQ,POWERICA LIMITED         ,Listed    ,29 JUN 2026,               5.00,         126551877,            627.25,    79379664848.25  
29 JUN 2026,POWERINDIA,EQ,HITACHI ENERGY INDIA LTD ,Listed    ,29 JUN 2026,               2.00,          44572363,          34975.00,  1558918395925.00
29 JUN 2026,POWERMECH,EQ,POWER MECH PROJECTS LTD. ,Listed    ,29 JUN 2026,              10.00,          31616292,           2720.00,    85996314240.00 
29 JUN 2026,PPAP,EQ,PPAP AUTOMOTIVE LIMITED  ,Listed    ,29 JUN 2026,              10.00,          14115070,            235.90,     3329745013.00      
29 JUN 2026,PPL,EQ,PRAKASH PIPES LIMITED    ,Listed    ,29 JUN 2026,              10.00,          23918354,            305.65,     7311123267.20       
29 JUN 2026,PPLPHARMA,EQ,PIRAMAL PHARMA LIMITED   ,Listed    ,29 JUN 2026,              10.00,        1329248130,            166.70,   221612248233.60 
29 JUN 2026,PPSL,ST,PICTUREPOST STUDIOS LTD  ,Listed    ,29 JUN 2026,               1.00,          29300000,              3.75,      109875000.00      
29 JUN 2026,PRABHA,EQ,PRABHA ENERGY LIMITED    ,Listed    ,29 JUN 2026,               1.00,         136905531,            153.30,    20990356012.90    
29 JUN 2026,PRADPME,EQ,PRADEEP METALS LTD.      ,Permitted ,29 JUN 2026,              10.00,          17270000,            590.30,    10194481000.00   
29 JUN 2026,PRAENG,EQ,PRAJAY ENG. SYN. LTD.    ,Listed    ,29 JUN 2026,              10.00,          69935791,             20.50,     1432984357.60    
29 JUN 2026,PRAJIND,EQ,PRAJ INDUSTRIES LTD      ,Listed    ,29 JUN 2026,               2.00,         183813088,            346.40,    63672853683.20   
29 JUN 2026,PRAKASH,EQ,PRAKASH INDUSTRIES LTD   ,Listed    ,29 JUN 2026,              10.00,         179081839,            139.75,    25024896181.85   
29 JUN 2026,PRAKASHSTL,EQ,PRAKASH STEELAGE LTD     ,Listed    ,29 JUN 2026,               1.00,         175000390,              4.15,      729751626.30
29 JUN 2026,PRAMARA,SM,PRAMARA PROMOTIONS LTD   ,Listed    ,29 JUN 2026,              10.00,          13944168,            130.90,     1825291591.20   
29 JUN 2026,PRANIK,SM,PRANIK LOGISTICS LIMITED ,Listed    ,25 JUN 2026,              10.00,          11010150,             51.00,      561517650.00    
29 JUN 2026,PRATHAM,SM,PRATHAM EPC PROJECTS LTD ,Listed    ,29 JUN 2026,              10.00,          18212489,            113.00,     2058011257.00   
29 JUN 2026,PRAVEG,EQ,PRAVEG LTD.              ,Permitted ,29 JUN 2026,              10.00,          26140695,            247.25,     6463286838.75    
29 JUN 2026,PRAXIS,BE,PRAXIS HOME RETAIL LTD   ,Listed    ,29 JUN 2026,               5.00,         185812210,              8.30,     1542241343.00    
29 JUN 2026,PRECAM,EQ,PRECISION CAMSHAFTS LTD. ,Listed    ,29 JUN 2026,              10.00,          94985835,            148.35,    14089248905.55    
29 JUN 2026,PRECISION,SM,PRECISION METALIKS LTD   ,Listed    ,29 JUN 2026,              10.00,          22959066,              6.80,      156121648.80 
29 JUN 2026,PRECOT,EQ,PRECOT LIMITED           ,Listed    ,29 JUN 2026,              10.00,          12000000,            710.30,     8523600000.00    
29 JUN 2026,PRECWIRE,EQ,PRECISION WIRES INDIA LTD,Listed    ,29 JUN 2026,               1.00,         182807975,            400.95,    73296857576.25  
29 JUN 2026,PREMCO,EQ,PREMCO GLOBAL LTD.       ,Permitted ,29 JUN 2026,              10.00,           3304800,            364.00,     1202947200.00    
29 JUN 2026,PREMEXPLN,EQ,PREMIER EXPLOSIVES LTD   ,Listed    ,29 JUN 2026,               2.00,          53761195,            808.50,    43465926157.50 
29 JUN 2026,PREMIER,BE,PREMIER LIMITED          ,Listed    ,29 JUN 2026,              10.00,          30372570,              3.00,       91421435.70   
29 JUN 2026,PREMIERENE,EQ,PREMIER ENERGIES LIMITED ,Listed    ,29 JUN 2026,               1.00,         452994368,           1029.30,   466267102982.40
29 JUN 2026,PREMIERPOL,BE,PREMIER POLYFILMS LTD    ,Listed    ,29 JUN 2026,               1.00,         104742475,             65.80,     6894149704.50
29 JUN 2026,PREMIUM,SM,PREMIUM PLAST LIMITED    ,Listed    ,29 JUN 2026,              10.00,          19097100,             44.05,      841227255.00   
29 JUN 2026,PRESSTONIC,SM,PRESSTONIC ENGINEERING L ,Listed    ,29 JUN 2026,              10.00,          15241080,             29.25,      445801590.00
29 JUN 2026,PRESTIGE,EQ,PRESTIGE ESTATE LTD      ,Listed    ,29 JUN 2026,              10.00,         430730232,           1539.40,   663066119140.80  
29 JUN 2026,PRICOLLTD,EQ,PRICOL LIMITED           ,Listed    ,29 JUN 2026,               1.00,         121881498,            583.25,    71087383708.50 
29 JUN 2026,PRIMECAB,ST,PRIME CABLE INDUSTRIES L ,Listed    ,29 JUN 2026,               5.00,          18324060,            122.10,     2237367726.00  
29 JUN 2026,PRIMESECU,EQ,PRIME SECURITIES LIMITED ,Listed    ,29 JUN 2026,               5.00,          33900325,            289.45,     9812449071.25 
29 JUN 2026,PRIMO,EQ,PRIMO CHEMICALS LIMITED  ,Listed    ,29 JUN 2026,               2.00,         242343220,             24.40,     5915598000.20     
29 JUN 2026,PRINCEPIPE,EQ,PRINCE PIPES FITTINGS LTD,Listed    ,29 JUN 2026,              10.00,         110561079,            285.30,    31543075838.70
29 JUN 2026,PRITI,BE,PRITI INTERNATIONAL LTD  ,Listed    ,29 JUN 2026,              10.00,          13353328,             39.95,      533198387.05     
29 JUN 2026,PRITIKA,SM,PRITIKA ENG COMPO LTD    ,Listed    ,23 JUN 2026,               5.00,          26365030,             63.70,     1679452411.00   
29 JUN 2026,PRITIKAUTO,BE,PRITIKA AUTO INDUS LTD   ,Listed    ,29 JUN 2026,               2.00,         166512667,             16.30,     2714156472.10
29 JUN 2026,PRIVISCL,EQ,PRIVI SPECIALITY CHE LTD ,Listed    ,29 JUN 2026,              10.00,          39062706,           3598.20,   140555428729.20  
29 JUN 2026,PRIZOR,ST,PRIZOR VIZTECH LIMITED   ,Listed    ,29 JUN 2026,              10.00,          10691203,            888.40,     9498064745.20    
29 JUN 2026,PRLIND,SM,PREMIER ROADLINES LIMITED,Listed    ,29 JUN 2026,              10.00,          22862547,             49.35,     1128266694.45    
29 JUN 2026,PROFX,SM,PRO FX TECH LIMITED      ,Listed    ,29 JUN 2026,              10.00,          17503686,             69.15,     1210379886.90     
29 JUN 2026,PROLIFE,SM,PROLIFE INDUSTRIES LTD   ,Listed    ,25 JUN 2026,              10.00,           4094080,             75.80,      310331264.00   
29 JUN 2026,PROPEQUITY,SM,P. E. ANALYTICS LIMITED  ,Listed    ,29 JUN 2026,              10.00,          10482104,            219.95,     2305538774.80
29 JUN 2026,PROSTARM,EQ,PROSTARM INFO SYSTEMS LTD,Listed    ,29 JUN 2026,              10.00,          58874592,            136.65,     8044624250.90  
29 JUN 2026,PROTEAN,EQ,PROTEAN EGOV TECHNO LTD  ,Listed    ,29 JUN 2026,              10.00,          40616731,            591.15,    24010580530.65   
29 JUN 2026,PROV,SM,PROVENTUS AGROCOM LIMITED,Listed    ,29 JUN 2026,              10.00,           3453416,           1600.00,     5525465600.00      
29 JUN 2026,PROZONER,EQ,PROZONE REALTY LIMITED   ,Listed    ,29 JUN 2026,               2.00,         152602883,             44.85,     6845765331.40  
29 JUN 2026,PRSMJOHNSN,EQ,PRISM JOHNSON LIMITED    ,Listed    ,29 JUN 2026,              10.00,         503356580,            117.55,    59169565979.00
29 JUN 2026,PRUDENT,EQ,PRUDENT CORP ADV SER LTD ,Listed    ,29 JUN 2026,               5.00,          41406680,           2955.00,   122356739400.00   
29 JUN 2026,PRUDMOULI,BE,PRUDENTIAL SUGAR CORPORAT,Listed    ,29 JUN 2026,              10.00,          32252000,             15.40,      496680800.00 
29 JUN 2026,PSB,EQ,PUNJAB & SIND BANK       ,Listed    ,29 JUN 2026,              10.00,        7095585220,             24.35,   172777500107.00       
29 JUN 2026,PSFL,SM,PARAMOUNT SPECIALI FORG L,Listed    ,29 JUN 2026,              10.00,          19682000,             36.50,      718393000.00      
29 JUN 2026,PSPPROJECT,EQ,PSP PROJECTS LIMITED     ,Listed    ,29 JUN 2026,              10.00,          39641791,            978.85,    38803367120.35
29 JUN 2026,PSRAJ,ST,P S RAJ STEELS LIMITED   ,Listed    ,29 JUN 2026,              10.00,           7538314,            406.40,     3063570809.60     
29 JUN 2026,PTC,EQ,PTC INDIA LIMITED        ,Listed    ,29 JUN 2026,              10.00,         296008321,            181.90,    53840953506.70       
29 JUN 2026,PTCIL,EQ,PTC INDUSTRIES LIMITED   ,Listed    ,29 JUN 2026,              10.00,          14992549,          17193.00,   257766894957.00     
29 JUN 2026,PTL,EQ,PTL ENTERPRISES LTD      ,Listed    ,29 JUN 2026,               1.00,         132377000,             42.25,     5591604480.00       
29 JUN 2026,PULZ,SM,PULZ ELECTRONICS LIMITED ,Listed    ,29 JUN 2026,              10.00,          21808000,             24.80,      540838400.00      
29 JUN 2026,PUNJABCHEM,EQ,PUNJAB CHEM & CROP PROT L,Listed    ,29 JUN 2026,              10.00,          12262185,           1020.70,    12516012229.50
29 JUN 2026,PURPLEUTED,ST,PURPLE UNITED SALES LTD  ,Listed    ,29 JUN 2026,              10.00,           9609800,            422.00,     4055335600.00
29 JUN 2026,PURVA,EQ,PURAVANKARA LIMITED      ,Listed    ,29 JUN 2026,               5.00,         237149686,            214.45,    50859121659.55     
29 JUN 2026,PURVFLEXI,ST,PURV FLEXIPACK LIMITED   ,Listed    ,24 JUN 2026,              10.00,          20982750,             50.00,     1049137500.00 
29 JUN 2026,PUSHPA,SM,PUSHPA JEWELLERS LIMITED ,Listed    ,29 JUN 2026,              10.00,          24222912,             99.70,     2415024326.40    
29 JUN 2026,PVP,EQ,PVP VENTURES LIMITED     ,Listed    ,29 JUN 2026,              10.00,         260403681,             28.65,     7463169497.45       
29 JUN 2026,PVRINOX,EQ,PVR INOX LIMITED         ,Listed    ,29 JUN 2026,              10.00,          98199962,            961.40,    94409443466.80   
29 JUN 2026,PVSL,EQ,POPULAR VEHICLES N SER L ,Listed    ,29 JUN 2026,               2.00,          71198198,             90.20,     6422789441.60      
29 JUN 2026,PWL,EQ,PHYSICSWALLAH LIMITED    ,Listed    ,29 JUN 2026,               1.00,        2859692500,            123.70,   353715365325.00       
29 JUN 2026,PYRAMID,EQ,PYRAMID TECHNOPLAST LTD  ,Listed    ,29 JUN 2026,              10.00,          36784800,            165.80,     6099287688.00   
29 JUN 2026,QFIL,SM,QUALITY FOILS (INDIA) LTD,Listed    ,29 JUN 2026,              10.00,           2854000,             56.45,      161108300.00      
29 JUN 2026,QLINE,SM,Q-LINE BIOTECH LIMITED   ,Listed    ,29 JUN 2026,              10.00,          23328199,            548.00,    12783853052.00     
29 JUN 2026,QMSMEDI,EQ,QMS MEDICAL ALLIED S LTD ,Listed    ,29 JUN 2026,              10.00,          19337443,            100.25,     1938578660.75   
29 JUN 2026,QPOWER,BE,QUALITY POWER ELEC EQUP L,Listed    ,29 JUN 2026,              10.00,          77444100,           1207.40,    93506006340.00    
29 JUN 2026,QUADFUTURE,EQ,QUADRANT FUTURE TEK LTD  ,Listed    ,29 JUN 2026,              10.00,          40000000,            445.65,    17826000000.00
29 JUN 2026,QUADPRO,SM,QUADPRO ITES LIMITED     ,Listed    ,24 JUN 2026,               2.00,          50550000,              2.35,      118792500.00   
29 JUN 2026,QUESS,EQ,QUESS CORP LIMITED       ,Listed    ,29 JUN 2026,              10.00,         149217607,            247.95,    36997013479.60     
29 JUN 2026,QUESTLAB,SM,QUEST LABORATORIES LTD   ,Listed    ,29 JUN 2026,              10.00,          16387200,             97.95,     1605126240.00  
29 JUN 2026,QUICKHEAL,BE,QUICK HEAL TECH LTD      ,Listed    ,29 JUN 2026,              10.00,          54233090,            174.30,     9453369917.90 
29 JUN 2026,QUICKTOUCH,SM,QUICKTOUCH TECHNOLOGIES L,Listed    ,29 JUN 2026,              10.00,          12815996,             24.45,      313351102.20
29 JUN 2026,QUINT,EQ,QUINT DIGITAL LTD.       ,Permitted ,29 JUN 2026,              10.00,          47208008,             40.50,     1912868484.15     
29 JUN 2026,QUINTEGRA,BE,QUINTEGRA SOLUTIONS LTD. ,Listed    ,29 JUN 2026,              10.00,          26813830,              1.30,       35394255.60 
29 JUN 2026,QVCEL,SM,QVC EXPORTS LIMITED      ,Listed    ,29 JUN 2026,              10.00,          10451292,             23.00,      240379716.00     
29 JUN 2026,RACE,BE,RACE ECO CHAIN LIMITED   ,Listed    ,29 JUN 2026,              10.00,          17257200,            111.80,     1929009816.00      
29 JUN 2026,RACLGEAR,EQ,RACL GEARTECH LIMITED    ,Listed    ,29 JUN 2026,              10.00,          11788080,           1380.80,    16276980864.00  
29 JUN 2026,RADAAN,EQ,RADAAN MEDIAWORKS (I) LTD,Listed    ,29 JUN 2026,               2.00,          54161540,              3.05,      164651081.60    
29 JUN 2026,RADHIKAJWE,EQ,RADHIKA JEWELTECH LIMITED,Listed    ,29 JUN 2026,               2.00,         118000000,             54.40,     6419200000.00
29 JUN 2026,RADIANTCMS,EQ,RADIANT CASH MGMT SER LTD,Listed    ,29 JUN 2026,               1.00,         106707906,             39.15,     4175480361.80
29 JUN 2026,RADICO,EQ,RADICO KHAITAN LTD       ,Listed    ,29 JUN 2026,               2.00,         133897933,           3876.90,   519108896447.70    
29 JUN 2026,RADIOCITY,EQ,MUSIC BROADCAST LIMITED  ,Listed    ,29 JUN 2026,               2.00,         345685625,              6.10,     2112139168.75 
29 JUN 2026,RADIOWALLA,SM,RADIOWALLA NETWORK LTD   ,Listed    ,29 JUN 2026,              10.00,           7048236,             26.00,      183254136.00
29 JUN 2026,RAILTEL,EQ,RAILTEL CORP OF IND LTD  ,Listed    ,29 JUN 2026,              10.00,         320938407,            306.20,    98271340223.40   
29 JUN 2026,RAIN,EQ,RAIN INDUSTRIES LIMITED  ,Listed    ,29 JUN 2026,               2.00,         336345679,            184.75,    62136500738.45      
29 JUN 2026,RAINBOW,EQ,RAINBOW CHILDRENS MED LTD,Listed    ,29 JUN 2026,              10.00,         101559156,           1405.50,   142741393758.00   
29 JUN 2026,RAJESHEXPO,BZ,RAJESH EXPORTS LTD       ,Listed    ,29 JUN 2026,               1.00,         295259959,             92.15,    27214110421.05
29 JUN 2026,RAJINDLTD,SM,RAJPUTANA INDUSTRIES LTD ,Listed    ,29 JUN 2026,              10.00,          22215000,             70.00,     1555050000.00 
29 JUN 2026,RAJMET,EQ,RAJNANDINI METAL LIMITED ,Listed    ,29 JUN 2026,               1.00,         276480000,              3.65,     1014681600.00    
29 JUN 2026,RAJOOENG,EQ,RAJOO ENGINEERS LIMITED  ,Listed    ,29 JUN 2026,               1.00,         178675293,             52.90,     9455496505.55  
29 JUN 2026,RAJPALAYAM,EQ,RAJAPALAYAM MILLS LTD.   ,Permitted ,29 JUN 2026,              10.00,           9220200,            821.70,     7576238340.00
29 JUN 2026,RAJPUTANA,SM,RAJPUTANA BIODIESEL LTD  ,Listed    ,29 JUN 2026,              10.00,           7033500,            211.40,     1486881900.00 
29 JUN 2026,RAJRATAN,EQ,RAJRATAN GLOBAL WIRE LTD ,Listed    ,29 JUN 2026,               2.00,          50771000,            434.00,    22034614000.00  
29 JUN 2026,RAJRILTD,BE,RAJ RAYON INDUSTRIES LTD ,Listed    ,29 JUN 2026,               1.00,         556082495,             23.80,    13229202556.05  
29 JUN 2026,RAJSREESUG,EQ,RAJSHREE SUGAR & CHEMICAL,Listed    ,29 JUN 2026,              10.00,          33135606,             31.20,     1034162263.25
29 JUN 2026,RAJTV,EQ,RAJ TV NETWORK LTD       ,Listed    ,29 JUN 2026,               5.00,          51913344,             12.70,      660337735.70     
29 JUN 2026,RAJVIR,BZ,RAJVIR INDUSTRIES LIMITED,Listed    ,Not Traded ,              10.00,           3994860,              6.85,       27404739.60    
29 JUN 2026,RALLIS,EQ,RALLIS INDIA LTD         ,Listed    ,29 JUN 2026,               1.00,         194468890,            224.60,    43675768005.10    
29 JUN 2026,RAMANEWS,EQ,SHREE RAMA NEWSPRINT LTD ,Listed    ,29 JUN 2026,              10.00,         147522032,             28.70,     4236832759.05  
29 JUN 2026,RAMAPHO,EQ,RAMA PHOSPHATES LIMITED  ,Listed    ,29 JUN 2026,               5.00,          35386426,            126.35,     4470721060.85   
29 JUN 2026,RAMASTEEL,BE,RAMA STEEL TUBES LIMITED ,Listed    ,29 JUN 2026,               1.00,        1636040979,              4.40,     7231301127.20 
29 JUN 2026,RAMCOCEM,EQ,THE RAMCO CEMENTS LIMITED,Listed    ,29 JUN 2026,               1.00,         236292380,            929.70,   219681025686.00  
29 JUN 2026,RAMCOIND,EQ,RAMCO INDUSTRIES LIMITED ,Listed    ,29 JUN 2026,               1.00,          86841560,            331.25,    28766266750.00  
29 JUN 2026,RAMCOSYS,EQ,RAMCO SYSTEMS LTD.       ,Listed    ,29 JUN 2026,              10.00,          37461644,            793.20,    29714576020.80  
29 JUN 2026,RAMKY,EQ,RAMKY INFRA LTD          ,Listed    ,29 JUN 2026,              10.00,          69197791,            399.00,    27609918609.00     
29 JUN 2026,RAMRAT,EQ,RAM RATNA WIRES LIMITED  ,Listed    ,29 JUN 2026,               5.00,          93349072,            404.65,    37773701984.80    
29 JUN 2026,RANASUG,EQ,RANA SUGARS LTD.         ,Listed    ,29 JUN 2026,              10.00,         153567820,             12.35,     1893491220.60   
29 JUN 2026,RANEHOLDIN,EQ,RANE HOLDINGS LIMITED    ,Listed    ,29 JUN 2026,              10.00,          14277809,           1708.00,    24386497772.00
29 JUN 2026,RAPIDFLEET,SM,RAPID FLEET MGT SERVICE L,Listed    ,29 JUN 2026,              10.00,           7434800,            183.90,     1367259720.00
29 JUN 2026,RAPPID,SM,RAPPID VALVES (INDIA) LTD,Listed    ,29 JUN 2026,              10.00,           5191984,            267.60,     1389374918.40    
29 JUN 2026,RATEGAIN,EQ,RATEGAIN TRAVEL TECHN LTD,Listed    ,29 JUN 2026,               1.00,         118124117,            864.40,   102106486734.80  
29 JUN 2026,RATNAMANI,EQ,RATNAMANI MET & TUB LTD. ,Listed    ,29 JUN 2026,               2.00,          70092000,           2570.20,   180150458400.00 
29 JUN 2026,RATNAVEER,EQ,RATNAVEER PRECISION ENG L,Listed    ,29 JUN 2026,              10.00,          67870463,            180.80,    12270979710.40 
29 JUN 2026,RAYMOND,EQ,RAYMOND LTD              ,Listed    ,29 JUN 2026,              10.00,          66573731,            583.40,    38839114665.40   
29 JUN 2026,RAYMONDLSL,EQ,RAYMOND LIFESTYLE LIMITED,Listed    ,29 JUN 2026,               2.00,          60923629,            786.65,    47925572752.85
29 JUN 2026,RAYMONDREL,EQ,RAYMOND REALTY LIMITED   ,Listed    ,29 JUN 2026,              10.00,          66573731,            623.95,    41538679457.45
29 JUN 2026,RBA,EQ,RESTAURANT BRAND ASIA LTD,Listed    ,29 JUN 2026,              10.00,         582817735,             79.80,    46503027075.65       
29 JUN 2026,RBLBANK,EQ,RBL BANK LIMITED         ,Listed    ,29 JUN 2026,              10.00,         618111404,            363.80,   224868928775.20   
29 JUN 2026,RBMINFRA,SM,RBM INFRACON LIMITED     ,Listed    ,29 JUN 2026,              10.00,          10633000,            275.05,     2924606650.00  
29 JUN 2026,RBS,ST,RAMDEVBABA SOLVENT LTD   ,Listed    ,29 JUN 2026,              10.00,          22861350,             82.45,     1884918307.50       
29 JUN 2026,RBZJEWEL,EQ,RBZ JEWELLERS LIMITED    ,Listed    ,29 JUN 2026,              10.00,          40000000,            131.60,     5264800000.00  
29 JUN 2026,RCDL,SM,RAJGOR CASTOR DERIVATI L ,Listed    ,29 JUN 2026,              10.00,          23915852,             25.65,      613441603.80      
29 JUN 2026,RCF,EQ,RASHTRIYA CHEMICALS & FER,Listed    ,29 JUN 2026,              10.00,         551688100,            129.90,    71653250428.00       
29 JUN 2026,RCOM,BE,RELIANCE COMMUNICATIONS L,Listed    ,29 JUN 2026,               5.00,        2765533050,              0.85,     2406013753.50      
29 JUN 2026,READYMIX,SM,READYMIX CONSTRU MACHI L ,Listed    ,29 JUN 2026,              10.00,          10958500,             86.00,      942431000.00  
29 JUN 2026,RECLTD,EQ,REC LIMITED              ,Listed    ,29 JUN 2026,              10.00,        2633224000,            364.95,   960995098800.00    
29 JUN 2026,REDINGTON,EQ,REDINGTON LIMITED        ,Listed    ,29 JUN 2026,               2.00,         781774431,            275.50,   215394491229.10 
29 JUN 2026,REDTAPE,EQ,REDTAPE LIMITED          ,Listed    ,29 JUN 2026,               2.00,         552807600,            134.75,    74501880252.00   
29 JUN 2026,REFEX,EQ,REFEX INDUSTRIES LIMITED ,Listed    ,29 JUN 2026,               2.00,         137199391,            355.80,    48815543317.80     
29 JUN 2026,REFRACTORY,SM,REFRACTORY SHAPES LIMITED,Listed    ,25 JUN 2026,              10.00,          21800000,             30.55,      665990000.00
29 JUN 2026,REGAAL,BE,REGAAL RESOURCES LIMITED ,Listed    ,29 JUN 2026,               5.00,         102723460,             76.95,     7903543012.40    
29 JUN 2026,REGENCERAM,EQ,REGENCY CERAMICS LTD.    ,Listed    ,29 JUN 2026,              10.00,          26441586,             41.90,     1107638037.55
29 JUN 2026,RELAXO,EQ,RELAXO FOOT LTD.         ,Listed    ,29 JUN 2026,               1.00,         248938586,            417.85,   104018988160.10    
29 JUN 2026,RELCHEMQ,EQ,RELIANCE CHEMOTEX IND LTD,Listed    ,29 JUN 2026,              10.00,           7543563,            134.70,     1016117936.10  
29 JUN 2026,RELIABLE,EQ,RELIABLE DATA SERVICE LTD,Listed    ,29 JUN 2026,              10.00,          10320000,            149.00,     1537576800.00  
29 JUN 2026,RELIANCE,EQ,RELIANCE INDUSTRIES LTD  ,Listed    ,29 JUN 2026,              10.00,       13532472634,           1301.00, 17605746896834.00  
29 JUN 2026,RELIGARE,EQ,RELIGARE ENTER. LTD.     ,Listed    ,29 JUN 2026,              10.00,         332890479,            270.00,    89877100425.20  
29 JUN 2026,RELINFRA,BE,RELIANCE INFRASTRUCTU LTD,Listed    ,29 JUN 2026,              10.00,         408631194,             73.60,    30079342190.35  
29 JUN 2026,RELTD,EQ,RAVINDRA ENERGY LIMITED  ,Listed    ,29 JUN 2026,              10.00,         198471626,            163.00,    32346905605.50     
29 JUN 2026,REMSONSIND,EQ,REMSONS INDUSTRIES LTD   ,Listed    ,29 JUN 2026,               2.00,          34878785,             81.10,     2827971887.80
29 JUN 2026,REMUS,SM,REMUS PHARMACEUTICALS L  ,Listed    ,29 JUN 2026,              10.00,          11784000,            763.55,     8997673200.00     
29 JUN 2026,RENUKA,EQ,SHREE RENUKA SUGARS LTD  ,Listed    ,29 JUN 2026,               1.00,        2128489773,             22.25,    47380182347.00    
29 JUN 2026,REPCOHOME,EQ,REPCO HOME FINANCE LTD   ,Listed    ,29 JUN 2026,              10.00,          62561362,            421.45,    26366486014.90 
29 JUN 2026,REPL,BE,RUDRABHISHEK ENTERP LTD  ,Listed    ,29 JUN 2026,              10.00,          18122500,             66.65,     1208227075.00      
29 JUN 2026,REPRO,EQ,REPRO INDIA LIMITED      ,Listed    ,29 JUN 2026,              10.00,          14345338,            370.05,     5308492326.90     
29 JUN 2026,RESPONIND,EQ,RESPONSIVE INDUSTRIES LTD,Listed    ,29 JUN 2026,               1.00,         266608544,            194.75,    51919347858.55 
29 JUN 2026,RETAIL,EQ,JHS SVENDGAARD RETAIL V L,Listed    ,29 JUN 2026,              10.00,           8204600,             17.30,      141939580.00    
29 JUN 2026,REXPIPES,SM,REX PIPES AND CABLES LTD ,Listed    ,15 JUN 2026,              10.00,           9450000,            180.00,     1701000000.00  
29 JUN 2026,REXPRO,SM,REXPRO ENTERPRISES LTD   ,Listed    ,25 JUN 2026,              10.00,          11206460,             39.15,      438732909.00    
29 JUN 2026,RFBL,SM,RFBL FLEXI PACK LIMITED  ,Listed    ,29 JUN 2026,              10.00,          23315000,             83.05,     1936310750.00      
29 JUN 2026,RGL,EQ,RENAISSANCE GLOBAL LTD   ,Listed    ,29 JUN 2026,               2.00,         107325471,            115.65,    12410044211.75       
29 JUN 2026,RHETAN,EQ,RHETAN TMT LIMITED       ,Listed    ,29 JUN 2026,               1.00,         796875000,             26.35,    20997656250.00    
29 JUN 2026,RHFL,BZ,RELIANCE HOME FINANCE LTD,Listed    ,29 JUN 2026,              10.00,         484555683,              2.10,     1027258047.95      
29 JUN 2026,RHIM,EQ,RHI MAGNESITA INDIA LTD  ,Listed    ,29 JUN 2026,               1.00,         206501426,            372.95,    77014706826.70      
29 JUN 2026,RHL,EQ,ROBUST HOTELS LIMITED    ,Listed    ,29 JUN 2026,              10.00,          17291696,            176.20,     3046451001.30       
29 JUN 2026,RICHA,ST,RICHA INFO SYSTEMS LTD   ,Listed    ,29 JUN 2026,              10.00,          13502220,             91.00,     1228702020.00     
29 JUN 2026,RICOAUTO,EQ,RICO AUTO INDUSTRIES LTD ,Listed    ,29 JUN 2026,               1.00,         135285000,            133.00,    17991552150.00  
29 JUN 2026,RIIL,EQ,RELIANCE INDUSTRIAL INFRA,Listed    ,29 JUN 2026,              10.00,          15100000,            834.85,    12606235000.00      
29 JUN 2026,RIIT,IV,RAAJMARG INFRA INVEST T  ,Listed    ,29 JUN 2026,             100.00,         600000000,            114.50,    68694000000.00      
29 JUN 2026,RILINFRA,SM,RACHANA INFRA LTD        ,Listed    ,29 JUN 2026,              10.00,          18605000,             41.40,      770247000.00  
29 JUN 2026,RISHABH,EQ,RISHABH INSTRUMENTS LTD  ,Listed    ,29 JUN 2026,              10.00,          38497348,            579.85,    22322687237.80   
29 JUN 2026,RITCO,EQ,RITCO LOGISTICS LIMITED  ,Listed    ,29 JUN 2026,              10.00,          28622757,            259.60,     7430467717.20     
29 JUN 2026,RITES,EQ,RITES LIMITED            ,Listed    ,29 JUN 2026,              10.00,         480603774,            206.10,    99057243859.15     
29 JUN 2026,RITEZONE,ST,RITE ZONE CHEMCON IND LTD,Listed    ,25 JUN 2026,              10.00,           4230270,             18.95,       80163616.50  
29 JUN 2026,RKDL,EQ,RAVI KUMAR DIST. LTD.    ,Listed    ,29 JUN 2026,              10.00,          24000000,             18.70,      448560000.00      
29 JUN 2026,RKEC,EQ,RKEC PROJECTS LIMITED    ,Listed    ,29 JUN 2026,              10.00,          25820600,             26.65,      687860784.00      
29 JUN 2026,RKFORGE,EQ,RAMKRISHNA FORGINGS LTD  ,Listed    ,29 JUN 2026,               2.00,         181030604,            558.65,   101132746924.60   
29 JUN 2026,RKSWAMY,EQ,R K SWAMY LIMITED        ,Listed    ,29 JUN 2026,               5.00,          50477241,             97.70,     4932131218.10   
29 JUN 2026,RMC,EQ,RMC SWITCHGEARS LIMITED  ,Listed    ,29 JUN 2026,              10.00,          10576850,            312.05,     3300506042.50       
29 JUN 2026,RMDRIP,EQ,R M DRIP & SPRINK SYS LTD,Listed    ,29 JUN 2026,               1.00,         428228571,             19.65,     8423255991.55    
29 JUN 2026,RML,EQ,RANE (MADRAS) LIMITED    ,Listed    ,29 JUN 2026,              10.00,          27637137,           1125.80,    31113888834.60       
29 JUN 2026,RNBDENIMS,EQ,R&B DENIMS LIMITED       ,Listed    ,29 JUN 2026,               1.00,         269920320,             10.70,     2890846627.20 
29 JUN 2026,RNFI,SM,RNFI SERVICES LIMITED    ,Listed    ,29 JUN 2026,              10.00,          25060651,            247.45,     6201258089.95      
29 JUN 2026,RNPL,SM,RENOL POLYCHEM LIMITED   ,Listed    ,29 JUN 2026,              10.00,          11398462,             76.80,      875401881.60      
29 JUN 2026,ROADSTAR,IV,ROADSTAR INFRA INVT TRUST,Listed    ,Not Traded ,             100.00,         455477143,            100.00,    45547714300.00  
29 JUN 2026,ROCKINGDCE,SM,ROCKINGDEALS CIRCU ECO L ,Listed    ,29 JUN 2026,              10.00,           5659000,            186.75,     1056818250.00
29 JUN 2026,ROHLTD,EQ,ROYAL ORCHID HOTELS LTD  ,Listed    ,29 JUN 2026,              10.00,          27425215,            332.05,     9106542640.75    
29 JUN 2026,ROLEXRINGS,EQ,ROLEX RINGS LIMITED      ,Listed    ,29 JUN 2026,               1.00,         272333120,            147.70,    40226325155.20
29 JUN 2026,ROLLT,BE,ROLLATAINERS LIMITED     ,Listed    ,29 JUN 2026,               1.00,         250130000,              2.90,      730379600.00     
29 JUN 2026,ROML,EQ,RAJ OIL MILLS LIMITED    ,Listed    ,29 JUN 2026,              10.00,          14988684,             46.00,      689479464.00      
29 JUN 2026,ROSSARI,EQ,ROSSARI BIOTECH LIMITED  ,Listed    ,29 JUN 2026,               2.00,          55383366,            523.00,    28965500418.00   
29 JUN 2026,ROSSELLIND,EQ,ROSSELL INDIA LIMITED    ,Listed    ,29 JUN 2026,               2.00,          62428270,             56.95,     3554665693.80
29 JUN 2026,ROSSTECH,EQ,ROSSELL TECHSYS LIMITED  ,Listed    ,29 JUN 2026,               2.00,          37696475,            929.10,    35023794922.50  
29 JUN 2026,ROTO,EQ,ROTO PUMPS LIMITED       ,Listed    ,29 JUN 2026,               1.00,         188445660,             71.40,    13453135667.40      
29 JUN 2026,ROUTE,EQ,ROUTE MOBILE LIMITED     ,Listed    ,29 JUN 2026,              10.00,          63003082,            517.80,    32622995859.60     
29 JUN 2026,ROXHITECH,ST,ROX HI TECH LIMITED      ,Listed    ,29 JUN 2026,              10.00,          22937688,             37.35,      856722646.80 
29 JUN 2026,ROYALARC,SM,ROYAL ARC ELECTRODES LTD ,Listed    ,29 JUN 2026,              10.00,          11100200,            149.00,     1653929800.00  
29 JUN 2026,RPEL,EQ,RAGHAV PRODUCTIVITY ENH L,Listed    ,29 JUN 2026,              10.00,          45911960,           1159.10,    53216552836.00      
29 JUN 2026,RPGLIFE,EQ,RPG LIFE SCIENCES LTD    ,Listed    ,29 JUN 2026,               8.00,          16539015,           2278.40,    37682491776.00   
29 JUN 2026,RPOWER,EQ,RELIANCE POWER LTD.      ,Listed    ,29 JUN 2026,              10.00,        4135770966,             24.15,    99837511119.25    
29 JUN 2026,RPPINFRA,EQ,R.P.P INFRA PROJECTS LTD ,Listed    ,29 JUN 2026,              10.00,          49585918,             63.20,     3134821735.95  
29 JUN 2026,RPPL,EQ,RAJSHREE POLYPACK LTD    ,Listed    ,29 JUN 2026,               5.00,          74244000,             20.45,     1519032240.00      
29 JUN 2026,RPSGVENT,EQ,RPSG VENTURES LIMITED    ,Listed    ,29 JUN 2026,              10.00,          33086409,            862.00,    28520484558.00  
29 JUN 2026,RPTECH,EQ,RASHI PERIPHERALS LIMITED,Listed    ,29 JUN 2026,               5.00,          65899665,            753.15,    49632332694.75    
29 JUN 2026,RRIL,EQ,R R I L LTD.             ,Permitted ,29 JUN 2026,               5.00,         121214290,             18.00,     2183069362.90      
29 JUN 2026,RRKABEL,EQ,R R KABEL LIMITED        ,Listed    ,29 JUN 2026,               5.00,         113101057,           2502.30,   283012774931.10   
29 JUN 2026,RSDFIN,EQ,R S D FINANCE LTD.       ,Permitted ,29 JUN 2026,               5.00,          12946480,             79.60,     1030669272.80    
29 JUN 2026,RSL,EQ,RAJPUTANA STAINLESS LTD  ,Listed    ,29 JUN 2026,              10.00,          83567658,            128.60,    10748472171.95       
29 JUN 2026,RSSOFTWARE,BE,R. S. SOFTWARE (INDIA) LI,Listed    ,29 JUN 2026,               5.00,          25831211,             35.50,      916491366.30
29 JUN 2026,RSWM,BE,RSWM LIMITED             ,Listed    ,29 JUN 2026,              10.00,          47101684,            191.90,     9038813159.60      
29 JUN 2026,RSYSTEMS,EQ,R SYS INTERNATIONAL LTD  ,Listed    ,29 JUN 2026,               1.00,         118482061,            238.90,    28305364372.90  
29 JUN 2026,RTL,SM,RAMA TELECOM LIMITED     ,Listed    ,29 JUN 2026,              10.00,          13199349,             88.95,     1174082093.55       
29 JUN 2026,RTNINDIA,EQ,RATTANINDIA ENT LIMITED  ,Listed    ,29 JUN 2026,               2.00,        1382269592,             32.90,    45449024184.95  
29 JUN 2026,RTNPOWER,EQ,RATTANINDIA POWER LIMITED,Listed    ,29 JUN 2026,              10.00,        5370105860,              9.00,    48384653798.60  
29 JUN 2026,RUBFILA,EQ,RUBFILA INTERNATIONAL LTD,Listed    ,29 JUN 2026,               5.00,          54267529,             70.20,     3810123211.10   
29 JUN 2026,RUBICON,EQ,RUBICON RESEARCH LIMITED ,Listed    ,29 JUN 2026,               1.00,         164750309,           1419.60,   233879538656.40   
29 JUN 2026,RUBYMILLS,BE,THE RUBY MILLS LTD       ,Listed    ,29 JUN 2026,               5.00,          33440000,            325.45,    10883048000.00 
29 JUN 2026,RUCHINFRA,EQ,RUCHI INFRASTRUCTURE LTD ,Listed    ,29 JUN 2026,               1.00,         236024942,              6.20,     1458634141.55 
29 JUN 2026,RUCHIRA,EQ,RUCHIRA PAPERS LIMITED   ,Listed    ,29 JUN 2026,              10.00,          29844985,            109.80,     3276979353.00   
29 JUN 2026,RUDRA,BE,RUDRA GLOBAL INFRA PROD L,Listed    ,29 JUN 2026,               5.00,         100343828,             17.20,     1725913841.60     
29 JUN 2026,RULKA,SM,RULKA ELECTRICALS LIMITED,Listed    ,29 JUN 2026,              10.00,           4258400,             89.95,      383043080.00     
29 JUN 2026,RUPA,EQ,RUPA & COMPANY LTD       ,Listed    ,29 JUN 2026,               1.00,          79524560,            168.60,    13406250324.80      
29 JUN 2026,RUSHIL,EQ,RUSHIL DECOR LIMITED     ,Listed    ,29 JUN 2026,               1.00,         293416820,             16.50,     4835509193.60    
29 JUN 2026,RUSTOMJEE,EQ,KEYSTONE REALTORS LIMITED,Listed    ,29 JUN 2026,              10.00,         126233335,            424.40,    53573427374.00 
29 JUN 2026,RVHL,EQ,RAVINDER HEIGHTS LIMITED ,Listed    ,29 JUN 2026,               1.00,          61325746,             45.25,     2773763491.60      
29 JUN 2026,RVNL,EQ,RAIL VIKAS NIGAM LIMITED ,Listed    ,29 JUN 2026,              10.00,        2085020100,            237.50,   495213123951.00      
29 JUN 2026,RVTH,EQ,REVATHI EQUIPMENT INDIA L,Listed    ,29 JUN 2026,              10.00,           3066943,            745.95,     2287786130.85      
29 JUN 2026,S&SPOWER,EQ,S&S POWER SWITCHGEARS LTD,Listed    ,29 JUN 2026,              10.00,          12341550,            370.75,     4575629662.50  
29 JUN 2026,SAAKSHI,SM,SAAKSHI MEDTEC N PANELS L,Listed    ,29 JUN 2026,              10.00,          17656000,            325.50,     5747028000.00   
29 JUN 2026,SAATVIKGL,EQ,SAATVIK GREEN ENERGY LTD ,Listed    ,29 JUN 2026,               2.00,         127105004,            462.40,    58773353849.60 
29 JUN 2026,SABAR,SM,SABAR FLEX INDIA LIMITED ,Listed    ,24 JUN 2026,              10.00,          19219364,              6.30,      121081993.20     
29 JUN 2026,SABEVENTS,BE,SAB EVENTS & GOVERNANCE  ,Listed    ,29 JUN 2026,              10.00,          10483711,              8.50,       89006706.40 
29 JUN 2026,SACHEEROME,SM,SACHEEROME LIMITED       ,Listed    ,29 JUN 2026,              10.00,          22372800,            314.85,     7044076080.00
29 JUN 2026,SADBHAV,EQ,SADBHAV ENGINEERING LTD  ,Listed    ,29 JUN 2026,               1.00,         171570800,              8.70,     1492665960.00   
29 JUN 2026,SADBHIN,BE,SADBHAV INFRA PROJ LTD.  ,Listed    ,29 JUN 2026,              10.00,         352225216,              2.70,      943963578.90   
29 JUN 2026,SADHAV,SM,SADHAV SHIPPING LIMITED  ,Listed    ,29 JUN 2026,              10.00,          16133043,            112.50,     1814967337.50    
29 JUN 2026,SADHNANIQ,BE,SADHANA NITROCHEM LIMITED,Listed    ,29 JUN 2026,               1.00,        2964699513,              2.90,     8656922577.95 
29 JUN 2026,SAFARI,EQ,SAFARI IND (INDIA) LTD   ,Listed    ,29 JUN 2026,               2.00,          48993927,           1586.60,    77733764578.20    
29 JUN 2026,SAFEENTP,SM,SAFE ENTER RETAIL FIX LTD,Listed    ,29 JUN 2026,               5.00,          46604478,            278.65,    12986337794.70  
29 JUN 2026,SAGARDEEP,EQ,SAGARDEEP ALLOYS LIMITED ,Listed    ,29 JUN 2026,              10.00,          17057400,             24.90,      424899834.00 
29 JUN 2026,SAGCEM,EQ,SAGAR CEMENTS LIMITED    ,Listed    ,29 JUN 2026,               2.00,         130707548,            175.45,    22931332221.10    
29 JUN 2026,SAGILITY,EQ,SAGILITY LIMITED         ,Listed    ,29 JUN 2026,              10.00,        4681328413,             39.40,   184491152756.35  
29 JUN 2026,SAHAJSOLAR,SM,SAHAJ SOLAR LIMITED      ,Listed    ,29 JUN 2026,              10.00,          21972020,            132.00,     2900306640.00
29 JUN 2026,SAHANA,SM,SAHANA SYSTEM LIMITED    ,Listed    ,29 JUN 2026,              10.00,           8837104,            877.45,     7754116904.80    
29 JUN 2026,SAHASRA,ST,SAHASRA ELECTRONIC SOLU L,Listed    ,29 JUN 2026,              10.00,          24992763,            323.40,     8082659554.20   
29 JUN 2026,SAHLIBHFI,EQ,SHALIBHADRA FINANCE LTD  ,Listed    ,29 JUN 2026,              10.00,          30888400,             79.90,     2468292044.00 
29 JUN 2026,SAHYADRI,EQ,SAHYADRI INDUSTRIES LTD  ,Listed    ,29 JUN 2026,              10.00,          10946300,            273.80,     2997096940.00  
29 JUN 2026,SAIFL,SM,SAMEERA AGRO AND INFRA L ,Listed    ,29 JUN 2026,              10.00,          26949800,              5.45,      146876410.00     
29 JUN 2026,SAIL,EQ,STEEL AUTHORITY OF INDIA ,Listed    ,29 JUN 2026,              10.00,        4130525289,            175.25,   723791946391.45      
29 JUN 2026,SAILIFE,EQ,SAI LIFE SCIENCES LIMITED,Listed    ,29 JUN 2026,               1.00,         211768134,           1247.90,   264265454418.60   
29 JUN 2026,SAIPARENT,EQ,SAI PARENTERALS LIMITED  ,Listed    ,29 JUN 2026,               5.00,          44179231,            587.45,    25953089250.95 
29 JUN 2026,SAJHOTELS,SM,SAJ HOTELS LIMITED       ,Listed    ,29 JUN 2026,              10.00,          16125000,             35.10,      565987500.00 
29 JUN 2026,SAKAR,EQ,SAKAR HEALTHCARE LIMITED ,Listed    ,29 JUN 2026,              10.00,          22249910,            832.45,    18521937579.50     
29 JUN 2026,SAKHTISUG,EQ,SAKTHI SUGARS LTD        ,Listed    ,29 JUN 2026,              10.00,         118849036,             16.65,     1976459468.70 
29 JUN 2026,SAKSOFT,EQ,SAKSOFT LIMITED          ,Listed    ,29 JUN 2026,               1.00,         132551250,            183.75,    24358943212.50   
29 JUN 2026,SAKUMA,BE,SAKUMA EXPORTS LIMITED   ,Listed    ,29 JUN 2026,               1.00,        1567718640,              1.85,     2915956670.40    
29 JUN 2026,SALASAR,EQ,SALASAR TECHNO ENGG. LTD.,Listed    ,29 JUN 2026,               1.00,        1747950290,              6.10,    10645017266.10   
29 JUN 2026,SALONA,EQ,SALONA COTSPIN LTD.      ,Listed    ,29 JUN 2026,              10.00,           5262400,            256.60,     1350331840.00    
29 JUN 2026,SALSTEEL,BE,S.A.L. STEEL LTD.        ,Listed    ,29 JUN 2026,              10.00,         104216700,             54.50,     5677725816.00  
29 JUN 2026,SALZERELEC,EQ,SALZER ELECTRONICS LTD   ,Listed    ,29 JUN 2026,              10.00,          17682737,            628.35,    11110947793.95
29 JUN 2026,SAMAY,SM,SAMAY PROJECT SERVICES L ,Listed    ,29 JUN 2026,              10.00,          15349320,             46.50,      713743380.00     
29 JUN 2026,SAMBHAAV,EQ,SAMBHAAV MEDIA LTD       ,Listed    ,29 JUN 2026,               1.00,         191110840,              6.35,     1213553834.00  
29 JUN 2026,SAMBHV,EQ,SAMBHV STEEL TUBES LTD   ,Listed    ,29 JUN 2026,              10.00,         294671429,            110.55,    32575926475.95    
29 JUN 2026,SAMHI,EQ,SAMHI HOTELS LIMITED     ,Listed    ,29 JUN 2026,               1.00,         221206154,            176.45,    39029613811.75     
29 JUN 2026,SAMMAANCAP,EQ,SAMMAAN CAPITAL LIMITED  ,Listed    ,29 JUN 2026,               2.00,        1158666851,            167.65,   194238910901.65
29 JUN 2026,SAMPANN,EQ,SAMPANN UTPADAN INDIA LTD,Listed    ,29 JUN 2026,              10.00,          48810000,             28.20,     1376930100.00   
29 JUN 2026,SANATHAN,EQ,SANATHAN TEXTILES LIMITED,Listed    ,29 JUN 2026,              10.00,          84404059,            447.95,    37808798229.05  
29 JUN 2026,SANDESH,EQ,SANDESH LTD              ,Listed    ,29 JUN 2026,              10.00,           7569421,           1011.30,     7654955457.30   
29 JUN 2026,SANDHAR,EQ,SANDHAR TECHNOLOGIES LTD ,Listed    ,29 JUN 2026,              10.00,          60190708,            674.05,    40571546727.40   
29 JUN 2026,SANDUMA,EQ,SANDUR MANG & IRON ORES L,Listed    ,29 JUN 2026,              10.00,         486104814,            207.95,   101085496071.30   
29 JUN 2026,SANGAMIND,EQ,SANGAM (INDIA) LTD       ,Listed    ,29 JUN 2026,              10.00,          50246559,            532.35,    26748755683.65 
29 JUN 2026,SANGANI,SM,SANGANI HOSPITALS LIMITED,Listed    ,29 JUN 2026,              10.00,          13776990,             43.00,      592410570.00   
29 JUN 2026,SANGHVIMOV,EQ,SANGHVI MOVERS LTD       ,Listed    ,29 JUN 2026,               1.00,          86576000,            421.95,    36530743200.00
29 JUN 2026,SANGINITA,BE,SANGINITA CHEMICALS LTD  ,Listed    ,29 JUN 2026,              10.00,          25901550,             42.40,     1098225720.00 
29 JUN 2026,SANOFI,EQ,SANOFI INDIA LIMITED     ,Listed    ,29 JUN 2026,              10.00,          23030622,           3366.70,    77537195087.40    
29 JUN 2026,SANOFICONR,EQ,SANOFI CONS HEALTHC IND L,Listed    ,29 JUN 2026,              10.00,          23030622,           4608.00,   106125106176.00
29 JUN 2026,SANSERA,EQ,SANSERA ENGINEERING LTD  ,Listed    ,29 JUN 2026,               2.00,          62224268,           3139.70,   195365534239.60   
29 JUN 2026,SANSTAR,EQ,SANSTAR LIMITED          ,Listed    ,29 JUN 2026,               2.00,         182244250,            121.00,    22053376692.50   
29 JUN 2026,SANWARIA,BZ,SANWARIA CONSUMER LIMITED,Listed    ,29 JUN 2026,               1.00,         736100000,              0.20,      154581000.00  
29 JUN 2026,SAPPHIRE,EQ,SAPPHIRE FOODS INDIA LTD ,Listed    ,29 JUN 2026,               2.00,         321382905,            180.40,    57977476062.00  
29 JUN 2026,SAPPL,EQ,SHREE AJIT PULP & PAPER L,Permitted ,29 JUN 2026,              10.00,           8850744,            257.75,     2281279266.00     
29 JUN 2026,SARDAEN,EQ,SARDA ENERGY & MIN LTD   ,Listed    ,29 JUN 2026,               1.00,         352381270,            505.50,   178128731985.00   
29 JUN 2026,SAREGAMA,EQ,SAREGAMA INDIA LIMITED   ,Listed    ,29 JUN 2026,               1.00,         192809490,            498.90,    96192654561.00  
29 JUN 2026,SARLAPOLY,EQ,SARLA PERF. FIBERS LTD   ,Listed    ,29 JUN 2026,               1.00,          83503000,             97.45,     8137367350.00 
29 JUN 2026,SAROJA,SM,SAROJA PHARMA INDUS IND L,Listed    ,22 JUN 2026,              10.00,           4020486,             33.00,      132676038.00    
29 JUN 2026,SARTELE,SM,SAR TELEVENTURE LIMITED  ,Listed    ,29 JUN 2026,               2.00,          49078000,            129.70,     6365416600.00   
29 JUN 2026,SARVESHWAR,BE,SARVESHWAR FOODS LIMITED ,Listed    ,29 JUN 2026,               1.00,        1228726469,              3.75,     4607724258.75
29 JUN 2026,SASKEN,EQ,SASKEN TECHNOLOGIES LTD  ,Listed    ,29 JUN 2026,              10.00,          15186471,           2187.50,    33220405312.50    
29 JUN 2026,SATECH,SM,S A TECH SOFTWARE INDIA L,Listed    ,29 JUN 2026,              10.00,          13057281,             33.45,      436766049.45    
29 JUN 2026,SATIA,EQ,SATIA INDUSTRIES LIMITED ,Listed    ,29 JUN 2026,               1.00,         100000000,             54.00,     5399000000.00     
29 JUN 2026,SATIN,EQ,SATIN CREDIT NET LTD     ,Listed    ,29 JUN 2026,              10.00,         110470965,            235.90,    26058995933.85     
29 JUN 2026,SATIPOLY,ST,SATI POLY PLAST LIMITED  ,Listed    ,29 JUN 2026,              10.00,           4947000,             31.85,      157561950.00  
29 JUN 2026,SATKARTAR,ST,SAT KARTAR LIFE LIMITED  ,Listed    ,29 JUN 2026,              10.00,          15744876,            145.00,     2283007020.00 
29 JUN 2026,SATTVAENGG,SM,SATTVA ENGINEERING CSTN L,Listed    ,29 JUN 2026,              10.00,          17468616,             76.65,     1338969416.40
29 JUN 2026,SAURASHCEM,EQ,SAURASHTRA CEMENT LIMITED,Listed    ,29 JUN 2026,              10.00,         111287280,             57.10,     6355616560.80
29 JUN 2026,SAVY,SM,SAVY INFRA AND LOGI LTD  ,Listed    ,29 JUN 2026,              10.00,          20808480,            128.50,     2673889680.00      
29 JUN 2026,SAWALIYA,SM,SAWALIYA FOOD PRODUCTS L ,Listed    ,29 JUN 2026,              10.00,           9918220,            298.40,     2959596848.00  
29 JUN 2026,SAYAJIHOTL,EQ,SAYAJI HOTELS LTD.       ,Permitted ,29 JUN 2026,              10.00,          17517977,            315.40,     5525169945.80
29 JUN 2026,SBC,EQ,SBC EXPORTS LIMITED      ,Listed    ,29 JUN 2026,               1.00,         476190000,             41.75,    19880932500.00       
29 JUN 2026,SBCL,EQ,SHIVALIK BIMETAL CON. LTD,Listed    ,29 JUN 2026,               2.00,          57604200,            746.95,    43027457190.00      
29 JUN 2026,SBFC,EQ,SBFC FINANCE LIMITED     ,Listed    ,29 JUN 2026,              10.00,        1106414229,             90.95,   100606245842.95      
29 JUN 2026,SBGLP,EQ,SURATWWALA BUS GROUP LTD ,Listed    ,29 JUN 2026,               1.00,         173416440,             25.25,     4375296781.20     
29 JUN 2026,SBICARD,EQ,SBI CARDS & PAY SER LTD  ,Listed    ,29 JUN 2026,              10.00,         951594721,            601.90,   572764862569.90   
29 JUN 2026,SBILIFE,EQ,SBI LIFE INSURANCE CO LTD,Listed    ,29 JUN 2026,              10.00,        1003016796,           1755.40,  1760695683698.40   
29 JUN 2026,SBIN,EQ,STATE BANK OF INDIA      ,Listed    ,29 JUN 2026,               1.00,        9230617586,           1036.10,  9563842880854.60      
29 JUN 2026,SCANSTL,EQ,SCAN STEELS LTD.         ,Permitted ,29 JUN 2026,              10.00,          58602295,             39.00,     2285489505.00   
29 JUN 2026,SCHAEFFLER,EQ,SCHAEFFLER INDIA LIMITED ,Listed    ,29 JUN 2026,               2.00,         156303670,           4092.20,   639625878374.00
29 JUN 2026,SCHAND,EQ,S CHAND AND COMPANY LTD  ,Listed    ,29 JUN 2026,               5.00,          35272192,            145.50,     5132456657.90    
29 JUN 2026,SCHNEIDER,EQ,SCHNEIDER ELECTRIC INFRA ,Listed    ,29 JUN 2026,               2.00,         239104035,           1453.60,   347561625276.00 
29 JUN 2026,SCI,EQ,SHIPPING CORP OF INDIA LT,Listed    ,29 JUN 2026,              10.00,         465799010,            307.30,   143140035773.00       
29 JUN 2026,SCILAL,EQ,SHIPPING CORP OF ILA LTD ,Listed    ,29 JUN 2026,              10.00,         465799010,             43.95,    20471866489.50    
29 JUN 2026,SCML,SM,SHARP CHUCKS N MACHINES L,Listed    ,29 JUN 2026,              10.00,          11509792,             76.85,      884527515.20      
29 JUN 2026,SCODATUBES,EQ,SCODA TUBES LIMITED      ,Listed    ,29 JUN 2026,              10.00,          59908900,            143.65,     8607111663.00
29 JUN 2026,SCPL,EQ,SHEETAL COOL PRODUCTS LTD,Listed    ,29 JUN 2026,              10.00,          10500000,            486.85,     5111925000.00      
29 JUN 2026,SDBL,EQ,SOM DIST & BREW LTD      ,Listed    ,29 JUN 2026,               2.00,         194988432,             67.25,    13109072283.35      
29 JUN 2026,SDREAMS,SM,S D RETAIL LIMITED       ,Listed    ,29 JUN 2026,              10.00,          18722386,             87.05,     1629783701.30   
29 JUN 2026,SEAMECLTD,EQ,SEAMEC LIMITED           ,Listed    ,29 JUN 2026,              10.00,          25425000,           1450.90,    36889132500.00 
29 JUN 2026,SECL,SZ,SALASAR EXTERIOR CONT LTD,Listed    ,29 JUN 2026,               1.00,         102948350,              2.85,      293402797.50      
29 JUN 2026,SECMARK,EQ,SECMARK CONSULTANCY LTD  ,Listed    ,29 JUN 2026,              10.00,          10447000,            125.65,     1312874490.00   
29 JUN 2026,SECURKLOUD,EQ,SECUREKLOUD TECH LIMITED ,Listed    ,29 JUN 2026,               5.00,          33410605,             19.00,      634801495.00
29 JUN 2026,SEDEMAC,EQ,SEDEMAC MECHATRONICS LTD ,Listed    ,29 JUN 2026,              10.00,          44161500,           2716.80,   119977963200.00   
29 JUN 2026,SEIL,EQ,SHANTI EDU INITIATIVES L ,Permitted ,29 JUN 2026,               1.00,         161000000,            206.45,    33240060000.00      
29 JUN 2026,SEITINVIT,IV,SUSTAINABLE ENERGY INFRA ,Listed    ,19 JUN 2026,             100.00,         324000000,            123.00,    39852000000.00 
29 JUN 2026,SEJALLTD,BE,SEJAL GLASS LIMITED      ,Listed    ,29 JUN 2026,              10.00,          11400000,            728.50,     8304900000.00  
29 JUN 2026,SEL,ST,SUNGARNER ENERGIES LTD   ,Listed    ,29 JUN 2026,              10.00,           2318750,            181.00,      419693750.00       
29 JUN 2026,SELLOWRAP,SM,SELLOWRAP INDUSTRIES LTD ,Listed    ,24 JUN 2026,              10.00,          13744220,             71.00,      975839620.00 
29 JUN 2026,SELMC,EQ,SEL MANUFACTURING CO LTD ,Listed    ,29 JUN 2026,              10.00,          33134700,             29.25,      968527281.00     
29 JUN 2026,SEMAC,BE,SEMAC CONSTRUCTION LTD   ,Listed    ,29 JUN 2026,              10.00,           3117308,            340.50,     1061443374.00     
29 JUN 2026,SENCO,EQ,SENCO GOLD LIMITED       ,Listed    ,29 JUN 2026,               5.00,         163806672,            327.15,    53589352744.80     
29 JUN 2026,SENORES,EQ,SENORES PHARMACEUTICALS L,Listed    ,29 JUN 2026,              10.00,          46053588,           1319.60,    60772314724.80   
29 JUN 2026,SEPC,EQ,SEPC LIMITED             ,Listed    ,29 JUN 2026,              10.00,        1893220335,              6.45,    12173406754.05      
29 JUN 2026,SERVICE,SM,SERVICE CARE LIMITED     ,Listed    ,29 JUN 2026,              10.00,          13328500,             50.00,      666425000.00   
29 JUN 2026,SERVOTECH,EQ,SERVOTECH REN POW SYS LTD,Listed    ,29 JUN 2026,               1.00,         225845348,             95.70,    21613399803.60 
29 JUN 2026,SESHAPAPER,EQ,SESHASAYEE PAPER & BOARDS,Listed    ,29 JUN 2026,               2.00,          63068140,            226.45,    14281780303.00
29 JUN 2026,SETCO,BE,SETCO AUTOMOTIVE LTD     ,Listed    ,29 JUN 2026,               2.00,         133767275,             16.50,     2205822364.75     
29 JUN 2026,SETL,EQ,STANDARD ENGNG TCNLGY LTD,Listed    ,29 JUN 2026,              10.00,         199491662,            233.45,    46567338660.65      
29 JUN 2026,SETUINFRA,BZ,SETUBANDHAN INFRA LTD    ,Listed    ,29 JUN 2026,               1.00,         125678260,              0.45,       55298434.40 
29 JUN 2026,SEYAIND,BE,SEYA INDUSTRIES LIMITED  ,Listed    ,29 JUN 2026,              10.00,          26570540,             13.00,      345948430.80   
29 JUN 2026,SFL,EQ,SHEELA FOAM LIMITED      ,Listed    ,29 JUN 2026,               5.00,         109198924,            742.65,    81096580908.60       
29 JUN 2026,SFML,SM,SUPREME FACILITY MGMT LTD,Listed    ,25 JUN 2026,              10.00,          24829200,             23.35,      579761820.00      
29 JUN 2026,SGFIN,EQ,SG FINSERVE LIMITED      ,Listed    ,29 JUN 2026,              10.00,          55895000,            602.35,    33668353250.00     
29 JUN 2026,SGIL,EQ,SYNERGY GREEN IND. LTD   ,Listed    ,29 JUN 2026,              10.00,          15543000,            560.40,     8710297200.00      
29 JUN 2026,SGL,EQ,STL GLOBAL LIMITED       ,Listed    ,29 JUN 2026,              10.00,          26990914,             10.00,      270179049.15       
29 JUN 2026,SGMART,EQ,SG MART LIMITED          ,Listed    ,29 JUN 2026,               1.00,         126000000,            588.20,    74113200000.00    
29 JUN 2026,SHADOWFAX,EQ,SHADOWFAX TECHNOLOGIES L ,Listed    ,29 JUN 2026,              10.00,         581326619,            226.20,   131501894484.00 
29 JUN 2026,SHAH,EQ,SHAH METACORP LIMITED    ,Listed    ,29 JUN 2026,               1.00,         987679005,              4.05,     4000099970.25      
29 JUN 2026,SHAHALLOYS,EQ,SHAH ALLOYS LIMITED      ,Listed    ,29 JUN 2026,              10.00,          19797540,             69.50,     1375731054.60
29 JUN 2026,SHAILY,EQ,SHAILY ENG PLASTICS LTD  ,Listed    ,29 JUN 2026,               2.00,          45955093,           2896.90,   133127308911.70    
29 JUN 2026,SHAIVAL,ST,SHAIVAL REALITY LIMITED  ,Listed    ,20 MAR 2026,              10.00,          11574000,             33.00,      381942000.00   
29 JUN 2026,SHAKTIPUMP,EQ,SHAKTI PUMPS (I) LTD     ,Listed    ,29 JUN 2026,              10.00,         123397965,            589.70,    72767779960.50
29 JUN 2026,SHALBY,EQ,SHALBY LIMITED           ,Listed    ,29 JUN 2026,              10.00,         108009770,            171.60,    18533396434.30    
29 JUN 2026,SHALPAINTS,EQ,SHALIM PAINTS LTD        ,Listed    ,29 JUN 2026,               2.00,          83711178,             51.15,     4282663866.50
29 JUN 2026,SHANKARA,BE,SHANKARA BLDG PRODUCT LTD,Listed    ,29 JUN 2026,              10.00,          24249326,            122.55,     2971754901.30  
29 JUN 2026,SHANTHALA,SM,SHANTHALA FMCG PRODUCTS L,Listed    ,29 JUN 2026,              10.00,           6698064,             23.10,      154725278.40 
29 JUN 2026,SHANTI,EQ,SHANTI OVERSEAS INDIA LTD,Listed    ,29 JUN 2026,              10.00,          11106000,              6.45,       71522640.00    
29 JUN 2026,SHANTIGEAR,EQ,SHANTHI GEARS LTD        ,Listed    ,29 JUN 2026,               1.00,          76715853,            440.45,    33789497453.85
29 JUN 2026,SHANTIGOLD,EQ,SHANTI GOLD INTERNATION L,Listed    ,29 JUN 2026,              10.00,          72096000,            222.65,    16052895360.00
29 JUN 2026,SHARDACROP,EQ,SHARDA CROPCHEM LTD.     ,Listed    ,29 JUN 2026,              10.00,          90220495,            880.40,    79430123798.00
29 JUN 2026,SHARDAMOTR,EQ,SHARDA MOTOR INDS LTD    ,Listed    ,29 JUN 2026,               2.00,          57407706,            830.90,    47700062915.40
29 JUN 2026,SHARDUL,EQ,SHARDUL SECURITIES LTD.  ,Permitted ,29 JUN 2026,               2.00,          87492165,             28.85,     2522399116.95   
29 JUN 2026,SHAREINDIA,EQ,SHARE IND. SECURITIES LTD,Listed    ,29 JUN 2026,               2.00,         217492050,            134.40,    29230931520.00
29 JUN 2026,SHBAJRG,EQ,SHRI BAJRANG ALLIANCE L  ,Permitted ,29 JUN 2026,              10.00,           9000000,            192.10,     1728720000.00   
29 JUN 2026,SHEEL,ST,SHEEL BIOTECH LIMITED    ,Listed    ,29 JUN 2026,              10.00,          20352550,             68.25,     1389061537.50     
29 JUN 2026,SHEETAL,SM,SHEETAL UNIVERSAL LIMITED,Listed    ,29 JUN 2026,              10.00,          11455999,            296.50,     3396703703.50   
29 JUN 2026,SHEKHAWATI,BE,SHEKHAWATI INDUSTRIES LTD,Listed    ,29 JUN 2026,              10.00,          34470000,             13.85,      477409500.00
29 JUN 2026,SHEMAROO,BE,SHEMAROO ENTER. LTD.     ,Listed    ,29 JUN 2026,              10.00,          28730299,            131.00,     3763669169.00  
29 JUN 2026,SHERA,ST,SHERA ENERGY LIMITED     ,Listed    ,29 JUN 2026,              10.00,          24439347,            163.75,     4001943071.25     
29 JUN 2026,SHETHJI,ST,SHREEJI GLOBAL FMCG LTD  ,Listed    ,29 JUN 2026,              10.00,          22760000,            157.60,     3586976000.00   
29 JUN 2026,SHIGAN,SM,SHIGAN QUANTUM TECH LTD  ,Listed    ,29 JUN 2026,              10.00,          20327400,             64.70,     1315182780.00    
29 JUN 2026,SHILCTECH,EQ,SHILCHAR TECHNOLOGIES LTD,Listed    ,29 JUN 2026,              10.00,          11440200,           4464.30,    51072484860.00 
29 JUN 2026,SHILPAMED,EQ,SHILPA MEDICARE LTD      ,Listed    ,29 JUN 2026,               1.00,         195581816,            573.60,   112185729657.60 
29 JUN 2026,SHINDL,EQ,SHARAT INDUSTRIES LTD.   ,Permitted ,29 JUN 2026,              10.00,          39214451,            145.20,     5693938285.20    
29 JUN 2026,SHIVALIK,BE,SHIVALIK RASAYAN LIMITED ,Listed    ,29 JUN 2026,               5.00,          15750365,            223.50,     3520206577.50  
29 JUN 2026,SHIVAMAUTO,BE,SHIVAM AUTO.LTD          ,Listed    ,29 JUN 2026,               2.00,         131495219,             16.30,     2144687021.90
29 JUN 2026,SHIVAMILLS,BE,SHIVA MILLS LIMITED      ,Listed    ,29 JUN 2026,              10.00,           8641808,             59.60,      515138174.90
29 JUN 2026,SHIVASHRIT,SM,SHIVASHRIT FOODS LIMITED ,Listed    ,29 JUN 2026,              10.00,          18269000,            125.20,     2287278800.00
29 JUN 2026,SHIVATEX,EQ,SHIVA TEXYARN LIMITED    ,Listed    ,29 JUN 2026,              10.00,          12962713,            148.75,     1927944304.50  
29 JUN 2026,SHIVAUM,EQ,SHIV AUM STEELS LIMITED  ,Listed    ,29 JUN 2026,              10.00,          13600400,            420.00,     5712168000.00   
29 JUN 2026,SHK,EQ,S H KELKAR AND CO. LTD.  ,Listed    ,29 JUN 2026,              10.00,         138420801,            132.25,    18304766724.25       
29 JUN 2026,SHKSIL,SM,SHRI HARE-KRI SPO IRON L ,Listed    ,25 JUN 2026,              10.00,          19191050,             40.00,      767642000.00    
29 JUN 2026,SHOPERSTOP,EQ,SHOPPERS STOP LIMITED    ,Listed    ,29 JUN 2026,               5.00,         110117329,            365.20,    40214848550.80
29 JUN 2026,SHRADHA,EQ,SHRADHA REALTY LIMITED   ,Listed    ,29 JUN 2026,               2.00,          80997568,             33.95,     2749867433.60   
29 JUN 2026,SHREDIGCEM,EQ,SHREE DIGVIJAY CEM CO LTD,Listed    ,29 JUN 2026,              10.00,         147869278,             74.55,    11020697289.35
29 JUN 2026,SHREECEM,EQ,SHREE CEMENT LIMITED     ,Listed    ,29 JUN 2026,              10.00,          36080748,          25145.00,   907250408460.00  
29 JUN 2026,SHREEJISPG,EQ,SHREEJI SHIPPING GLOBAL L,Listed    ,29 JUN 2026,              10.00,         162918254,            480.85,    78339242435.90
29 JUN 2026,SHREEKARNI,SM,SHREE KARNI FABCOM LTD   ,Listed    ,29 JUN 2026,              10.00,           7228750,            445.40,     3219685250.00
29 JUN 2026,SHREEOSFM,SM,SHREE OSFM E-MOBILITY LTD,Listed    ,29 JUN 2026,              10.00,          15403400,             54.25,      835634450.00 
29 JUN 2026,SHREEPUSHK,EQ,SHRE PUSH CHEM & FERT LTD,Listed    ,29 JUN 2026,              10.00,          32337691,            407.90,    13190544158.90
29 JUN 2026,SHREERAMA,EQ,SHREE RAMA MULTI TECH LTD,Listed    ,29 JUN 2026,               5.00,         133468005,             42.20,     5632349811.00 
29 JUN 2026,SHREMINVIT,IV,SHREM INVIT              ,Listed    ,29 JUN 2026,             100.00,         610844160,            101.70,    62122851072.00
29 JUN 2026,SHRENIK,BZ,SHRENIK LIMITED          ,Listed    ,29 JUN 2026,               1.00,         612000000,              0.40,      244800000.00   
29 JUN 2026,SHREYANIND,EQ,SHREYANS INDUSTRIES LTD  ,Listed    ,29 JUN 2026,              10.00,          13825000,            138.00,     1907988250.00
29 JUN 2026,SHRIAHIMSA,ST,SHRI AHIMSA NATURALS LTD ,Listed    ,29 JUN 2026,              10.00,          23430900,            432.55,    10135035795.00
29 JUN 2026,SHRIKANHA,ST,SHRI KANHA STAINLESS LTD ,Listed    ,29 JUN 2026,              10.00,          15582400,             25.35,      395013840.00 
29 JUN 2026,SHRIKRISH,EQ,SHRI KRISHNA DEVCON LTD. ,Permitted ,29 JUN 2026,              10.00,          28000000,             40.55,     1134840000.00 
29 JUN 2026,SHRINGARMS,EQ,SHRINGAR HOU OF MANGALS L,Listed    ,29 JUN 2026,              10.00,          96432080,            219.70,    21184199334.40
29 JUN 2026,SHRIPISTON,EQ,SHRIRAM PIST. & RING LTD ,Listed    ,29 JUN 2026,              10.00,          44049824,           4008.90,   176591339433.60
29 JUN 2026,SHRIRAMFIN,EQ,SHRIRAM FINANCE LIMITED  ,Listed    ,29 JUN 2026,               2.00,        2352686426,           1032.65,  2429501637808.90
29 JUN 2026,SHRIRAMPPS,EQ,SHRIRAM PROPERTIES LTD   ,Listed    ,29 JUN 2026,              10.00,         170654392,             87.15,    14870823718.90
29 JUN 2026,SHRITECH,SM,SHRI TECHTEX LIMITED     ,Listed    ,29 JUN 2026,              10.00,          24950000,             65.00,     1621750000.00  
29 JUN 2026,SHUBHLAXMI,SM,SHUBHLAXMI JEWEL ART LTD ,Listed    ,29 JUN 2026,              10.00,          10604000,             26.20,      277824800.00
29 JUN 2026,SHUBHSHREE,SM,SHUBHSHREE BIOFUELS ENE L,Listed    ,29 JUN 2026,              10.00,           5242000,            335.00,     1756070000.00
29 JUN 2026,SHYAMCENT,EQ,SHYAM CENTURY FERROUS LTD,Listed    ,29 JUN 2026,               1.00,         212172990,              5.50,     1169073174.90 
29 JUN 2026,SHYAMDHANI,ST,SHYAM DHANI INDUSTRIES L ,Listed    ,25 JUN 2026,              10.00,          20656000,             64.05,     1323016800.00
29 JUN 2026,SHYAMMETL,EQ,SHYAM METALICS AND ENGY L,Listed    ,29 JUN 2026,              10.00,         279131853,            952.05,   265747480648.65 
29 JUN 2026,SHYAMTEL,BE,SHYAM TELECOM LIMITED    ,Listed    ,29 JUN 2026,              10.00,          11270000,             20.15,      227315900.00  
29 JUN 2026,SICAGEN,EQ,SICAGEN INDIA LIMITED    ,Permitted ,29 JUN 2026,              10.00,          39571684,             52.85,     2091759216.25   
29 JUN 2026,SICALLOG,BE,SICAL LOGISTICS LIMITED  ,Listed    ,29 JUN 2026,              10.00,         208797056,             91.10,    19025587742.70  
29 JUN 2026,SIDDHICOTS,SM,SIDDHI COTSPIN LIMITED   ,Listed    ,29 JUN 2026,              10.00,          24406491,             29.00,      707788239.00
29 JUN 2026,SIDDHIKA,SM,SIDDHIKA COATINGS LIMITED,Listed    ,29 JUN 2026,              10.00,           6179000,            218.00,     1347022000.00  
29 JUN 2026,SIEMENS,EQ,SIEMENS LTD              ,Listed    ,29 JUN 2026,               2.00,         356120505,           3573.10,  1272454176415.50   
29 JUN 2026,SIGACHI,BE,SIGACHI INDUSTRIES LTD   ,Listed    ,29 JUN 2026,               1.00,         382117010,             24.30,     9289264513.10   
29 JUN 2026,SIGIND,EQ,SIGNET INDUSTRIES LIMITED,Listed    ,29 JUN 2026,              10.00,          29437000,             47.10,     1386482700.00    
29 JUN 2026,SIGMA,EQ,SIGMA SOLVE LIMITED      ,Listed    ,29 JUN 2026,               1.00,         102774980,             38.65,     3970197477.40     
29 JUN 2026,SIGMAADV,BE,SIGMA ADVANCED SYSTEM LTD,Listed    ,29 JUN 2026,              10.00,         176239705,            584.30,   102976859631.50  
29 JUN 2026,SIGNATURE,EQ,SIGNATUREGLOBAL INDIA LTD,Listed    ,29 JUN 2026,               1.00,         140510691,            740.40,   104034115616.40 
29 JUN 2026,SIGNORIA,ST,SIGNORIA CREATION LIMITED,Listed    ,29 JUN 2026,              10.00,           4758000,            111.10,      528613800.00  
29 JUN 2026,SIGNPOST,EQ,SIGNPOST INDIA LIMITED   ,Listed    ,29 JUN 2026,               2.00,          53450000,            247.65,    13236892500.00  
29 JUN 2026,SIKA,EQ,SIKA INTERPLANT SYSTEMS L,Permitted ,29 JUN 2026,               2.00,          21200875,           1047.65,    22211096693.75      
29 JUN 2026,SIKKO,EQ,SIKKO INDUSTRIES LIMITED ,Listed    ,29 JUN 2026,               1.00,         436800000,              3.80,     1655472000.00     
29 JUN 2026,SIL,EQ,STANDARD INDUSTRIES LTD. ,Listed    ,29 JUN 2026,               5.00,          64328941,             15.75,     1013180820.75       
29 JUN 2026,SILGO,EQ,SILGO RETAIL LIMITED     ,Listed    ,29 JUN 2026,              10.00,          39290219,             74.95,     2944409011.85     
29 JUN 2026,SILINV,EQ,SIL INVESTMENTS LIMITED  ,Listed    ,29 JUN 2026,              10.00,          10595860,            422.20,     4473572092.00    
29 JUN 2026,SILKFLEX,ST,SILKFLEX POLYMERS INDIA L,Listed    ,29 JUN 2026,              10.00,          11607000,            210.00,     2437470000.00  
29 JUN 2026,SILKY,SM,SILKY OVERSEAS LIMITED   ,Listed    ,29 JUN 2026,              10.00,           6367623,            104.95,      668282033.85     
29 JUN 2026,SILLYMONKS,EQ,SILLY MONKS ENTERTAIN LTD,Listed    ,29 JUN 2026,              10.00,          12460837,             16.20,      201990167.75
29 JUN 2026,SILVERTUC,EQ,SILVER TOUCH TECHNO LTD  ,Listed    ,29 JUN 2026,               2.00,         126810000,            178.35,    22614027300.00 
29 JUN 2026,SIMBHALS,BZ,SIMBHAOLI SUGARS LTD.    ,Listed    ,29 JUN 2026,              10.00,          41279020,              6.70,      276156643.80  
29 JUN 2026,SIMCA,SM,SIMCA ADVERTISING LIMITED,Listed    ,29 JUN 2026,              10.00,          11971600,            168.75,     2020207500.00     
29 JUN 2026,SIMPLEXINF,EQ,SIMPLEX INFRASTRUCTURES L,Listed    ,29 JUN 2026,               2.00,          79095346,            252.30,    19955755795.80
29 JUN 2026,SINCLAIR,EQ,SINCLAIRS HOTELS LIMITED ,Listed    ,29 JUN 2026,               2.00,          51260000,             75.80,     3884482800.00  
29 JUN 2026,SINDHUTRAD,EQ,SINDHU TRADE LINKS LTD   ,Listed    ,29 JUN 2026,               1.00,        1541928780,             24.65,    38039383002.60
29 JUN 2026,SINGERIND,EQ,SINGER INDIA LIMITED     ,Listed    ,29 JUN 2026,               2.00,          62219117,             72.75,     4525818570.60 
29 JUN 2026,SINTERCOM,EQ,SINTERCOM INDIA LIMITED  ,Listed    ,29 JUN 2026,              10.00,          27527822,             72.85,     2005126554.50 
29 JUN 2026,SIRCA,EQ,SIRCA PAINT INDIA LIMITED,Listed    ,29 JUN 2026,              10.00,          56792800,            406.40,    23080593920.00     
29 JUN 2026,SIS,EQ,SIS LIMITED              ,Listed    ,29 JUN 2026,               5.00,         141272159,            435.85,    61573470500.15       
29 JUN 2026,SITINET,BZ,SITI NETWORKS LIMITED    ,Listed    ,29 JUN 2026,               1.00,         872053848,              0.35,      296498308.30   
29 JUN 2026,SIYSIL,EQ,SIYARAM SILK MILLS LTD   ,Listed    ,29 JUN 2026,               2.00,          45370088,            635.80,    28846301950.40    
29 JUN 2026,SJLOGISTIC,SM,S J LOGISTICS (INDIA) LTD,Listed    ,29 JUN 2026,              10.00,          15293130,            330.70,     5057438091.00
29 JUN 2026,SJS,EQ,SJS ENTERPRISES LIMITED  ,Listed    ,29 JUN 2026,              10.00,          31976279,           2207.20,    70578043008.80       
29 JUN 2026,SJVN,EQ,SJVN LTD                 ,Listed    ,29 JUN 2026,              10.00,        3929795175,             71.80,   282119995613.25      
29 JUN 2026,SKFINDIA,EQ,SKF INDIA LTD            ,Listed    ,29 JUN 2026,              10.00,          49437963,           1655.70,    81854435339.10  
29 JUN 2026,SKFINDUS,EQ,SKF IND (INDUSTRIAL) LTD ,Listed    ,29 JUN 2026,              10.00,          49437963,           2870.10,   141891897606.30  
29 JUN 2026,SKIL,BZ,SKIL INFRASTRUCTURE LTD. ,Listed    ,29 JUN 2026,              10.00,         216571232,              0.90,      190582684.15      
29 JUN 2026,SKIPPER,EQ,SKIPPER LIMITED          ,Listed    ,29 JUN 2026,               1.00,         112904035,            528.55,    59675427699.25   
29 JUN 2026,SKMEGGPROD,EQ,SKM EGG PROD EXPORT(I) LT,Listed    ,29 JUN 2026,               5.00,          52660000,            304.05,    16011273000.00
29 JUN 2026,SKP,SM,SKP BEARING INDUSTRI. LTD,Listed    ,29 JUN 2026,              10.00,          16600000,            153.00,     2539800000.00       
29 JUN 2026,SKYGOLD,EQ,SKY GOLD AND DIAMONDS LTD,Listed    ,29 JUN 2026,              10.00,         154873884,            512.10,    79310915996.40   
29 JUN 2026,SLONE,SM,SLONE INFOSYSTEMS LIMITED,Listed    ,29 JUN 2026,              10.00,           5269013,            146.60,      772437305.80     
29 JUN 2026,SMARTEN,ST,SMARTEN POWER SYSTEMS LTD,Listed    ,29 JUN 2026,              10.00,          19000800,             59.50,     1130547600.00   
29 JUN 2026,SMARTLINK,BE,SMARTLINK HOLDINGS LTD   ,Listed    ,29 JUN 2026,               2.00,           9975000,            171.65,     1712408250.00 
29 JUN 2026,SMARTWORKS,EQ,SMARTWORKS COWORKING SP L,Listed    ,29 JUN 2026,              10.00,         114262076,            492.30,    56251220014.80
29 JUN 2026,SMCGLOBAL,EQ,SMC GLOBAL SECURITIES LTD,Listed    ,29 JUN 2026,               2.00,         209400000,             70.95,    14852742000.00 
29 JUN 2026,SMLMAH,EQ,SML MAHINDRA LIMITED     ,Listed    ,29 JUN 2026,              10.00,          14471646,           4027.20,    58280212771.20    
29 JUN 2026,SMLT,EQ,SARTHAK METALS LIMITED   ,Listed    ,29 JUN 2026,              10.00,          13689750,             68.55,      938569260.00      
29 JUN 2026,SMSPHARMA,EQ,SMS PHARMACEUTICALS LTD. ,Listed    ,29 JUN 2026,               1.00,          93652030,            380.70,    35653327821.00 
29 JUN 2026,SMVD,SM,SMVD POLY PACK LIMITED   ,Listed    ,04 JUN 2026,              10.00,          10030108,             11.55,      115847747.40      
29 JUN 2026,SNEHAA,ST,SNEHAA ORGANICS LIMITED  ,Listed    ,25 JUN 2026,              10.00,          10179000,             44.00,      447876000.00    
29 JUN 2026,SNOWMAN,EQ,SNOWMAN LOGISTICS LTD.   ,Listed    ,29 JUN 2026,              10.00,         167087995,             36.75,     6138812936.30   
29 JUN 2026,SOBHA,EQ,SOBHA LIMITED            ,Listed    ,29 JUN 2026,              10.00,         106932806,           1387.30,   148347881763.80     
29 JUN 2026,SOCL,ST,SUNDREX OIL COMPANY LTD  ,Listed    ,29 JUN 2026,              10.00,          13393552,             25.50,      341535576.00      
29 JUN 2026,SOFTTECH,BE,SOFTTECH ENGINEERS LTD   ,Listed    ,29 JUN 2026,              10.00,          13842138,            435.95,     6034480061.10  
29 JUN 2026,SOLARA,EQ,SOLARA ACTIVE PHA SCI LTD,Listed    ,29 JUN 2026,              10.00,          36172807,            571.70,    20679993761.90    
29 JUN 2026,SOLARINDS,EQ,SOLAR INDUSTRIES (I) LTD ,Listed    ,29 JUN 2026,               2.00,          90490055,          17798.00,  1610541998890.00 
29 JUN 2026,SOLARWORLD,EQ,SOLARWORLD ENERGY SOL LTD,Listed    ,29 JUN 2026,               5.00,          86672654,            181.00,    15688617100.55
29 JUN 2026,SOLEX,EQ,SOLEX ENERGY LIMITED     ,Listed    ,29 JUN 2026,              10.00,          10802489,           1101.70,    11901102131.30     
29 JUN 2026,SOMANYCERA,EQ,SOMANY CERAMICS LIMITED  ,Listed    ,29 JUN 2026,               2.00,          41012806,            517.65,    21230279025.90
29 JUN 2026,SOMATEX,EQ,SOMA TEXTILES & INDUST LT,Listed    ,29 JUN 2026,              10.00,          33033000,             91.15,     3010957950.00   
29 JUN 2026,SOMICONVEY,EQ,SOMI CONVEYOR BELT. LTD. ,Listed    ,29 JUN 2026,              10.00,          11779656,            106.85,     1258656243.60
29 JUN 2026,SONACOMS,EQ,SONA BLW PRECISION FRGS L,Listed    ,29 JUN 2026,              10.00,         621846890,            620.75,   386011456967.50  
29 JUN 2026,SONAL,EQ,SONAL MERCANTILE LTD.    ,Permitted ,29 JUN 2026,              10.00,          14738525,             93.05,     1371419751.25     
29 JUN 2026,SONAMAC,ST,SONA MACHINERY LIMITED   ,Listed    ,29 JUN 2026,              10.00,          13724000,             33.85,      464557400.00   
29 JUN 2026,SONAMLTD,EQ,SONAM LIMITED            ,Listed    ,29 JUN 2026,               5.00,          40032000,             51.45,     2059646400.00  
29 JUN 2026,SONATSOFTW,EQ,SONATA SOFTWARE LTD      ,Listed    ,29 JUN 2026,               1.00,         280424816,            275.20,    77172909363.20
29 JUN 2026,SONUINFRA,ST,SONU INFRATECH LIMITED   ,Listed    ,29 JUN 2026,              10.00,          11764764,             55.00,      647062020.00 
29 JUN 2026,SOTAC,SM,SOTAC PHARMACEUTICALS LTD,Listed    ,24 JUN 2026,              10.00,          11050000,            105.00,     1160250000.00     
29 JUN 2026,SOTL,EQ,SAVITA OIL TECHNOLO. LTD ,Listed    ,29 JUN 2026,               2.00,          68560415,            503.80,    34540737077.00      
29 JUN 2026,SOUTHBANK,EQ,THE SOUTH INDIAN BANK LTD,Listed    ,29 JUN 2026,               1.00,        2617495416,             45.85,   119985989869.45 
29 JUN 2026,SOUTHWEST,EQ,SOUTH WEST PINNACLE LTD  ,Listed    ,29 JUN 2026,              10.00,          29830011,            216.55,     6459688882.05 
29 JUN 2026,SPAL,EQ,S. P. APPARELS LIMITED   ,Listed    ,29 JUN 2026,              10.00,          25092600,           1051.40,    26382359640.00      
29 JUN 2026,SPANDANA,EQ,SPANDANA SPHOORTY FIN LTD,Listed    ,29 JUN 2026,              10.00,          71305144,            263.50,    18788905444.00  
29 JUN 2026,SPARC,EQ,SUN PHARMA ADV.RES.CO.LTD,Listed    ,29 JUN 2026,               1.00,         324499558,            231.20,    75021052814.00     
29 JUN 2026,SPCENET,EQ,SPACENET ENTERS IND LTD  ,Listed    ,29 JUN 2026,               1.00,         567735736,              3.65,     2077912793.75   
29 JUN 2026,SPCL,SM,SHIVALIC POWER CONTROL L ,Listed    ,29 JUN 2026,              10.00,          24115754,             70.50,     1700160657.00      
29 JUN 2026,SPCON,SM,SRINIBAS PRADHAN CONST L ,Listed    ,23 JUN 2026,              10.00,           7860997,            124.50,      978694126.50     
29 JUN 2026,SPEB,ST,SPEB ADHESIVES LIMITED   ,Listed    ,29 JUN 2026,              10.00,          22464570,             89.00,     1999346730.00      
29 JUN 2026,SPECIALITY,EQ,SPECIALITY REST LTD      ,Listed    ,29 JUN 2026,              10.00,          48235657,            133.30,     6430295434.65
29 JUN 2026,SPECTRUM,EQ,SPECTRUM ELECTRIC IND LTD,Listed    ,29 JUN 2026,              10.00,          15713840,           1753.50,    27554218440.00  
29 JUN 2026,SPECTSTM,ST,SPECTRUM TALENT MGMT LTD ,Listed    ,29 JUN 2026,              10.00,          23093096,             56.70,     1309378543.20  
29 JUN 2026,SPENCERS,EQ,SPENCER S RETAIL LIMITED ,Listed    ,29 JUN 2026,               5.00,          90138789,             35.35,     3187307579.05  
29 JUN 2026,SPIC,EQ,SPIC LTD                 ,Listed    ,29 JUN 2026,              10.00,         203640336,             67.60,    13768123116.95      
29 JUN 2026,SPLIL,EQ,SPL INDUSTRIES LIMITED   ,Listed    ,29 JUN 2026,              10.00,          29000004,             30.15,      874640120.65     
29 JUN 2026,SPLPETRO,EQ,SUPREME PETROCHEM LIMITED,Listed    ,29 JUN 2026,               2.00,         188041342,            731.05,   137467623069.10  
29 JUN 2026,SPMLINFRA,EQ,SPML INFRA LIMITED       ,Listed    ,29 JUN 2026,               2.00,          76601335,            197.70,    15142551902.80 
29 JUN 2026,SPORTKING,EQ,SPORTKING INDIA LIMITED  ,Listed    ,29 JUN 2026,               1.00,         132872000,            174.75,    23220710720.00 
29 JUN 2026,SPPPOLY,SM,SPP POLYMER LIMITED      ,Listed    ,25 JUN 2026,              10.00,          15391160,             14.05,      216245798.00   
29 JUN 2026,SPRL,SM,SP REFRACTORIES LIMITED  ,Listed    ,29 JUN 2026,              10.00,           1789500,            115.70,      207045150.00      
29 JUN 2026,SPUNWEB,SM,SPUNWEB NONWOVEN LIMITED ,Listed    ,29 JUN 2026,              10.00,          24103409,            110.55,     2664631864.95   
29 JUN 2026,SRD,EQ,SHANKAR LAL RAMPAL LTD   ,Listed    ,29 JUN 2026,              10.00,          63966780,             40.15,     2566986881.40       
29 JUN 2026,SREEL,EQ,SREELEATHERS LIMITED     ,Listed    ,29 JUN 2026,              10.00,          23155012,            213.10,     4934796157.45     
29 JUN 2026,SRF,EQ,SRF LTD                  ,Listed    ,29 JUN 2026,              10.00,         296424825,           2664.70,   789883231177.50       
29 JUN 2026,SRGHFL,EQ,SRG HOUSING FINANCE L    ,Listed    ,29 JUN 2026,              10.00,          15701838,            295.35,     4637537853.30    
29 JUN 2026,SRHHYPOLTD,EQ,SREE RAYALSEEMA HHP LTD. ,Listed    ,29 JUN 2026,              10.00,          17164821,            482.55,     8282884373.55
29 JUN 2026,SRIVASAVI,SM,SRIVASAVI ADHESIVE TAPE L,Listed    ,29 JUN 2026,              10.00,          14174166,             67.30,      953921371.80 
29 JUN 2026,SRM,EQ,SRM CONTRACTORS LIMITED  ,Listed    ,29 JUN 2026,              10.00,          22944200,            507.05,    11633856610.00       
29 JUN 2026,SRPL,BZ,SHREE RAM PROTEINS LTD.  ,Listed    ,29 JUN 2026,               1.00,         428400000,              0.35,      154224000.00      
29 JUN 2026,SRTL,EQ,SHREE RAM TWISTEX LIMITED,Listed    ,29 JUN 2026,              10.00,          39975000,             40.10,     1602997500.00      
29 JUN 2026,SSDL,EQ,SARASWATI SAREE DEPOT LTD,Listed    ,29 JUN 2026,              10.00,          39599800,             57.40,     2272632522.00      
29 JUN 2026,SSEGL,SM,SATHLOKHAR SYN E&C GLOB L,Listed    ,29 JUN 2026,              10.00,          25978592,            317.40,     8245605100.80     
29 JUN 2026,SSFL,ST,SRIVARI SPICES N FOODS L ,Listed    ,29 JUN 2026,              10.00,           8570400,            267.10,     2289153840.00      
29 JUN 2026,SSWL,EQ,STEEL STRIPS WHEELS LTD. ,Listed    ,29 JUN 2026,               1.00,         157180425,            229.50,    36074479341.75      
29 JUN 2026,STALLION,EQ,STALLION IND FLUOROCHEM L,Listed    ,29 JUN 2026,              10.00,         116085737,            178.90,    20765416634.55  
29 JUN 2026,STANLEY,EQ,STANLEY LIFESTYLES LTD   ,Listed    ,29 JUN 2026,               2.00,          57125663,            150.90,     8620833803.35   
29 JUN 2026,STAR,EQ,STRIDES PHARMA SCI LTD   ,Listed    ,29 JUN 2026,              10.00,          92172714,           1103.40,   101703372627.60      
29 JUN 2026,STARCEMENT,EQ,STAR CEMENT LIMITED      ,Listed    ,29 JUN 2026,               1.00,         412428997,            208.55,    86003818744.40
29 JUN 2026,STARHEALTH,EQ,STAR HEALTH & AL INS CO L,Listed    ,29 JUN 2026,              10.00,         588398801,            584.75,   344066198884.75
29 JUN 2026,STARPAPER,EQ,STAR PAPER MILLS LTD     ,Listed    ,29 JUN 2026,              10.00,          15608350,            136.65,     2132881027.50 
29 JUN 2026,STARTECK,EQ,STARTECK FINANCE LIMITED ,Listed    ,29 JUN 2026,              10.00,           9910330,            284.35,     2818002335.50  
29 JUN 2026,STCINDIA,EQ,THE STATE TRADING CORPN  ,Listed    ,29 JUN 2026,              10.00,          60000000,            128.15,     7687800000.00  
29 JUN 2026,STEELCAS,EQ,STEELCAST LIMITED        ,Listed    ,29 JUN 2026,               1.00,         101200000,            300.35,    30395420000.00  
29 JUN 2026,STEELCITY,EQ,STEEL CITY SECURITIES LTD,Listed    ,29 JUN 2026,              10.00,          15107095,             76.55,     1156448122.25 
29 JUN 2026,STEELXIND,EQ,STEEL EXCHANGE INDIA LTD ,Listed    ,29 JUN 2026,               1.00,        1247220542,             12.60,    15714978829.20 
29 JUN 2026,STEL,EQ,STEL HOLDINGS LIMITED    ,Listed    ,29 JUN 2026,              10.00,          18455405,            572.65,    10568487673.25      
29 JUN 2026,STERTOOLS,BE,STERLING TOOLS LIMITED   ,Listed    ,29 JUN 2026,               2.00,          36344426,            247.65,     8999970210.40 
29 JUN 2026,STLNETWORK,BE,STL NETWORKS LIMITED     ,Listed    ,29 JUN 2026,               2.00,         487986306,             27.25,    13307386564.60
29 JUN 2026,STLTECH,BE,STERLITE TECHNOLOGIES LTD,Listed    ,29 JUN 2026,               2.00,         488132538,            624.55,   304863176607.90   
29 JUN 2026,STOVEKRAFT,EQ,STOVE KRAFT LIMITED      ,Listed    ,29 JUN 2026,              10.00,          33107321,            778.75,    25782326228.75
29 JUN 2026,STRIDERS,SM,STRIDERS IMPEX LIMITED   ,Listed    ,25 JUN 2026,              10.00,          18616880,             55.95,     1041614436.00  
29 JUN 2026,STUDDS,EQ,STUDDS ACCESSORIES LTD   ,Listed    ,29 JUN 2026,               5.00,          39353400,            471.30,    18547257420.00    
29 JUN 2026,STUDIOLSD,ST,STUDIO LSD LIMITED       ,Listed    ,29 JUN 2026,               2.00,          51891755,              9.20,      477404146.00 
29 JUN 2026,STYL,EQ,SESHAASAI TECHNOLOGIES L ,Listed    ,29 JUN 2026,              10.00,         161805826,            312.05,    50491508003.30      
29 JUN 2026,STYLAMIND,EQ,STYLAM INDUSTRIES LIMITED,Listed    ,29 JUN 2026,               5.00,          16948060,           3287.70,    55720136862.00 
29 JUN 2026,STYLEBAAZA,BE,BAAZAR STYLE RETAIL LTD  ,Listed    ,29 JUN 2026,               5.00,          74617353,            265.95,    19844485030.35
29 JUN 2026,STYRENIX,EQ,STYRENIX PERFORMANCE LTD ,Listed    ,29 JUN 2026,              10.00,          17585625,           2274.00,    39989711250.00  
29 JUN 2026,SUBAHOTELS,SM,SUBA HOTELS LIMITED      ,Listed    ,29 JUN 2026,              10.00,          24242516,            115.25,     2793949969.00
29 JUN 2026,SUBEXLTD,BE,SUBEX LTD                ,Listed    ,29 JUN 2026,               5.00,         562002935,             11.30,     6361873224.20  
29 JUN 2026,SUBROS,EQ,SUBROS LIMITED           ,Listed    ,29 JUN 2026,               2.00,          65235750,            815.60,    53206277700.00    
29 JUN 2026,SUDARCOLOR,EQ,SUDARSHAN COLORNT IND LTD,Listed    ,29 JUN 2026,              10.00,          23081798,            355.35,     8202116919.30
29 JUN 2026,SUDARSCHEM,EQ,SUDARSHAN CHEMICAL INDS L,Listed    ,29 JUN 2026,               2.00,          78611936,            880.10,    69186364873.60
29 JUN 2026,SUDEEPPHRM,EQ,SUDEEP PHARMA LIMITED    ,Listed    ,29 JUN 2026,               1.00,         112948625,            821.10,    92742115987.50
29 JUN 2026,SUKHJITS,EQ,SUKHJIT STARCH & CHEM LTD,Listed    ,29 JUN 2026,               5.00,          31244000,            173.70,     5427395240.00  
29 JUN 2026,SULA,EQ,SULA VINEYARDS LIMITED   ,Listed    ,29 JUN 2026,               2.00,          84447229,            153.15,    12933093121.35      
29 JUN 2026,SUMEET-RE,BE,SUMEET INDUSTRIES LTD    ,Permitted ,29 JUN 2026,               2.00,         168413258,              2.75,      466504724.65 
29 JUN 2026,SUMEETINDS,EQ,SUMEET IND LIMITED       ,Listed    ,29 JUN 2026,               2.00,         694749898,             28.45,    19779529596.05
29 JUN 2026,SUMICHEM,EQ,SUMITOMO CHEM INDIA LTD  ,Listed    ,29 JUN 2026,              10.00,         499145736,            419.90,   209591294546.40  
29 JUN 2026,SUMIT,BE,SUMIT WOODS LIMITED      ,Listed    ,29 JUN 2026,              10.00,          47858753,             41.20,     1971302036.05     
29 JUN 2026,SUMMITSEC,EQ,SUMMIT SECURITIES LTD    ,Listed    ,29 JUN 2026,              10.00,          10901781,           1503.50,    16390827733.50 
29 JUN 2026,SUNCLAY,EQ,SUNDARAM CLAYTON LIMITED ,Listed    ,29 JUN 2026,               5.00,          22046162,           1386.80,    30573617461.60   
29 JUN 2026,SUNDARAM,EQ,SUNDARAM MULTI PAP LTD   ,Listed    ,29 JUN 2026,               1.00,         473877773,              1.35,      630257438.10  
29 JUN 2026,SUNDARMFIN,EQ,SUNDARAM FINANCE LTD     ,Listed    ,29 JUN 2026,              10.00,         111103860,           4547.50,   505244803350.00
29 JUN 2026,SUNDRMBRAK,BE,SUNDARAMBRAKE LININGS LTD,Listed    ,29 JUN 2026,              10.00,           3934575,            805.95,     3171070721.25
29 JUN 2026,SUNDRMFAST,EQ,SUNDRAM FASTENERS LTD    ,Listed    ,29 JUN 2026,               1.00,         210128370,            928.80,   195167230056.00
29 JUN 2026,SUNDROP,EQ,SUNDROP BRANDS LIMITED   ,Listed    ,29 JUN 2026,              10.00,          37696853,            646.10,    24355936723.30   
29 JUN 2026,SUNFLAG,EQ,SUNFLAG IRON AND STEEL CO,Listed    ,29 JUN 2026,              10.00,         180219448,            340.95,    61445820795.60   
29 JUN 2026,SUNLITE,ST,SUNLITE RECYCLING IND LTD,Listed    ,29 JUN 2026,              10.00,          13805848,            434.50,     5998640956.00   
29 JUN 2026,SUNPHARMA,EQ,SUN PHARMACEUTICAL IND L ,Listed    ,29 JUN 2026,               1.00,        2399334970,           1874.80,  4498273201756.00 
29 JUN 2026,SUNREST,SM,SUNREST LIFESCIENCE LTD  ,Listed    ,24 JUN 2026,              10.00,           8582400,             35.05,      300813120.00   
29 JUN 2026,SUNTECH,ST,SUNTECH INFRA SOLUTIONS L,Listed    ,29 JUN 2026,              10.00,          19362600,             36.30,      702862380.00   
29 JUN 2026,SUNTECK,EQ,SUNTECK REALTY LIMITED   ,Listed    ,29 JUN 2026,               1.00,         146842025,            315.70,    46358027292.50   
29 JUN 2026,SUNTV,EQ,SUN TV NETWORK LIMITED   ,Listed    ,29 JUN 2026,               5.00,         394084620,            513.65,   202421565063.00     
29 JUN 2026,SUPERHOUSE,EQ,SUPERHOUSE LIMITED       ,Listed    ,29 JUN 2026,              10.00,          11025000,            158.40,     1746249750.00
29 JUN 2026,SUPERSPIN,BE,SUPER SPINNING MILLS LTD ,Listed    ,29 JUN 2026,               1.00,          55000000,              5.75,      315150000.00 
29 JUN 2026,SUPRAJIT,EQ,SUPRAJIT ENGINEERING LTD ,Listed    ,29 JUN 2026,               1.00,         137171147,            459.35,    63009566374.45  
29 JUN 2026,SUPREME,EQ,SUPREME HOLDIN N HOSP I L,Listed    ,29 JUN 2026,              10.00,          38646853,             47.00,     1816788559.55   
29 JUN 2026,SUPREMEENG,BZ,SUPREME ENGINEERING LTD  ,Listed    ,29 JUN 2026,               1.00,         249950000,              1.40,      349930000.00
29 JUN 2026,SUPREMEIND,EQ,SUPREME INDUSTRIES LTD   ,Listed    ,29 JUN 2026,               2.00,         127026870,           3194.00,   405723822780.00
29 JUN 2026,SUPREMEINF,EQ,SUPREME INFRA. LTD.      ,Listed    ,29 JUN 2026,              10.00,          96735760,             71.20,     6887586112.00
29 JUN 2026,SUPREMEPWR,ST,SUPREME POWER EQUIPMENT L,Listed    ,29 JUN 2026,              10.00,          24991135,            250.00,     6247783750.00
29 JUN 2026,SUPRIYA,EQ,SUPRIYA LIFESCIENCE LTD  ,Listed    ,29 JUN 2026,               2.00,          80482800,            970.75,    78128678100.00   
29 JUN 2026,SURAJEST,EQ,SURAJ ESTATE DEVELOPERS L,Listed    ,29 JUN 2026,               5.00,          47773388,            188.10,     8986174282.80  
29 JUN 2026,SURAJLTD,EQ,SURAJ LIMITED            ,Listed    ,29 JUN 2026,              10.00,          18364100,            227.85,     4184260185.00  
29 JUN 2026,SURAKSHA,EQ,SURAKSHA DIAGNOSTIC LTD  ,Listed    ,29 JUN 2026,               2.00,          52080758,            273.30,    14233671161.40  
29 JUN 2026,SURANASOL,EQ,SURANA SOLAR LIMITED     ,Listed    ,29 JUN 2026,               5.00,          49206600,             26.90,     1324641672.00 
29 JUN 2026,SURANAT&P,EQ,SURANA TELECOM AND POW LT,Listed    ,29 JUN 2026,               1.00,         135759963,             19.95,     2711126461.10 
29 JUN 2026,SURANI,ST,SURANI STEEL TUBES LTD.  ,Listed    ,29 JUN 2026,              10.00,          15548036,            107.90,     1677633084.40    
29 JUN 2026,SURYALA,EQ,SURYALATA SPINNING MILL L,Permitted ,29 JUN 2026,              10.00,           4267000,            446.85,     1906708950.00   
29 JUN 2026,SURYALAXMI,EQ,SURYALAKSHMI COT MIL LTD ,Listed    ,29 JUN 2026,              10.00,          18805290,             61.10,     1149191271.90
29 JUN 2026,SURYAROSNI,EQ,SURYA ROSHNI LTD         ,Listed    ,29 JUN 2026,               5.00,         217635896,            257.80,    56106533988.80
29 JUN 2026,SURYODAY,EQ,SURYODAY SMALL FIN BK LTD,Listed    ,29 JUN 2026,              10.00,         106289824,            173.55,    18446598955.20  
29 JUN 2026,SUTLEJTEX,EQ,SUTLEJ TEXT & INDUS LTD  ,Listed    ,29 JUN 2026,               1.00,         163828620,             38.25,     6263168142.60 
29 JUN 2026,SUVEN,EQ,SUVEN LIFE SCIENCES LTD  ,Listed    ,29 JUN 2026,               1.00,         263720583,            277.00,    73050601491.00     
29 JUN 2026,SUVIDHAA,EQ,SUVIDHAA INFOSERVE LTD   ,Listed    ,29 JUN 2026,               1.00,         209806690,              2.75,      572772263.70  
29 JUN 2026,SUYOG,EQ,SUYOG TELEMATICS LIMITED ,Listed    ,29 JUN 2026,              10.00,          11717120,            805.40,     9436968448.00     
29 JUN 2026,SUZLON,EQ,SUZLON ENERGY LIMITED    ,Listed    ,29 JUN 2026,               2.00,       13714633135,             57.20,   784614161653.35    
29 JUN 2026,SVLL,BE,SHREE VASU LOGISTICS LTD ,Listed    ,29 JUN 2026,              10.00,          11493700,            712.15,     8185238455.00      
29 JUN 2026,SVPGLOB,BE,SVP GLOBAL TEXTILES LTD  ,Listed    ,29 JUN 2026,               1.00,         126500000,              3.90,      490820000.00   
29 JUN 2026,SWANCORP,EQ,SWAN CORP LIMITED        ,Listed    ,29 JUN 2026,               1.00,         313456886,            311.55,    97657492833.30  
29 JUN 2026,SWANDEF,BE,SWAN DEFENCE N HEVY IND L,Listed    ,29 JUN 2026,              10.00,          52682150,           2203.80,   116100922170.00   
29 JUN 2026,SWARAJ,SM,SWARAJ SUITING LIMITED   ,Listed    ,29 JUN 2026,              10.00,          25389660,            275.40,     6992312364.00    
29 JUN 2026,SWARAJENG,EQ,SWARAJ ENGINES LTD       ,Listed    ,29 JUN 2026,              10.00,          12149865,           3961.00,    48125615265.00 
29 JUN 2026,SWASTIK,ST,SWASTIK PIPE LIMITED     ,Listed    ,29 JUN 2026,              10.00,          23231460,             17.05,      396096393.00   
29 JUN 2026,SWELECTES,EQ,SWELECT ENERGY SYS LTD   ,Listed    ,29 JUN 2026,              10.00,          15158760,            633.55,     9603832398.00 
29 JUN 2026,SWIGGY,EQ,SWIGGY LIMITED           ,Listed    ,29 JUN 2026,               1.00,        2760313555,            238.75,   659024861256.25    
29 JUN 2026,SWSOLAR,EQ,STRLNG & WIL REN ENE LTD ,Listed    ,29 JUN 2026,               1.00,         233531720,            244.35,    57063475782.00   
29 JUN 2026,SYLVANPLY,SM,SYLVAN PLYBOARD (INDIA) L,Listed    ,29 JUN 2026,              10.00,          19374830,             52.50,     1017178575.00 
29 JUN 2026,SYMPHONY,EQ,SYMPHONY LIMITED         ,Listed    ,29 JUN 2026,               2.00,          68671400,            690.60,    47424468840.00  
29 JUN 2026,SYNCOMF,EQ,SYNCOM FORMU (I) LTD     ,Listed    ,29 JUN 2026,               1.00,         940000000,             13.90,    13084800000.00   
29 JUN 2026,SYNGENE,EQ,SYNGENE INTERNATIONAL LTD,Listed    ,29 JUN 2026,              10.00,         402939420,            434.15,   174936149193.00   
29 JUN 2026,SYNOPTICS,SM,SYNOPTICS TECHNOLOGIES L ,Listed    ,29 JUN 2026,              10.00,           8480000,             69.00,      585120000.00 
29 JUN 2026,SYRMA,EQ,SYRMA SGS TECHNOLOGY LTD ,Listed    ,29 JUN 2026,              10.00,         192830485,           1368.30,   263849952625.50     
29 JUN 2026,SYSTANGO,SM,SYSTANGO TECHNOLOGIES LTD,Listed    ,29 JUN 2026,              10.00,          14668800,            223.95,     3285077760.00  
29 JUN 2026,SYSTMTXC,BE,SYSTEMATIX CORP SERVICE L,Listed    ,29 JUN 2026,               1.00,         136538010,             63.05,     8607356150.40  
29 JUN 2026,TAALTECH,EQ,TAAL TECH LTD.           ,Permitted ,29 JUN 2026,              10.00,           3116342,           3145.20,     9801518858.40  
29 JUN 2026,TAC,SM,TAC INFOSEC LIMITED      ,Listed    ,29 JUN 2026,              10.00,          21026240,            395.00,     8305364800.00       
29 JUN 2026,TAINWALCHM,EQ,TAINWALA CHEMICAL AND PLA,Listed    ,29 JUN 2026,              10.00,           9363863,            195.20,     1827826057.60
29 JUN 2026,TAJGVK,EQ,TAJ GVK HOTELS & RESORTS ,Listed    ,29 JUN 2026,               2.00,          62701495,            326.65,    20481443341.75    
29 JUN 2026,TAKE,BE,TAKE SOLUTIONS LTD       ,Listed    ,29 JUN 2026,               1.00,         147934000,             26.60,     3938003080.00      
29 JUN 2026,TALBROAUTO,EQ,TALBROS AUTO. COMP. LTD  ,Listed    ,29 JUN 2026,               2.00,          61728150,            416.05,    25681996807.50
29 JUN 2026,TAMBOLIIN,EQ,TAMBOLI INDUSTRIES LTD.  ,Permitted ,29 JUN 2026,              10.00,           9920000,            223.00,     2212160000.00 
29 JUN 2026,TANKUP,ST,TANKUP ENGINEERS LIMITED ,Listed    ,29 JUN 2026,              10.00,           5295000,            999.60,     5292882000.00    
29 JUN 2026,TANLA,EQ,TANLA PLATFORMS LIMITED  ,Listed    ,29 JUN 2026,               1.00,         132617359,            530.35,    70333616345.65     
29 JUN 2026,TAPIFRUIT,SM,TAPI FRUIT PROCESSING LTD,Listed    ,24 JUN 2026,              10.00,           4300500,             49.00,      210724500.00 
29 JUN 2026,TARACHAND,EQ,TARA CHAND INFRA SOLN LTD,Listed    ,29 JUN 2026,               2.00,          78824900,             56.35,     4440206617.00 
29 JUN 2026,TARAPUR,EQ,TARAPUR TRANSFORMERS LTD ,Listed    ,29 JUN 2026,              10.00,          19500011,             18.10,      353340199.30   
29 JUN 2026,TARC,EQ,TARC LIMITED             ,Listed    ,29 JUN 2026,               2.00,         295096335,            123.95,    36571288796.55      
29 JUN 2026,TARIL,EQ,TRANS & RECTI. LTD       ,Listed    ,29 JUN 2026,               1.00,         300165834,            332.80,    99895189555.20     
29 JUN 2026,TARMAT,EQ,TARMAT LIMITED           ,Listed    ,29 JUN 2026,              10.00,          25064255,             50.10,     1256220460.60    
29 JUN 2026,TARSONS,EQ,TARSONS PRODUCTS LIMITED ,Listed    ,29 JUN 2026,               2.00,          53206281,            260.05,    13837357499.65   
29 JUN 2026,TASTYBITE,EQ,TASTY BITE EATABLES LTD  ,Listed    ,29 JUN 2026,              10.00,           2566000,           8525.50,    21876433000.00 
29 JUN 2026,TATACAP,EQ,TATA CAPITAL LIMITED     ,Listed    ,29 JUN 2026,              10.00,        4244869037,            369.10,  1566781161556.70   
29 JUN 2026,TATACHEM,EQ,TATA CHEMICALS LTD       ,Listed    ,29 JUN 2026,              10.00,         254756278,            729.65,   185882918242.70  
29 JUN 2026,TATACOMM,EQ,TATA COMMUNICATIONS LTD  ,Listed    ,29 JUN 2026,              10.00,         285000000,           1993.40,   568119000000.00  
29 JUN 2026,TATACONSUM,EQ,TATA CONSUMER PRODUCT LTD,Listed    ,29 JUN 2026,               1.00,         989557956,           1112.80,  1101180093436.80
29 JUN 2026,TATAELXSI,EQ,TATA ELXSI LIMITED       ,Listed    ,29 JUN 2026,              10.00,          62296683,           3980.40,   247965717013.20 
29 JUN 2026,TATAINVEST,EQ,TATA INVESTMENT CORP LTD ,Listed    ,29 JUN 2026,               1.00,         505952960,            666.35,   337141754896.00
29 JUN 2026,TATAPOWER,EQ,TATA POWER CO LTD        ,Listed    ,29 JUN 2026,               1.00,        3195339547,            386.50,  1234998734915.50 
29 JUN 2026,TATASTEEL,EQ,TATA STEEL LIMITED       ,Listed    ,29 JUN 2026,               1.00,       12483527171,            189.55,  2366502245806.45 
29 JUN 2026,TATATECH,EQ,TATA TECHNOLOGIES LIMITED,Listed    ,29 JUN 2026,               2.00,         405979321,            715.00,   290275214515.00  
29 JUN 2026,TATVA,EQ,TATVA CHIN PHARM CHEM LTD,Listed    ,29 JUN 2026,              10.00,          23392055,           1196.00,    27976897780.00     
29 JUN 2026,TAURIAN,SM,TAURIAN MPS LIMITED      ,Listed    ,29 JUN 2026,              10.00,           8883200,            299.50,     2660518400.00   
29 JUN 2026,TBI,SM,TBI CORN LIMITED         ,Listed    ,29 JUN 2026,              10.00,          18158405,             63.50,     1153058717.50       
29 JUN 2026,TBOTEK,EQ,TBO TEK LIMITED          ,Listed    ,29 JUN 2026,               1.00,         108587787,           1439.90,   156355554501.30    
29 JUN 2026,TBZ,EQ,TRIB BHIMJI ZAVERI LTD   ,Listed    ,29 JUN 2026,              10.00,          66730620,            189.20,    12624765997.80       
29 JUN 2026,TCC,EQ,TCC CONCEPT LIMITED      ,Listed    ,29 JUN 2026,              10.00,          47528061,            320.25,    15220861535.25       
29 JUN 2026,TCI,EQ,TRANSPORT CORPN OF INDIA ,Listed    ,29 JUN 2026,               2.00,          76743797,            935.55,    71797659283.35       
29 JUN 2026,TCIEXP,EQ,TCI EXPRESS LIMITED      ,Listed    ,29 JUN 2026,               2.00,          38418990,            515.55,    19806910294.50    
29 JUN 2026,TCIFINANCE,BE,TCIFINANCELTD-ROLL SETT  ,Listed    ,29 JUN 2026,              10.00,          12872493,             17.60,      226684601.75
29 JUN 2026,TCL,SM,THAAI CASTING LIMITED    ,Listed    ,29 JUN 2026,              10.00,          24341437,             98.95,     2408585191.15       
29 JUN 2026,TCPLPACK,EQ,TCPL PACKAGING LIMITED   ,Listed    ,29 JUN 2026,              10.00,           9100000,           2992.40,    27230840000.00  
29 JUN 2026,TCS,EQ,TATA CONSULTANCY SERV LT ,Listed    ,29 JUN 2026,               1.00,        3618087518,           2097.90,  7590385804012.20       
29 JUN 2026,TDPOWERSYS,EQ,TD POWER SYSTEMS LTD.    ,Listed    ,29 JUN 2026,               2.00,         156214830,           1233.00,   192612885390.00
29 JUN 2026,TEAMGTY,EQ,TEAM INDIA GUARANTY LTD  ,Listed    ,29 JUN 2026,              10.00,           8993149,            239.90,     2157456445.10   
29 JUN 2026,TEAMLEASE,EQ,TEAMLEASE SERVICES LTD.  ,Listed    ,29 JUN 2026,              10.00,          16768900,           1447.20,    24267952080.00 
29 JUN 2026,TEAMTECH,SM,TEAMTECH FORMWORK SOL LTD,Listed    ,29 JUN 2026,               5.00,          29976000,            106.35,     3187947600.00  
29 JUN 2026,TECHD,ST,TECHD CYBERSECURITY LTD  ,Listed    ,29 JUN 2026,              10.00,           7479733,            610.25,     4564507063.25     
29 JUN 2026,TECHERA,SM,TECHERA ENGINEER (IND) L ,Listed    ,29 JUN 2026,              10.00,          16520925,            159.85,     2640869861.25   
29 JUN 2026,TECHLABS,ST,TRIDENT TECHLABS LIMITED ,Listed    ,29 JUN 2026,              10.00,          17281064,            112.35,     1941527540.40  
29 JUN 2026,TECHM,EQ,TECH MAHINDRA LIMITED    ,Listed    ,29 JUN 2026,               5.00,         979779691,           1433.80,  1404808120955.80     
29 JUN 2026,TECHNOE,EQ,TECHNO ELEC & ENG CO. LTD,Listed    ,29 JUN 2026,               2.00,         116299574,           1087.30,   126452526810.20   
29 JUN 2026,TECHNVISN,EQ,TECHNVISION VENTURES LTD.,Permitted ,29 JUN 2026,              10.00,           6275000,           4790.00,    30057250000.00 
29 JUN 2026,TECILCHEM,EQ,TECIL CHEMICALS          ,Listed    ,29 JUN 2026,              10.00,          18963700,             10.60,      200635946.00 
29 JUN 2026,TEGA,EQ,TEGA INDUSTRIES LIMITED  ,Listed    ,29 JUN 2026,              10.00,          75127698,           1704.90,   128085212320.20      
29 JUN 2026,TEJASCARGO,SM,TEJAS CARGO INDIA LIMITED,Listed    ,29 JUN 2026,              10.00,          23892840,            390.00,     9318207600.00
29 JUN 2026,TEJASNET,EQ,TEJAS NETWORKS LIMITED   ,Listed    ,29 JUN 2026,              10.00,         177663437,            603.55,   107228767401.35  
29 JUN 2026,TEMBO,EQ,TEMBO GLOBAL IND LTD     ,Listed    ,29 JUN 2026,              10.00,          18545198,            552.20,    10240658335.60     
29 JUN 2026,TENNIND,EQ,TENNECO CLEAN AIR INDIA L,Listed    ,29 JUN 2026,              10.00,         403604309,            580.55,   234312481589.95   
29 JUN 2026,TERASOFT,EQ,TERA SOFTWARE LIMITED    ,Listed    ,29 JUN 2026,              10.00,          12511875,            411.50,     5148636562.50  
29 JUN 2026,TEXINFRA,EQ,TEXMACO INFRA & HOLDG LTD,Listed    ,29 JUN 2026,               1.00,         127426590,            108.60,    13838527674.00  
29 JUN 2026,TEXMOPIPES,EQ,TEXMO PIPE & PRODUCTS LTD,Listed    ,29 JUN 2026,              10.00,          29195000,             46.15,     1346765350.00
29 JUN 2026,TEXRAIL,EQ,TEXMACO RAIL & ENG. LTD. ,Listed    ,29 JUN 2026,               1.00,         406864572,            107.55,    43754216072.90   
29 JUN 2026,TFCILTD,EQ,TOURISM FINANCE CORP. OF ,Listed    ,29 JUN 2026,               2.00,         462977240,             75.55,    34973300709.60   
29 JUN 2026,TFL,EQ,TRANSWARRANTY FIN. LTD.  ,Listed    ,29 JUN 2026,              10.00,          55116194,             12.00,      661394328.00       
29 JUN 2026,TGBHOTELS,EQ,TGB BANQUETS&HOTELS LTD  ,Listed    ,29 JUN 2026,              10.00,          29286400,              9.05,      265041920.00 
29 JUN 2026,TGL,SM,TEERTH GOPICON LIMITED   ,Listed    ,29 JUN 2026,              10.00,          11999600,             16.35,      196193460.00       
29 JUN 2026,THACKER,BE,THACKER & CO. LTD.       ,Permitted ,29 JUN 2026,               1.00,           1087719,           1183.50,     1287315436.50   
29 JUN 2026,THAKDEV,EQ,THAKKERS DEVELOPERS LTD. ,Permitted ,29 JUN 2026,              10.00,           9000000,            123.00,     1107000000.00   
29 JUN 2026,THANGAMAYL,EQ,THANGAMAYIL JEWELLERY LTD,Listed    ,29 JUN 2026,              10.00,          31082021,           5875.10,   182609981577.10
29 JUN 2026,THEINVEST,EQ,THE INVEST TRUST OF IND L,Listed    ,29 JUN 2026,              10.00,          52242217,             93.95,     4907111442.80 
29 JUN 2026,THEJO,EQ,THEJO ENGINEERING LIMITED,Listed    ,29 JUN 2026,              10.00,          10847454,           1823.90,    19784671350.60     
29 JUN 2026,THELEELA,EQ,LEELA PALACES HOTEL LTD  ,Listed    ,29 JUN 2026,              10.00,         333957878,            479.45,   160116104607.10  
29 JUN 2026,THEMISMED,EQ,THEMIS MEDICARE LTD.     ,Listed    ,29 JUN 2026,               1.00,          92100120,            112.50,    10363105502.40 
29 JUN 2026,THERMAX,EQ,THERMAX LTD              ,Listed    ,29 JUN 2026,               2.00,         119156300,           5125.10,   610687953130.00   
29 JUN 2026,THESL,ST,THINKING HATS ENTER SOL L,Listed    ,25 JUN 2026,              10.00,          12487150,             13.00,      162332950.00     
29 JUN 2026,THOMASCOOK,EQ,THOMAS COOK (INDIA) LTD  ,Listed    ,29 JUN 2026,               1.00,         470380562,            108.65,    51102144255.70
29 JUN 2026,THOMASCOTT,EQ,THOMAS SCOTT (INDIA) LTD ,Listed    ,29 JUN 2026,              10.00,          14670380,            322.70,     4734131626.00
29 JUN 2026,THYROCARE,EQ,THYROCARE TECH LTD       ,Listed    ,29 JUN 2026,              10.00,         159165315,            524.40,    83466291186.00 
29 JUN 2026,TI,EQ,TILAKNAGAR INDUSTRIES LTD,Listed    ,29 JUN 2026,              10.00,         246838750,            445.40,   109941979250.00        
29 JUN 2026,TICL,EQ,TWAMEV CONS AND INFRA LTD,Listed    ,29 JUN 2026,               1.00,         155000000,             15.35,     2380800000.00      
29 JUN 2026,TIGERLOGS,BE,TIGER LOGISTICS (INDIA) L,Listed    ,29 JUN 2026,               1.00,         105725000,             36.60,     3867420500.00 
29 JUN 2026,TIIL,EQ,TECHNOCRAFT IND LTD      ,Listed    ,29 JUN 2026,              10.00,          22672798,           2617.40,    59343781485.20      
29 JUN 2026,TIINDIA,EQ,TUBE INVEST OF INDIA LTD ,Listed    ,29 JUN 2026,               1.00,         193544928,           3022.30,   584950835894.40   
29 JUN 2026,TIJARIA,EQ,TIJARIA POLYPIPES LTD    ,Listed    ,29 JUN 2026,              10.00,          28626579,              4.40,      126243213.40   
29 JUN 2026,TIL,EQ,TIL LTD                  ,Listed    ,29 JUN 2026,              10.00,          70352056,            210.55,    14811921870.25       
29 JUN 2026,TIMESCAN,SM,TIMESCAN LOGISTICS IND L ,Listed    ,29 JUN 2026,              10.00,           6988000,             39.95,      279170600.00  
29 JUN 2026,TIMETECHNO,EQ,TIME TECHNOPLAST LTD.    ,Listed    ,29 JUN 2026,               1.00,         493635379,            179.55,    88637168653.25
29 JUN 2026,TIMEX,EQ,TIMEX GROUP INDIA LTD.   ,Permitted ,29 JUN 2026,               1.00,         100950000,            512.15,    51701542500.00     
29 JUN 2026,TIMKEN,EQ,TIMKEN INDIA LTD.        ,Listed    ,29 JUN 2026,              10.00,          75218734,           3490.90,   262581078520.60    
29 JUN 2026,TINNARUBR,EQ,TINNA RUBBER AND INFR LTD,Listed    ,29 JUN 2026,              10.00,          18015757,            931.00,    16772669767.00 
29 JUN 2026,TIPSFILMS,EQ,TIPS FILMS LIMITED       ,Listed    ,29 JUN 2026,              10.00,           4322886,            330.25,     1427633101.50 
29 JUN 2026,TIPSMUSIC,EQ,TIPS MUSIC LIMITED       ,Listed    ,29 JUN 2026,               1.00,         128426590,            624.20,    80163877478.00 
29 JUN 2026,TIRUMALCHM,EQ,THIRUMALAI CHEMICALS LTD ,Listed    ,29 JUN 2026,               1.00,         120552774,            159.70,    19252278007.80
29 JUN 2026,TIRUPATI,SM,SHREE TIRUPATI BALAJEE   ,Listed    ,24 JUN 2026,              10.00,          10130040,            510.00,     5166320400.00  
29 JUN 2026,TIRUPATIFL,EQ,TIRUPATI FORGE LIMITED   ,Listed    ,29 JUN 2026,               2.00,         125530000,             58.00,     7278229400.00
29 JUN 2026,TITAGARH,EQ,TITAGARH RAIL SYSTEMS LTD,Listed    ,29 JUN 2026,               2.00,         134673768,            878.35,   118290704122.80  
29 JUN 2026,TITAN,EQ,TITAN COMPANY LIMITED    ,Listed    ,29 JUN 2026,               1.00,         887786160,           4277.20,  3797238963552.00     
29 JUN 2026,TMB,EQ,TAMILNAD MERCA BANK LTD  ,Listed    ,29 JUN 2026,              10.00,         158351454,            736.95,   116697104025.30       
29 JUN 2026,TMCV,EQ,TATA MOTORS LIMITED      ,Listed    ,29 JUN 2026,               2.00,        3682331373,            423.10,  1557994403916.30      
29 JUN 2026,TMPV,EQ,TATA MOTORS PASS VEH LTD ,Listed    ,29 JUN 2026,               2.00,        3682625572,            345.05,  1270689953618.60      
29 JUN 2026,TNPETRO,EQ,TAMILNADU PETROPRODUCTS L,Listed    ,29 JUN 2026,              10.00,          89971474,             94.50,     8500504863.50   
29 JUN 2026,TNPL,EQ,TAMILNADU NEWSPRT & PAPER,Listed    ,29 JUN 2026,              10.00,          69210600,            145.15,    10046610696.00      
29 JUN 2026,TNTELE,EQ,TAMILNADU TELECOMMUNICATI,Listed    ,29 JUN 2026,              10.00,          45671400,              9.00,      410129172.00    
29 JUN 2026,TOKYOPLAST,BE,TOKYO PLAST  INTL LTD.   ,Listed    ,29 JUN 2026,              10.00,           9501400,             86.50,      821871100.00
29 JUN 2026,TOLINS,EQ,TOLINS TYRES LIMITED     ,Listed    ,29 JUN 2026,               5.00,          39508831,            104.40,     4125117044.70    
29 JUN 2026,TORNTPHARM,EQ,TORRENT PHARMACEUTICALS L,Listed    ,29 JUN 2026,               5.00,         338445440,           4657.60,  1576343481344.00
29 JUN 2026,TORNTPOWER,EQ,TORRENT POWER LTD        ,Listed    ,29 JUN 2026,              10.00,         503903543,           1418.00,   714535223974.00
29 JUN 2026,TOTAL,EQ,TOTAL TRANSPORT SYS LTD  ,Listed    ,29 JUN 2026,              10.00,          16126973,             50.35,      812315630.00     
29 JUN 2026,TOUCHWOOD,EQ,TOUCHWOOD ENTERTAIN LTD. ,Listed    ,29 JUN 2026,              10.00,          11081245,             70.70,      783333209.05 
29 JUN 2026,TPHQ,EQ,TEAMO PRODUCTIONS HQ LTD ,Listed    ,29 JUN 2026,               1.00,        1096219600,              0.50,      526185408.00      
29 JUN 2026,TPLPLASTEH,EQ,TPL PLASTECH LIMITED     ,Listed    ,29 JUN 2026,               2.00,          78003000,             70.70,     5514812100.00
29 JUN 2026,TRACXN,EQ,TRACXN TECHNOLOGIES LTD  ,Listed    ,29 JUN 2026,               1.00,         106736380,             30.00,     3201024036.20    
29 JUN 2026,TRANSPEK,EQ,TRANSPEK INDUSTRY LTD    ,Permitted ,29 JUN 2026,              10.00,           5585569,            998.40,     5576632089.60  
29 JUN 2026,TRANSRAILL,EQ,TRANSRAIL LIGHTING LTD   ,Listed    ,29 JUN 2026,               2.00,         134256025,            518.10,    69558046552.50
29 JUN 2026,TRANSTEEL,SM,TRANSTEEL SEATING TECH L ,Listed    ,29 JUN 2026,              10.00,          22092010,            127.90,     2825568079.00 
29 JUN 2026,TRANSWIND,SM,TRANSWIND INFRA LIMITED  ,Listed    ,29 JUN 2026,              10.00,           7649000,             12.55,       95994950.00 
29 JUN 2026,TRANSWORLD,BE,TRANSWORLD SHIP LINES LTD,Listed    ,29 JUN 2026,              10.00,          21957533,            163.70,     3594887302.75
29 JUN 2026,TRAVELFOOD,EQ,TRAVEL FOOD SERVICES LTD ,Listed    ,29 JUN 2026,               1.00,         131679484,           1313.90,   173013674027.60
29 JUN 2026,TREEHOUSE,EQ,TREE HOUSE EDU LTD       ,Listed    ,29 JUN 2026,              10.00,          42310724,              6.60,      279250778.40 
29 JUN 2026,TREJHARA,EQ,TREJHARA SOLUTIONS LTD   ,Listed    ,29 JUN 2026,              10.00,          23505642,            141.05,     3315940916.95  
29 JUN 2026,TREL,EQ,TRANSINDIA REAL ESTATE L ,Listed    ,29 JUN 2026,               2.00,         245695524,             26.20,     6434765773.55      
29 JUN 2026,TRENT,EQ,TRENT LTD                ,Listed    ,29 JUN 2026,               1.00,         533231192,           3258.30,  1737427192893.60     
29 JUN 2026,TRF,EQ,TRF LIMITED              ,Listed    ,29 JUN 2026,              10.00,          11004412,            237.05,     2608375776.35       
29 JUN 2026,TRIDENT,EQ,TRIDENT LIMITED          ,Listed    ,29 JUN 2026,               1.00,        5095955670,             25.90,   131883332739.60   
29 JUN 2026,TRIDHYA,ST,TRIDHYA TECH LIMITED     ,Listed    ,19 JUN 2026,              10.00,          23288000,             11.75,      273634000.00   
29 JUN 2026,TRIGYN,EQ,TRIGYN TECHNOLOGIES LTD  ,Listed    ,29 JUN 2026,              10.00,          30785736,             50.80,     1563915388.80    
29 JUN 2026,TRITURBINE,EQ,TRIVENI TURBINE LIMITED  ,Listed    ,29 JUN 2026,               1.00,         317892029,            687.40,   218518980734.60
29 JUN 2026,TRIVENI,EQ,TRIVENI ENGG. & INDS. LTD,Listed    ,29 JUN 2026,               1.00,         218897968,            412.30,    90251632206.40   
29 JUN 2026,TROM,ST,TROM INDUSTRIES LIMITED  ,Listed    ,29 JUN 2026,              10.00,           9194866,             62.50,      574679125.00      
29 JUN 2026,TRU,EQ,TRUCAP FINANCE LIMITED   ,Listed    ,29 JUN 2026,               2.00,         118861871,              5.15,      613327254.35       
29 JUN 2026,TRUALT,EQ,TRUALT BIOENERGY LIMITED ,Listed    ,29 JUN 2026,              10.00,          85752591,            459.70,    39420466082.70    
29 JUN 2026,TRUST,SM,TRUST FINTECH LIMITED    ,Listed    ,29 JUN 2026,              10.00,          23825200,             29.45,      701652140.00     
29 JUN 2026,TSC,SM,TSC INDIA LIMITED        ,Listed    ,29 JUN 2026,              10.00,          14048000,             27.80,      390534400.00       
29 JUN 2026,TSFINV,EQ,TSF INVESTMENTS LIMITED  ,Listed    ,29 JUN 2026,               5.00,         222103860,            443.95,    98603008647.00    
29 JUN 2026,TTKHLTCARE,EQ,TTK HEALTHCARE LIMITED   ,Listed    ,29 JUN 2026,              10.00,          14130333,            927.20,    13101644757.60
29 JUN 2026,TTKPRESTIG,EQ,TTK PRESTIGE LTD         ,Listed    ,29 JUN 2026,               1.00,         136950984,            595.75,    81588548718.00
29 JUN 2026,TTL,EQ,T T LIMITED              ,Listed    ,29 JUN 2026,               1.00,         258310944,              6.80,     1759097528.65       
29 JUN 2026,TTML,EQ,TATA TELESERV(MAHARASTRA),Listed    ,29 JUN 2026,              10.00,        1954927727,             42.00,    82126513811.25      
29 JUN 2026,TUNWAL,SM,TUNWAL E-MOTORS LIMITED  ,Listed    ,29 JUN 2026,               2.00,          57692384,             26.80,     1546155891.20    
29 JUN 2026,TURTLEMINT,EQ,TURTLEMINT FINTECH SOLS L,Listed    ,29 JUN 2026,               1.00,         294478906,            135.35,    39863609505.20
29 JUN 2026,TVSELECT,EQ,TVS ELECTRONICS LTD      ,Listed    ,29 JUN 2026,              10.00,          18650318,            508.50,     9483686703.00  
29 JUN 2026,TVSHLTD,EQ,TVS HOLDINGS LIMITED     ,Listed    ,29 JUN 2026,               5.00,          20232104,          13454.00,   272202727216.00   
29 JUN 2026,TVSINVIT,IV,TVS INFRASTRUCTURE TRUST ,Listed    ,09 JUN 2026,             100.00,         197200000,            116.00,    22875200000.00  
29 JUN 2026,TVSMOTOR,EQ,TVS MOTOR COMPANY  LTD   ,Listed    ,29 JUN 2026,               1.00,         475087114,           3456.80,  1642281135675.20  
29 JUN 2026,TVSSCS,EQ,TVS SUPPLY CHAIN SOL L   ,Listed    ,29 JUN 2026,               1.00,         441180027,            131.80,    58151939358.85    
29 JUN 2026,TVSSRICHAK,EQ,TVS SRICHAKRA LIMITED    ,Listed    ,29 JUN 2026,              10.00,           7657050,           4100.80,    31400030640.00
29 JUN 2026,TVTODAY,EQ,TV TODAY NETWORK LTD     ,Listed    ,29 JUN 2026,               5.00,          59668615,            122.05,     7283151146.90   
29 JUN 2026,TVVISION,EQ,TV VISION LIMITED        ,Listed    ,29 JUN 2026,              10.00,          38744500,              5.25,      203408625.00  
29 JUN 2026,UBL,EQ,UNITED BREWERIES LTD     ,Listed    ,29 JUN 2026,               1.00,         264405149,           1322.80,   349755131097.20       
29 JUN 2026,UCAL,EQ,UCAL LIMITED             ,Listed    ,29 JUN 2026,              10.00,          22113625,            121.15,     2679286805.00      
29 JUN 2026,UCL,ST,USHANTI COLOUR CHEM LTD  ,Listed    ,29 JUN 2026,              10.00,          12229700,            195.15,     2386625955.00       
29 JUN 2026,UCOBANK,EQ,UCO BANK                 ,Listed    ,29 JUN 2026,              10.00,       12539558979,             26.80,   335934785047.40   
29 JUN 2026,UDS,EQ,UPDATER SERVICES LIMITED ,Listed    ,29 JUN 2026,              10.00,          66953241,            185.20,    12398401168.40       
29 JUN 2026,UEL,EQ,UJAAS ENERGY LIMITED     ,Listed    ,29 JUN 2026,               1.00,         333397890,            131.20,    43745137146.90       
29 JUN 2026,UFBL,EQ,UNITED FOODBRANDS LIMITED,Listed    ,29 JUN 2026,               5.00,          39086387,            656.35,    25654350107.45      
29 JUN 2026,UFLEX,EQ,UFLEX LIMITED            ,Listed    ,29 JUN 2026,              10.00,          72211486,            418.65,    30231338613.90     
29 JUN 2026,UFO,EQ,UFO MOVIEZ INDIA LTD.    ,Listed    ,29 JUN 2026,              10.00,          38814757,             71.00,     2755847747.00       
29 JUN 2026,UGARSUGAR,EQ,THE UGAR SUGAR WORKS LTD ,Listed    ,29 JUN 2026,               1.00,         112500000,             40.80,     4588875000.00 
29 JUN 2026,UGROCAP,EQ,UGRO CAPITAL LIMITED     ,Listed    ,29 JUN 2026,              10.00,         155095936,             97.20,    15076875938.55   
29 JUN 2026,UHTL,ST,UNITED HEAT TRANSFER LTD ,Listed    ,29 JUN 2026,              10.00,          19004000,            118.40,     2250073600.00      
29 JUN 2026,UJJIVANSFB,EQ,UJJIVAN SMALL FINANC BANK,Listed    ,29 JUN 2026,              10.00,        1942714414,             56.90,   110559877300.75
29 JUN 2026,ULTRACEMCO,EQ,ULTRATECH CEMENT LIMITED ,Listed    ,29 JUN 2026,              10.00,         294679171,          11336.00,  3340483082456.00
29 JUN 2026,ULTRAMAR,EQ,ULTRAMARINE & PIGMENTS L ,Permitted ,29 JUN 2026,               2.00,          29200000,            390.40,    11399680000.00  
29 JUN 2026,UMA,SM,UMA CONVERTER LIMITED    ,Listed    ,16 JUN 2026,              10.00,          20274286,             18.40,      373046862.40       
29 JUN 2026,UMAEXPORTS,BE,UMA EXPORTS LIMITED      ,Listed    ,29 JUN 2026,              10.00,          33809830,             22.40,      757002093.70
29 JUN 2026,UMESLTD,EQ,USHA MARTIN EDU & SOL LTD,Listed    ,29 JUN 2026,               1.00,          26415811,              5.55,      146607751.05   
29 JUN 2026,UMIYA-MRO,EQ,UMIYA BUILDCON LIMITED   ,Listed    ,29 JUN 2026,               5.00,          18684602,             90.70,     1694319709.35 
29 JUN 2026,UNICHEMLAB,EQ,UNICHEM LABORATORIES LTD ,Listed    ,29 JUN 2026,               2.00,          70405750,            452.20,    31837480150.00
29 JUN 2026,UNIDT,BE,UNITED DRILLING TOOLS LTD,Listed    ,29 JUN 2026,              10.00,          20303126,            211.85,     4301014211.85     
29 JUN 2026,UNIECOM,EQ,UNICOMMERCE ESOLUTIONS L ,Listed    ,29 JUN 2026,               1.00,         112379173,             87.45,     9827558678.85   
29 JUN 2026,UNIENTER,EQ,UNIPHOS ENTERPRISES LTD  ,Listed    ,29 JUN 2026,               2.00,          69545849,            107.95,     7508865316.55  
29 JUN 2026,UNIHEALTH,ST,UNIHEALTH HOSPITALS LTD  ,Listed    ,29 JUN 2026,              10.00,          15699952,            599.55,     9412906221.60 
29 JUN 2026,UNIINFO,BE,UNIINFO TELECOM SERVI LTD,Listed    ,29 JUN 2026,              10.00,          10693120,             12.00,      128317440.00   
29 JUN 2026,UNILEX,SM,UNILEX COLOURS AND CHEM L,Listed    ,25 JUN 2026,              10.00,          13617000,             27.85,      379233450.00    
29 JUN 2026,UNIMECH,EQ,UNIMECH AEROSPACE N MFG L,Listed    ,29 JUN 2026,               5.00,          50856883,           1091.40,    55505202106.20   
29 JUN 2026,UNIONBANK,EQ,UNION BANK OF INDIA      ,Listed    ,29 JUN 2026,              10.00,        7633605607,            174.55,  1332522194757.90 
29 JUN 2026,UNIPARTS,EQ,UNIPARTS INDIA LIMITED   ,Listed    ,29 JUN 2026,              10.00,          45134803,            663.80,    29960482231.40  
29 JUN 2026,UNITDSPR,EQ,UNITED SPIRITS LIMITED   ,Listed    ,29 JUN 2026,               2.00,         727350853,           1341.50,   975741169299.50  
29 JUN 2026,UNITECH,EQ,UNITECH LTD              ,Listed    ,29 JUN 2026,               2.00,        2616301047,              4.70,    12348940941.85   
29 JUN 2026,UNITEDPOLY,BE,UNITED POLYFAB GUJ. LTD. ,Listed    ,29 JUN 2026,               1.00,         229515500,             32.15,     7376628170.00
29 JUN 2026,UNITEDTEA,EQ,UNITED NILGIRI TEA LTD   ,Listed    ,29 JUN 2026,              10.00,           4996566,            471.65,     2356630353.90 
29 JUN 2026,UNIVAFOODS,BE,UNIVA FOODS LIMITED      ,Listed    ,29 JUN 2026,              10.00,          14322800,              8.55,      122746396.00
29 JUN 2026,UNIVASTU,EQ,UNIVASTU INDIA LIMITED   ,Listed    ,29 JUN 2026,              10.00,          35986770,             90.40,     3253204008.00  
29 JUN 2026,UNIVCABLES,EQ,UNIVERSAL CABLES LTD     ,Listed    ,29 JUN 2026,              10.00,          31989828,           1223.60,    39142753540.80
29 JUN 2026,UNIVPHOTO,BE,UNIVERSUS IMAGINGS LTD   ,Listed    ,29 JUN 2026,              10.00,          10946604,            357.95,     3918336901.80 
29 JUN 2026,UNOMINDA,EQ,UNO MINDA LIMITED        ,Listed    ,29 JUN 2026,               2.00,         577508066,           1091.30,   630234552425.80  
29 JUN 2026,UPL,EQ,UPL LIMITED              ,Listed    ,29 JUN 2026,               2.00,         844169261,            568.40,   479825807952.40       
29 JUN 2026,URAVIDEF,EQ,URAVI DEFENCE &TECH LTD  ,Listed    ,29 JUN 2026,              10.00,          11400000,            116.00,     1322514000.00  
29 JUN 2026,URBAN,SM,URBAN ENVIRO WASTE MGMT L,Listed    ,29 JUN 2026,              10.00,           8660000,            123.75,     1071675000.00     
29 JUN 2026,URBANCO,EQ,URBAN COMPANY LIMITED    ,Listed    ,29 JUN 2026,               1.00,        1542180603,            131.70,   203136029027.15   
29 JUN 2026,URJA,EQ,URJA GLOBAL LIMITED      ,Listed    ,29 JUN 2026,               1.00,         525453377,              9.50,     4986552547.75      
29 JUN 2026,USASEEDS,SM,UPSURGE SEEDS OF AGRI LTD,Listed    ,18 JUN 2026,              10.00,          10085429,             93.00,      937944897.00  
29 JUN 2026,USHAFIN,SM,USHA FINANCIAL SERVICES L,Listed    ,29 JUN 2026,              10.00,          43475262,             36.35,     1580325773.70   
29 JUN 2026,USHAMART,EQ,USHA MARTIN LTD.         ,Listed    ,29 JUN 2026,               1.00,         304741780,            484.35,   147601681143.00  
29 JUN 2026,USK,EQ,UDAYSHIVAKUMAR INFRA LTD ,Listed    ,29 JUN 2026,              10.00,          55357142,             23.10,     1277642837.35       
29 JUN 2026,UTIAMC,EQ,UTI ASSET MNGMT CO LTD   ,Listed    ,29 JUN 2026,              10.00,         128520036,            926.90,   119125221368.40    
29 JUN 2026,UTKAL,ST,UTKAL SPEC INDUS INDIA L ,Listed    ,29 JUN 2026,              10.00,          19534000,             43.95,      858519300.00     
29 JUN 2026,UTKARSHBNK,EQ,UTKARSH SMALL FIN BANK L ,Listed    ,29 JUN 2026,              10.00,        1779523684,             14.30,    25429393444.35
29 JUN 2026,UTLSOLAR,EQ,FUJIYAMA POWER SYSTEMS L ,Listed    ,29 JUN 2026,               1.00,         306410934,            307.75,    94297964938.50  
29 JUN 2026,UTSSAV,ST,UTSSAV CZ GOLD JEWELS LTD,Listed    ,29 JUN 2026,              10.00,          24148000,            427.45,    10322062600.00    
29 JUN 2026,UTTAMSUGAR,EQ,UTTAM SUGAR MILLS LTD.   ,Listed    ,29 JUN 2026,              10.00,          38138120,            228.70,     8722950806.40
29 JUN 2026,UWCSL,SM,ULTRA WIRING CONN SYS LTD,Listed    ,29 JUN 2026,              10.00,           5203571,            101.75,      529463349.25     
29 JUN 2026,UYFINCORP,EQ,U. Y. FINCORP LIMITED    ,Listed    ,29 JUN 2026,               5.00,         190238329,             14.00,     2661434222.70 
29 JUN 2026,V2RETAIL,EQ,V2 RETAIL LIMITED        ,Listed    ,29 JUN 2026,               1.00,         364637550,            228.15,    83195703408.00  
29 JUN 2026,VADILALIND,EQ,VADILAL INDUSTRIES LTD   ,Listed    ,29 JUN 2026,              10.00,           7187830,           6363.40,    45739037422.00
29 JUN 2026,VAIBHAVGBL,EQ,VAIBHAV GLOBAL LIMITED   ,Listed    ,29 JUN 2026,               2.00,         167067648,            229.80,    38395486863.35
29 JUN 2026,VAISHALI,BE,VAISHALI PHARMA LIMITED  ,Listed    ,29 JUN 2026,               2.00,         130462130,              7.45,      974552111.10  
29 JUN 2026,VAKRANGEE,EQ,VAKRANGEE LIMITED        ,Listed    ,29 JUN 2026,               1.00,        1083191807,              6.10,     6585806186.55 
29 JUN 2026,VALIANTLAB,BE,VALIANT LABORATORIES LTD ,Listed    ,29 JUN 2026,              10.00,          54312500,             66.55,     3615040000.00
29 JUN 2026,VALIANTORG,BE,VALIANT ORGANICS LIMITED ,Listed    ,29 JUN 2026,              10.00,          27614049,            278.95,     7702938968.55
29 JUN 2026,VALUE360,SM,VALUE 360 COMMUNICATION L,Listed    ,29 JUN 2026,              10.00,          16090008,             82.25,     1323403158.00  
29 JUN 2026,VAML,BE,VEDANTA ALUMINIUM METAL L,Listed    ,29 JUN 2026,               1.00,        3910388057,            452.10,  1767847336689.15      
29 JUN 2026,VARDHACRLC,EQ,VARDHAMAN ACRYLICS LTD   ,Listed    ,29 JUN 2026,              10.00,          80363746,             43.75,     3514306612.60
29 JUN 2026,VARDMNPOLY,EQ,VARDHMAN POLYTEX LTD.    ,Listed    ,29 JUN 2026,               1.00,         483019004,              6.75,     3270038657.10
29 JUN 2026,VARROC,EQ,VARROC ENGINEERING LTD.  ,Listed    ,29 JUN 2026,               1.00,         152786400,            618.60,    94513667040.00    
29 JUN 2026,VASA,SM,VASA RETAIL & OVERSEA LTD,Listed    ,08 JUN 2026,              10.00,           5992550,              4.45,       26666847.50      
29 JUN 2026,VASCONEQ,BE,VASCON ENGINEERS LTD     ,Listed    ,29 JUN 2026,              10.00,         228667111,             34.05,     7788401800.65  
29 JUN 2026,VASWANI,EQ,VASWANI IND LTD          ,Listed    ,29 JUN 2026,              10.00,          32946153,             54.60,     1798530492.25   
29 JUN 2026,VBL,EQ,VARUN BEVERAGES LIMITED  ,Listed    ,29 JUN 2026,               2.00,        3382094394,            504.10,  1704913784015.40       
29 JUN 2026,VCL,EQ,VAXTEX COTFAB LIMITED    ,Listed    ,29 JUN 2026,               1.00,         183752220,              1.35,      248065497.00       
29 JUN 2026,VDEAL,SM,VDEAL SYSTEM LIMITED     ,Listed    ,29 JUN 2026,              10.00,           4890460,            155.70,      761444622.00     
29 JUN 2026,VEDL,EQ,VEDANTA LIMITED          ,Listed    ,29 JUN 2026,               1.00,        3910388057,            284.55,  1112700921619.35      
29 JUN 2026,VEDPOWER,BE,VEDANTA POWER LIMITED    ,Listed    ,29 JUN 2026,              10.00,        3910388057,             41.30,   161499026754.10  
29 JUN 2026,VEEDOL,EQ,VEEDOL CORPORATION LTD   ,Listed    ,29 JUN 2026,               2.00,          17424000,           1448.70,    25242148800.00    
29 JUN 2026,VEEKAYEM,ST,VEEKAYEM FASH & APP LTD  ,Listed    ,29 JUN 2026,              10.00,           5875730,            121.80,      715663914.00  
29 JUN 2026,VELJAN,EQ,VELJAN DENISON LTD.      ,Permitted ,29 JUN 2026,              10.00,           4500000,           1193.00,     5368500000.00    
29 JUN 2026,VELS,ST,VELS FILM INTERNATIONAL L,Listed    ,25 JUN 2026,              10.00,          12908000,             69.85,      901623800.00      
29 JUN 2026,VENKEYS,EQ,VENKY S (INDIA) LIMITED  ,Listed    ,29 JUN 2026,              10.00,          14087335,           1425.60,    20082904776.00   
29 JUN 2026,VENTIVE,EQ,VENTIVE HOSPITALITY LTD  ,Listed    ,29 JUN 2026,               1.00,         233541608,            628.80,   146850963110.40   
29 JUN 2026,VENUSPIPES,EQ,VENUS PIPES & TUBES LTD  ,Listed    ,29 JUN 2026,              10.00,          20716110,           1701.20,    35242246332.00
29 JUN 2026,VENUSREM,BE,VENUS REMEDIES LIMITED   ,Listed    ,29 JUN 2026,              10.00,          13366988,           1930.00,    25798286840.00  
29 JUN 2026,VERA,SM,VERA SYNTHETIC LIMITED   ,Listed    ,23 MAR 2026,              10.00,           4935000,             69.00,      340515000.00      
29 JUN 2026,VERANDA,EQ,VERANDA LEARNING SOL LTD ,Listed    ,29 JUN 2026,              10.00,          96169635,            233.55,    22462341646.95   
29 JUN 2026,VERITAAS,SM,VERITAAS ADVERTISING LTD ,Listed    ,24 JUN 2026,              10.00,           2823000,             37.05,      104592150.00  
29 JUN 2026,VERTEXPLUS,SM,VERTEXPLUS TECHNOLOGIES L,Listed    ,29 JUN 2026,              10.00,           5479600,             39.35,      215622260.00
29 JUN 2026,VERTIS,IV,VERTIS INFRASTRUCTURE TST,Listed    ,25 JUN 2026,             100.00,        1509983998,            109.00,   164588255782.00    
29 JUN 2026,VERTOZ,BE,VERTOZ LIMITED           ,Listed    ,29 JUN 2026,              10.00,          85230000,             39.00,     3325674600.00    
29 JUN 2026,VESUVIUS,EQ,VESUVIUS INDIA LTD       ,Listed    ,29 JUN 2026,               1.00,         202960800,            465.05,    94386920040.00  
29 JUN 2026,VETO,BE,VETO SWITCHGEAR CABLE LTD,Listed    ,29 JUN 2026,              10.00,          19114955,            124.90,     2387840178.60      
29 JUN 2026,VGINFOTECH,SM,VIRTUAL GALAXY INFOTECH L,Listed    ,29 JUN 2026,              10.00,          24868635,            140.00,     3481608900.00
29 JUN 2026,VGL,EQ,VARVEE GLOBAL LIMITED    ,Listed    ,29 JUN 2026,               5.00,          51528678,             65.20,     3359669805.60       
29 JUN 2026,VGUARD,EQ,V-GUARD IND LTD.         ,Listed    ,29 JUN 2026,               1.00,         436754526,            303.90,   132729700451.40    
29 JUN 2026,VHL,EQ,VARDHMAN HOLDINGS LIMITED,Listed    ,29 JUN 2026,              10.00,           3183808,           3533.90,    11251259091.20       
29 JUN 2026,VHLTD,BE,VICEROY HOTELS LIMITED   ,Listed    ,29 JUN 2026,              10.00,          67578948,            131.40,     8879873767.20     
29 JUN 2026,VIAZ,SM,VIAZ TYRES LIMITED       ,Listed    ,24 JUN 2026,              10.00,          14307000,             64.90,      928524300.00      
29 JUN 2026,VICTORYEV,ST,VICTORY ELEC VEHICL INT L,Listed    ,29 JUN 2026,               5.00,          24090000,             17.15,      413143500.00 
29 JUN 2026,VIDHIING,EQ,VIDHI SPCLTY F INGRDNTS L,Listed    ,29 JUN 2026,               1.00,          49945000,            282.55,    14111959750.00  
29 JUN 2026,VIDYAWIRES,EQ,VIDYA WIRES LIMITED      ,Listed    ,29 JUN 2026,               1.00,         212692307,            101.60,    21607411468.15
29 JUN 2026,VIESL,SM,VISION INFRA EQUIP SOL L ,Listed    ,29 JUN 2026,              10.00,          24642400,            318.85,     7857229240.00     
29 JUN 2026,VIGOR,ST,VIGOR PLAST INDIA LIMITED,Listed    ,29 JUN 2026,              10.00,          10351700,             99.10,     1025853470.00     
29 JUN 2026,VIJAYA,EQ,VIJAYA DIAGNOSTIC CEN LTD,Listed    ,29 JUN 2026,               1.00,         102896728,           1311.30,   134928479426.40    
29 JUN 2026,VIJAYPD,ST,VIJAYPD CEUTICAL LIMITED ,Listed    ,29 JUN 2026,              10.00,          19528686,             81.00,     1581823566.00   
29 JUN 2026,VIJIFIN,BE,VIJI FINANCE LIMITED     ,Listed    ,29 JUN 2026,               1.00,         142500000,              5.75,      816525000.00   
29 JUN 2026,VIKASECO,EQ,VIKAS ECOTECH LIMITED    ,Listed    ,29 JUN 2026,               1.00,        1768706024,              1.20,     2122447228.80  
29 JUN 2026,VIKASLIFE,EQ,VIKAS LIFECARE LIMITED   ,Listed    ,29 JUN 2026,               1.00,        1857668560,              1.45,     2656466040.80 
29 JUN 2026,VIKRAMSOLR,BE,VIKRAM SOLAR LIMITED     ,Listed    ,29 JUN 2026,              10.00,         362330181,            186.70,    67639798189.10
29 JUN 2026,VIKRAN,EQ,VIKRAN ENGINEERING LTD   ,Listed    ,29 JUN 2026,               1.00,         257911026,             74.45,    19198896775.45    
29 JUN 2026,VILAS,SM,VILAS TRANSCORE LIMITED  ,Listed    ,29 JUN 2026,              10.00,          24480000,            382.95,     9374616000.00     
29 JUN 2026,VILINBIO,ST,VILIN BIO MED LIMITED    ,Listed    ,29 JUN 2026,              10.00,          15250000,             40.05,      610762500.00  
29 JUN 2026,VIMTALABS,EQ,VIMTA LABS LIMITED       ,Listed    ,29 JUN 2026,               2.00,          44669355,            584.20,    26095837191.00 
29 JUN 2026,VINATIORGA,EQ,VINATI ORGANICS LTD      ,Listed    ,29 JUN 2026,               1.00,         103665632,           1326.80,   137543560537.60
29 JUN 2026,VINCOFE,EQ,VINTAGE COFFEE N BVRGS L ,Listed    ,29 JUN 2026,              10.00,         144438409,            150.00,    21662872581.80   
29 JUN 2026,VINDHYATEL,EQ,VINDHYA TELELINKS LTD    ,Listed    ,29 JUN 2026,              10.00,          11850863,           2062.50,    24442404937.50
29 JUN 2026,VINEETLAB,BE,VINEET LABORATORIES LTD  ,Listed    ,29 JUN 2026,              10.00,          19206266,             33.35,      640336908.45 
29 JUN 2026,VINNY,EQ,VINNY OVERSEAS LIMITED   ,Listed    ,29 JUN 2026,               1.00,         465246622,              1.15,      530381149.10     
29 JUN 2026,VINSYS,ST,VINSYS IT SERVICES IND LT,Listed    ,29 JUN 2026,              10.00,          14677927,            457.35,     6712949913.45    
29 JUN 2026,VINYAS,SM,VINYAS INNOVATIVE TECH L ,Listed    ,29 JUN 2026,              10.00,          12584726,           1397.50,    17587154585.00    
29 JUN 2026,VINYLINDIA,EQ,VINYL CHEMICALS (I) LTD. ,Listed    ,29 JUN 2026,               1.00,          18337111,            253.75,     4653041916.25
29 JUN 2026,VIPCLOTHNG,BE,VIP CLOTHING LIMITED     ,Listed    ,29 JUN 2026,               2.00,          90129519,             24.95,     2249632794.25
29 JUN 2026,VIPIND,EQ,VIP INDUSTRIES LTD       ,Listed    ,29 JUN 2026,               2.00,         142051434,            306.30,    43510354234.20    
29 JUN 2026,VIPULLTD,EQ,VIPUL LIMITED            ,Listed    ,29 JUN 2026,               1.00,         140959480,             13.60,     1918458522.80  
29 JUN 2026,VIRINCHI,EQ,VIRINCHI LIMITED         ,Listed    ,29 JUN 2026,              10.00,         107481181,             16.45,     1765915803.85  
29 JUN 2026,VISACHROME,BE,VISA CHROME LIMITED      ,Listed    ,29 JUN 2026,              10.00,         129289500,             40.90,     5285354760.00
29 JUN 2026,VISAKAIND,EQ,VISAKA INDUSTRIES LIMITED,Listed    ,29 JUN 2026,               2.00,          86404760,             76.75,     6629837234.80 
29 JUN 2026,VISAMAN,SM,VISAMAN GLOBAL SALES LTD ,Listed    ,Not Traded ,              10.00,          21271099,            107.60,     2288770252.40   
29 JUN 2026,VISHNU,EQ,VISHNU CHEMICALS LIMITED ,Listed    ,29 JUN 2026,               2.00,          67315284,            603.15,    40601213544.60    
29 JUN 2026,VISHNUINFR,SM,VISHNUSURYA PROJ N INFR L,Listed    ,24 JUN 2026,              10.00,          25925538,            162.00,     4199937156.00
29 JUN 2026,VISHWARAJ,EQ,VISHWARAJ SUGAR IND LTD  ,Listed    ,29 JUN 2026,               2.00,         217827700,              5.45,     1187160965.00 
29 JUN 2026,VISHWAS,ST,VISHWAS AGRI SEEDS LTD   ,Listed    ,29 JUN 2026,              10.00,          10000000,             52.75,      527500000.00   
29 JUN 2026,VISL,BE,VEDANTA IRON AND STEEL L ,Listed    ,29 JUN 2026,               1.00,        3910388057,             32.40,   126774780807.95      
29 JUN 2026,VITAL,BE,VITAL CHEMTECH LIMITED   ,Listed    ,29 JUN 2026,              10.00,          23951100,             52.80,     1264618080.00     
29 JUN 2026,VIVIANA,BE,VIVIANA POWER TECH LTD   ,Listed    ,29 JUN 2026,              10.00,          10124800,            820.20,     8304360960.00   
29 JUN 2026,VIVIDEL,ST,VIVID ELECTROMECH LIMITED,Listed    ,29 JUN 2026,              10.00,           8887800,           1299.85,    11552806830.00   
29 JUN 2026,VIVIDHA,EQ,VISAGAR POLYTEX LTD      ,Listed    ,29 JUN 2026,               1.00,         292700534,              0.55,      155131283.00   
29 JUN 2026,VIVIMEDLAB,BE,VIVIMED LABS LIMITED     ,Listed    ,29 JUN 2026,               2.00,          82913915,              6.00,      496654350.85
29 JUN 2026,VIVO,SM,VIVO COLLAB SOLUTIONS LTD,Listed    ,29 JUN 2026,              10.00,           2015000,             77.35,      155860250.00      
29 JUN 2026,VIYASH,EQ,VIYASH SCIENTIFIC LIMITED,Listed    ,29 JUN 2026,               2.00,         436850810,            269.80,   117862348538.00    
29 JUN 2026,VLEGOV,BE,VL E GOV AND IT SOL LTD  ,Listed    ,29 JUN 2026,              10.00,         108451329,             12.30,     1335035860.00    
29 JUN 2026,VLINFRA,ST,V.L.INFRAPROJECTS LIMITED,Listed    ,29 JUN 2026,              10.00,          15712500,             27.50,      432093750.00   
29 JUN 2026,VLSFINANCE,EQ,VLS FINANCE LTD          ,Listed    ,29 JUN 2026,              10.00,          31378663,            257.25,     8071533483.50
29 JUN 2026,VMARCIND,SM,V MARC INDIA LIMITED     ,Listed    ,29 JUN 2026,              10.00,          24420696,           1546.65,    37770269468.40  
29 JUN 2026,VMART,EQ,VMART RETAIL LTD         ,Listed    ,29 JUN 2026,              10.00,          79458289,            755.40,    60022791510.60     
29 JUN 2026,VMM,EQ,VISHAL MEGA MART LIMITED ,Listed    ,29 JUN 2026,              10.00,        4673117806,            115.80,   541100310756.75       
29 JUN 2026,VMSTMT,BE,VMS TMT LIMITED          ,Listed    ,29 JUN 2026,              10.00,          49631210,             43.80,     2173350685.90    
29 JUN 2026,VOGL,BE,VEDANTA OIL AND GAS LTD  ,Listed    ,29 JUN 2026,               1.00,        3910388057,             33.15,   129707571850.70      
29 JUN 2026,VOLERCAR,SM,VOLER CAR LIMITED        ,Listed    ,29 JUN 2026,              10.00,          11143527,            237.00,     2641015899.00  
29 JUN 2026,VOLTAMP,EQ,VOLTAMP TRANSFORMERS LTD ,Listed    ,29 JUN 2026,              10.00,          10117120,          10080.00,   101980569600.00   
29 JUN 2026,VOLTAS,EQ,VOLTAS LTD               ,Listed    ,29 JUN 2026,               1.00,         330884740,           1295.80,   428760446092.00    
29 JUN 2026,VPRPL,BE,VISHNU PRAKASH R PUNGLI L,Listed    ,29 JUN 2026,              10.00,         124644000,             28.45,     3548614680.00     
29 JUN 2026,VR,SM,V R INFRASPACE LIMITED   ,Listed    ,29 JUN 2026,              10.00,           8880000,            113.15,     1004772000.00        
29 JUN 2026,VRAJ,EQ,VRAJ IRON AND STEEL LTD  ,Listed    ,29 JUN 2026,              10.00,          32982619,            116.80,     3853029551.60      
29 JUN 2026,VRLLOG,EQ,VRL LOGISTICS LIMITED    ,Listed    ,29 JUN 2026,              10.00,         176686990,            234.55,    41443700374.40    
29 JUN 2026,VSCL,ST,VADIVARHE SPCLTY CHEM LTD,Listed    ,29 JUN 2026,              10.00,          12782750,             30.30,      387317325.00      
29 JUN 2026,VSSL,EQ,VARDHMAN SPC STEEL LTD   ,Listed    ,29 JUN 2026,              10.00,          96685678,            278.85,    26960801310.30      
29 JUN 2026,VSTIND,EQ,VST INDUSTRIES LTD       ,Listed    ,29 JUN 2026,              10.00,         169861120,            260.50,    44248821760.00    
29 JUN 2026,VSTL,EQ,VIBHOR STEEL TUBES LTD   ,Listed    ,29 JUN 2026,              10.00,          18962443,            115.25,     2185611180.20      
29 JUN 2026,VSTTILLERS,EQ,VST TILLERS TRACTORS LTD ,Listed    ,29 JUN 2026,              10.00,           8643358,           4451.70,    38477636808.60
29 JUN 2026,VTL,EQ,VARDHMAN TEXTILES LIMITED,Listed    ,29 JUN 2026,               2.00,         289281800,            632.90,   183086451220.00       
29 JUN 2026,WAAREEENER,EQ,WAAREE ENERGIES LIMITED  ,Listed    ,29 JUN 2026,              10.00,         287640905,           2886.10,   830160415920.50
29 JUN 2026,WAAREEINDO,EQ,INDOSOLAR LIMITED        ,Listed    ,29 JUN 2026,              10.00,          41603691,            393.55,    16373132593.05
29 JUN 2026,WAAREERTL,EQ,WAAREE RENEWABLE TECH LTD,Listed    ,29 JUN 2026,               2.00,         104345792,           1013.25,   105728373744.00 
29 JUN 2026,WABAG,EQ,VA TECH WABAG LTD        ,Listed    ,29 JUN 2026,               2.00,          62301508,           1998.10,   124484643134.80     
29 JUN 2026,WAKEFIT,EQ,WAKEFIT INNOVATIONS LTD  ,Listed    ,29 JUN 2026,               1.00,         326828675,            121.95,    39863293489.75   
29 JUN 2026,WALCHANNAG,EQ,WALCHANDNAGAR INDUSTRIES ,Listed    ,29 JUN 2026,               2.00,          67842060,            274.10,    18595508646.00
29 JUN 2026,WALPAR,SM,WALPAR NUTRITIONS LIMITED,Listed    ,29 JUN 2026,              10.00,           9390440,             26.50,      248846660.00    
29 JUN 2026,WANBURY,EQ,WANBURY LIMITED          ,Listed    ,29 JUN 2026,              10.00,          34939398,            281.70,     9842428416.60   
29 JUN 2026,WCIL,EQ,WESTERN CARRIERS (IND) L ,Listed    ,29 JUN 2026,               5.00,         101955213,            100.25,    10223049207.50      
29 JUN 2026,WEALTH,EQ,WEALTH FRST PORT. MG. LTD,Listed    ,29 JUN 2026,              10.00,          10655000,            988.10,    10528205500.00    
29 JUN 2026,WEBELSOLAR,EQ,WEBSOL ENERGY SYSTEM LTD ,Listed    ,29 JUN 2026,               1.00,         422063470,             99.50,    41995315265.00
29 JUN 2026,WEIZMANIND,EQ,WEIZMANN LTD             ,Listed    ,29 JUN 2026,              10.00,          15493852,             84.85,     1314808280.70
29 JUN 2026,WEL,EQ,WONDER ELECTRICALS LTD   ,Listed    ,29 JUN 2026,               1.00,         134008000,             98.95,    13260091600.00       
29 JUN 2026,WELCORP,EQ,WELSPUN CORP LIMITED     ,Listed    ,29 JUN 2026,               5.00,         263790645,           1510.80,   398534906466.00   
29 JUN 2026,WELENT,EQ,WELSPUN ENTERPRISES LTD. ,Listed    ,29 JUN 2026,              10.00,         138413810,            574.15,    79470289011.50    
29 JUN 2026,WELINV,BE,WELSPUN INV & COMM LTD   ,Listed    ,29 JUN 2026,              10.00,           3654476,           1715.00,     6267426340.00    
29 JUN 2026,WELSPLSOL,EQ,WELSPUN SPECIALTY SOL L  ,Permitted ,29 JUN 2026,               6.00,         662611445,             57.55,    38146540888.65 
29 JUN 2026,WELSPUNLIV,EQ,WELSPUN LIVING LIMITED   ,Listed    ,29 JUN 2026,               1.00,         959152514,            162.05,   155421073368.55
29 JUN 2026,WENDT,EQ,WENDT (INDIA) LIMITED    ,Listed    ,29 JUN 2026,              10.00,           2000000,           7886.00,    15772000000.00     
29 JUN 2026,WESTLIFE,EQ,WESTLIFE FOODWORLD LTD   ,Listed    ,29 JUN 2026,               2.00,         155936165,            471.70,    73555089030.50  
29 JUN 2026,WEWIN,BE,WE WIN LIMITED           ,Listed    ,29 JUN 2026,              10.00,          10161000,             48.40,      491894010.00     
29 JUN 2026,WEWORK,EQ,WEWORK INDIA MANAGEMENT L,Listed    ,29 JUN 2026,              10.00,         135378008,            648.75,    87826482690.00    
29 JUN 2026,WHEELS,EQ,WHEELS INDIA LTD         ,Listed    ,29 JUN 2026,              10.00,          24433012,           1772.00,    43295297264.00    
29 JUN 2026,WHIRLPOOL,EQ,WHIRLPOOL OF INDIA LTD   ,Listed    ,29 JUN 2026,              10.00,         126871830,            800.30,   101535525549.00 
29 JUN 2026,WHITEFORCE,ST,HAPPY SQUARE OUTSOURC S L,Listed    ,22 JUN 2026,              10.00,          11600400,             44.60,      517377840.00
29 JUN 2026,WILLAMAGOR,EQ,WILLIAMSON MAGOR         ,Listed    ,29 JUN 2026,              10.00,          10956360,             25.65,      281249761.20
29 JUN 2026,WINDLAS,EQ,WINDLAS BIOTECH LIMITED  ,Listed    ,29 JUN 2026,               5.00,          21106229,            858.85,    18127084776.65   
29 JUN 2026,WINDMACHIN,EQ,WINDSOR MACHINES LIMITED ,Listed    ,29 JUN 2026,               2.00,          87084521,            305.05,    26565133131.05
29 JUN 2026,WINNY,SM,WINNY IMMIGRA & EDU SER L,Listed    ,15 JUN 2026,              10.00,           2170000,             41.25,       89512500.00     
29 JUN 2026,WINSOL,SM,WINSOL ENGINEERS LIMITED ,Listed    ,29 JUN 2026,              10.00,          11535200,            123.25,     1421713400.00    
29 JUN 2026,WINSOME,BZ,WINSOME YARNS LIMITED    ,Listed    ,29 JUN 2026,              10.00,          70707229,              2.35,      164747843.55   
29 JUN 2026,WIPL,EQ,THE WESTERN INDIA PLY LTD,Listed    ,29 JUN 2026,              10.00,           8487340,            175.10,     1486218107.40      
29 JUN 2026,WIPRO,EQ,WIPRO LTD                ,Listed    ,29 JUN 2026,               2.00,       10488124435,            175.50,  1840456075853.80     
29 JUN 2026,WOCKPHARMA,EQ,WOCKHARDT LIMITED        ,Listed    ,29 JUN 2026,               5.00,         162492169,           1949.70,   316810981899.30
29 JUN 2026,WOL3D,ST,WOL 3D INDIA LIMITED     ,Listed    ,29 JUN 2026,              10.00,           6452000,            129.60,      836179200.00     
29 JUN 2026,WOMANCART,SM,WOMANCART LIMITED        ,Listed    ,29 JUN 2026,              10.00,           8212800,            107.45,      882465360.00 
29 JUN 2026,WONDERLA,EQ,WONDERLA HOLIDAYS LTD.   ,Listed    ,29 JUN 2026,              10.00,          63422766,            497.35,    31543312670.10  
29 JUN 2026,WORTHPERI,EQ,WORTH PERIPHERALS LIMITED,Listed    ,29 JUN 2026,              10.00,          15751000,            131.90,     2077714410.00 
29 JUN 2026,WPIL,EQ,W P I L LTD.             ,Permitted ,29 JUN 2026,               1.00,          97670800,            493.05,    48156587940.00      
29 JUN 2026,WSI,EQ,W.S.INDUSTRIES (I) LTD.  ,Listed    ,29 JUN 2026,              10.00,          75861874,             66.35,     5034952577.40       
29 JUN 2026,WSTCSTPAPR,EQ,WEST COAST PAPER MILLS LT,Listed    ,29 JUN 2026,               2.00,          66048908,            516.20,    34094446309.60
29 JUN 2026,WTICAB,SM,WISE TRAVEL INDIA LIMITED,Listed    ,29 JUN 2026,              10.00,          23811837,            110.65,     2634779764.05    
29 JUN 2026,XCHANGING,EQ,XCHANGING SOLUTIONS LTD  ,Listed    ,29 JUN 2026,              10.00,         111403716,             61.55,     6858012756.95 
29 JUN 2026,XELPMOC,EQ,XELPMOC DESIGN & TECH LTD,Listed    ,29 JUN 2026,              10.00,          14759493,             85.00,     1254556905.00   
29 JUN 2026,XPROINDIA,EQ,XPRO INDIA LIMITED       ,Listed    ,29 JUN 2026,              10.00,          23470378,           1364.20,    32018289667.60 
29 JUN 2026,XTGLOBAL,EQ,XTGLOBAL INFOTECH LIMITED,Listed    ,29 JUN 2026,               1.00,         134123705,             29.50,     3957990534.55  
29 JUN 2026,YAAP,ST,YAAP DIGITAL LIMITED     ,Listed    ,29 JUN 2026,              10.00,          20933000,            171.80,     3596289400.00      
29 JUN 2026,YASHO,EQ,YASHO INDUSTRIES LIMITED ,Listed    ,29 JUN 2026,              10.00,          12057095,           2957.90,    35663681300.50     
29 JUN 2026,YASHOPTICS,SM,YASH OPTICS & LENS LTD   ,Listed    ,29 JUN 2026,              10.00,          24765600,            121.95,     3020164920.00
29 JUN 2026,YATHARTH,EQ,YATHARTH HOSP & TRA C S L,Listed    ,29 JUN 2026,              10.00,          96354357,            848.90,    81795213657.30  
29 JUN 2026,YATRA,EQ,YATRA ONLINE LIMITED     ,Listed    ,29 JUN 2026,               1.00,         156916193,            110.15,    17282749497.00     
29 JUN 2026,YCCL,SM,YASONS CHEMEX CARE LTD   ,Listed    ,29 JUN 2026,              10.00,          19303920,              9.55,      184352436.00      
29 JUN 2026,YESBANK,EQ,YES BANK LIMITED         ,Listed    ,29 JUN 2026,               2.00,       31379630807,             25.10,   787314936947.65   
29 JUN 2026,YUDIZ,SM,YUDIZ SOLUTIONS LIMITED  ,Listed    ,29 JUN 2026,              10.00,          10319375,             28.10,      289974437.50     
29 JUN 2026,YUKEN,EQ,YUKEN INDIA LIMITED      ,Listed    ,29 JUN 2026,              10.00,          13584000,            730.05,     9916999200.00     
29 JUN 2026,ZAGGLE,EQ,ZAGGLE PREPA OCEAN SER L ,Listed    ,29 JUN 2026,               1.00,         134458445,            198.60,    26703447177.00    
29 JUN 2026,ZEAL,SM,ZEAL GLOBAL SERVICES LTD ,Listed    ,29 JUN 2026,              10.00,          13309750,             68.00,      905063000.00      
29 JUN 2026,ZEEL,EQ,ZEE ENTERTAINMENT ENT LTD,Listed    ,29 JUN 2026,               1.00,         960519420,            107.30,   103082944154.40      
29 JUN 2026,ZEELEARN,BE,ZEE LEARN LIMITED        ,Listed    ,29 JUN 2026,               1.00,         327062005,              8.50,     2776756422.45  
29 JUN 2026,ZEEMEDIA,EQ,ZEE MEDIA CORPORATION LTD,Listed    ,29 JUN 2026,               1.00,         625428680,              8.10,     5053463734.40  
29 JUN 2026,ZENITHDRUG,SM,ZENITH DRUGS LIMITED     ,Listed    ,29 JUN 2026,              10.00,          17148800,             46.15,      791417120.00
29 JUN 2026,ZENITHEXPO,EQ,ZENITH EXPORTS LTD       ,Listed    ,29 JUN 2026,              10.00,           5396250,            201.00,     1084646250.00
29 JUN 2026,ZENITHSTL,EQ,ZENITH STEEL PIP IND LTD ,Listed    ,29 JUN 2026,              10.00,         142280448,              5.55,      792502095.35 
29 JUN 2026,ZENSARTECH,EQ,ZENSAR TECHNOLOGIES  LTD ,Listed    ,29 JUN 2026,               2.00,         227494454,            433.40,    98596096363.60
29 JUN 2026,ZENTEC,EQ,ZEN TECHNOLOGIES LIMITED ,Listed    ,29 JUN 2026,               1.00,          90290356,           1742.60,   157339974365.60    
29 JUN 2026,ZFCVINDIA,EQ,ZF COM VE CTR SYS IND LTD,Listed    ,29 JUN 2026,               5.00,         113805504,           2686.00,   305681583744.00 
29 JUN 2026,ZFSTEERING,EQ,Z F STEERING GEAR (I) LTD,Permitted ,29 JUN 2026,              10.00,           9073300,            706.15,     6407110795.00
29 JUN 2026,ZIMLAB,BE,ZIM LABORATORIES LIMITED ,Listed    ,29 JUN 2026,              10.00,          53549037,            124.00,     6640080588.00    
29 JUN 2026,ZODIAC,BE,ZODIAC ENERGY LIMITED    ,Listed    ,29 JUN 2026,              10.00,          15123690,            275.70,     4169601333.00    
29 JUN 2026,ZODIACLOTH,EQ,ZODIAC CLOTHING CO. LTD. ,Listed    ,29 JUN 2026,              10.00,          27458131,             82.75,     2272160340.25
29 JUN 2026,ZOTA,EQ,ZOTA HEALTH CARE LIMITED ,Listed    ,29 JUN 2026,              10.00,          34060626,           1396.30,    47558852083.80      
29 JUN 2026,ZSARACOM,EQ,SARASWATI COMM (INDIA) L ,Permitted ,29 JUN 2026,              10.00,           1095928,           9500.00,    10411316000.00  
29 JUN 2026,ZTECH,SM,Z-TECH (INDIA) LIMITED   ,Listed    ,29 JUN 2026,              10.00,          14458248,            616.00,     8906280768.00     
29 JUN 2026,ZUARI,EQ,ZUARI AGRO CHEMICALS LTD ,Listed    ,29 JUN 2026,              10.00,          42058006,            226.35,     9519829658.10     
29 JUN 2026,ZUARIIND,EQ,ZUARI INDUSTRIES LIMITED ,Listed    ,29 JUN 2026,              10.00,          29781184,            254.70,     7585267564.80  
29 JUN 2026,ZYDUSLIFE,EQ,ZYDUS LIFESCIENCES LTD   ,Listed    ,29 JUN 2026,               1.00,        1006233990,           1121.30,  1128290172987.00 
29 JUN 2026,ZYDUSWELL,EQ,ZYDUS WELLNESS LIMITED   ,Listed    ,29 JUN 2026,               2.00,         318160720,            569.45,   181176622004.00 
29 JUN 2026,Listed    ,  ,                         ,          ,           ,               0.00,                 0,              0.00,469820148536647.56
29 JUN 2026,Permitted ,  ,                         ,          ,           ,               0.00,                 0,              0.00,  3098035267475.95
29 JUN 2026,Total     ,  ,                         ,          ,           ,               0.00,                 0,              0.00,472918183804123.50
